/*******************************************************************************
 * Size: 26 px
 * Bpp: 2
 * Opts: --size 26 --bpp 2 --no-compress --format lvgl --font /usr/share/fonts/truetype/noto/NotoMono-Regular.ttf --output normal_2.h --force-fast-kern-format --range 0x20-0x1F470
 ******************************************************************************/

#ifdef LV_LVGL_H_INCLUDE_SIMPLE
#include "lvgl.h"
#else
#include "lvgl/lvgl.h"
#endif

#ifndef NORMAL_2
#define NORMAL_2 1
#endif

#if NORMAL_2

/*-----------------
 *    BITMAPS
 *----------------*/

/*Store the image of the glyphs*/
static LV_ATTRIBUTE_LARGE_CONST const uint8_t glyph_bitmap[] = {
    /* U+0020 " " */

    /* U+0021 "!" */
    0xbc, 0xbc, 0x7c, 0x7c, 0x7c, 0x7c, 0x7c, 0x3c,
    0x3c, 0x3c, 0x38, 0x38, 0x38, 0x0, 0x14, 0xbd,
    0xfd, 0x7c,

    /* U+0022 "\"" */
    0x7e, 0xf, 0xdf, 0x83, 0xf3, 0xd0, 0xfc, 0xf4,
    0x3e, 0x3d, 0xb, 0x8f, 0x2, 0xe2, 0x80, 0x64,

    /* U+0023 "#" */
    0x0, 0xe, 0x2, 0xc0, 0x0, 0x1d, 0x3, 0xc0,
    0x0, 0x2c, 0x3, 0xc0, 0x0, 0x3c, 0x7, 0x80,
    0x0, 0x3c, 0xb, 0x40, 0x1f, 0xff, 0xff, 0xfc,
    0x1a, 0xfe, 0xaf, 0xa8, 0x0, 0xb0, 0xe, 0x0,
    0x0, 0xf0, 0x1e, 0x0, 0x0, 0xf0, 0x1d, 0x0,
    0x0, 0xe0, 0x2c, 0x0, 0x7f, 0xff, 0xff, 0xf0,
    0x6b, 0xfa, 0xfe, 0xa0, 0x3, 0xc0, 0x78, 0x0,
    0x3, 0xc0, 0x74, 0x0, 0x3, 0x80, 0xb0, 0x0,
    0x7, 0x40, 0xf0, 0x0, 0xb, 0x40, 0xf0, 0x0,

    /* U+0024 "$" */
    0x0, 0x38, 0x0, 0x0, 0x38, 0x0, 0x1, 0xbe,
    0x90, 0x1f, 0xff, 0xf8, 0x3e, 0x78, 0x64, 0x7c,
    0x38, 0x0, 0x7c, 0x38, 0x0, 0x7c, 0x38, 0x0,
    0x3f, 0xb8, 0x0, 0xb, 0xfd, 0x0, 0x0, 0xbf,
    0xd0, 0x0, 0x3e, 0xf8, 0x0, 0x38, 0xbc, 0x0,
    0x38, 0x3c, 0x0, 0x38, 0x3c, 0xa0, 0x38, 0xfc,
    0xbf, 0xff, 0xf0, 0x2f, 0xfe, 0x40, 0x0, 0x38,
    0x0, 0x0, 0x38, 0x0, 0x0, 0x38, 0x0,

    /* U+0025 "%" */
    0x1f, 0xe0, 0x3, 0xc0, 0x3e, 0xf8, 0x7, 0x80,
    0xb4, 0x3c, 0xf, 0x0, 0xf0, 0x2d, 0x1e, 0x0,
    0xf0, 0x2d, 0x3c, 0x0, 0xf0, 0x2c, 0x78, 0x0,
    0x78, 0x7c, 0xf0, 0x0, 0x2f, 0xf1, 0xe0, 0x0,
    0x1, 0x3, 0xc0, 0x0, 0x0, 0x7, 0x85, 0x40,
    0x0, 0xf, 0x2f, 0xf4, 0x0, 0x2e, 0x7c, 0x3c,
    0x0, 0x3c, 0xb4, 0x2d, 0x0, 0xb4, 0xf0, 0x1e,
    0x0, 0xf0, 0xf0, 0x1e, 0x2, 0xd0, 0xb4, 0x2d,
    0x3, 0xc0, 0x3d, 0x7c, 0xb, 0x40, 0xb, 0xe0,

    /* U+0026 "&" */
    0x0, 0x7f, 0xe0, 0x0, 0x2, 0xff, 0xfc, 0x0,
    0x7, 0xd0, 0x7d, 0x0, 0x7, 0xc0, 0x2e, 0x0,
    0x7, 0xc0, 0x2e, 0x0, 0x3, 0xc0, 0x3c, 0x0,
    0x2, 0xf1, 0xf4, 0x0, 0x0, 0xff, 0xc0, 0x0,
    0x1, 0xff, 0x0, 0x0, 0xb, 0xef, 0x80, 0x68,
    0x1f, 0x47, 0xd0, 0xf4, 0x3e, 0x1, 0xf5, 0xf0,
    0x3d, 0x0, 0xbf, 0xe0, 0x3d, 0x0, 0x2f, 0xc0,
    0x3e, 0x0, 0x1f, 0xc0, 0x2f, 0x81, 0xbf, 0xe0,
    0xf, 0xff, 0xf5, 0xf4, 0x2, 0xff, 0x40, 0xbc,

    /* U+0027 "'" */
    0xbd, 0xbc, 0xbc, 0x7c, 0x7c, 0x7c, 0x24,

    /* U+0028 "(" */
    0x0, 0xf, 0x40, 0x1f, 0x40, 0xf, 0x40, 0xf,
    0x80, 0x7, 0xc0, 0x3, 0xd0, 0x1, 0xf0, 0x0,
    0xb8, 0x0, 0x3d, 0x0, 0xf, 0x0, 0x3, 0xc0,
    0x0, 0xf0, 0x0, 0x3c, 0x0, 0xf, 0x40, 0x3,
    0xe0, 0x0, 0xbc, 0x0, 0x1f, 0x0, 0x3, 0xe0,
    0x0, 0x7c, 0x0, 0xb, 0xc0, 0x0, 0xb8, 0x0,
    0xb, 0x80, 0x0, 0x64,

    /* U+0029 ")" */
    0x2e, 0x0, 0x2, 0xf0, 0x0, 0x2e, 0x0, 0x3,
    0xd0, 0x0, 0x7c, 0x0, 0xf, 0x80, 0x1, 0xf0,
    0x0, 0x3d, 0x0, 0xf, 0x80, 0x2, 0xe0, 0x0,
    0xbc, 0x0, 0x2f, 0x0, 0xb, 0xc0, 0x2, 0xe0,
    0x0, 0xf4, 0x0, 0x3c, 0x0, 0x2f, 0x0, 0xf,
    0x40, 0xb, 0xc0, 0x7, 0xc0, 0x3, 0xd0, 0x3,
    0xd0, 0x1, 0x80, 0x0,

    /* U+002A "*" */
    0x0, 0x1f, 0x0, 0x0, 0x7, 0xc0, 0x0, 0x1,
    0xf0, 0x0, 0x40, 0x38, 0x0, 0x3f, 0x4e, 0x6f,
    0x8f, 0xff, 0xff, 0xf0, 0x3, 0xf8, 0x0, 0x1,
    0xef, 0x0, 0x0, 0xf2, 0xf0, 0x0, 0xf8, 0x3e,
    0x0, 0x7c, 0xb, 0xc0, 0x1, 0x0, 0x40,

    /* U+002B "+" */
    0x0, 0x9, 0x0, 0x0, 0x3, 0x80, 0x0, 0x0,
    0xe0, 0x0, 0x0, 0x38, 0x0, 0x0, 0xe, 0x0,
    0xf, 0xff, 0xff, 0xe3, 0xff, 0xff, 0xf8, 0x0,
    0x38, 0x0, 0x0, 0xe, 0x0, 0x0, 0x3, 0x80,
    0x0, 0x0, 0xe0, 0x0, 0x0, 0x38, 0x0,

    /* U+002C "," */
    0xf, 0xc3, 0xe1, 0xf4, 0xbc, 0x3e, 0xf, 0x7,
    0x80,

    /* U+002D "-" */
    0x0, 0x0, 0x1f, 0xff, 0xf7, 0xff, 0xfc,

    /* U+002E "." */
    0x0, 0xb, 0xd3, 0xf8, 0xfe, 0x2f, 0x0,

    /* U+002F "/" */
    0x0, 0x0, 0xb8, 0x0, 0x3, 0xc0, 0x0, 0x1f,
    0x0, 0x0, 0xf4, 0x0, 0x7, 0xc0, 0x0, 0x3d,
    0x0, 0x0, 0xf0, 0x0, 0xb, 0x80, 0x0, 0x3c,
    0x0, 0x2, 0xe0, 0x0, 0xf, 0x40, 0x0, 0x7c,
    0x0, 0x3, 0xd0, 0x0, 0x1f, 0x0, 0x0, 0xf4,
    0x0, 0x3, 0xc0, 0x0, 0x2e, 0x0, 0x0, 0xf0,
    0x0, 0x0,

    /* U+0030 "0" */
    0x0, 0xbf, 0x90, 0x0, 0xff, 0xfe, 0x0, 0xfc,
    0x7, 0xd0, 0x7c, 0x0, 0xbc, 0x2e, 0x0, 0xf,
    0xf, 0x40, 0x3, 0xd3, 0xd0, 0x0, 0xf8, 0xf4,
    0x0, 0x2e, 0x3c, 0x0, 0xb, 0x8f, 0x0, 0x2,
    0xe3, 0xd0, 0x0, 0xb8, 0xf4, 0x0, 0x3e, 0x3d,
    0x0, 0xf, 0x4b, 0x80, 0x3, 0xc0, 0xf0, 0x2,
    0xf0, 0x2f, 0x1, 0xf4, 0x3, 0xff, 0xf8, 0x0,
    0x2f, 0xe4, 0x0,

    /* U+0031 "1" */
    0x0, 0x3e, 0x1, 0xfe, 0xb, 0xfe, 0x3f, 0x6e,
    0x1c, 0x2e, 0x0, 0x2e, 0x0, 0x2e, 0x0, 0x2e,
    0x0, 0x2e, 0x0, 0x2e, 0x0, 0x2e, 0x0, 0x2e,
    0x0, 0x2e, 0x0, 0x2e, 0x0, 0x2e, 0x0, 0x2e,
    0x0, 0x2e, 0x0, 0x2e,

    /* U+0032 "2" */
    0x6, 0xfe, 0x40, 0x3f, 0xff, 0xe0, 0x7d, 0x2,
    0xf4, 0x10, 0x0, 0xf8, 0x0, 0x0, 0xbc, 0x0,
    0x0, 0xb8, 0x0, 0x0, 0xf8, 0x0, 0x1, 0xf0,
    0x0, 0x3, 0xe0, 0x0, 0xb, 0xc0, 0x0, 0x2f,
    0x0, 0x0, 0xbc, 0x0, 0x2, 0xf0, 0x0, 0xb,
    0xc0, 0x0, 0x2f, 0x0, 0x0, 0x7d, 0x0, 0x0,
    0xff, 0xff, 0xfe, 0xff, 0xff, 0xfe,

    /* U+0033 "3" */
    0x2, 0xff, 0x90, 0xb, 0xff, 0xfe, 0x2, 0xd0,
    0xb, 0xd0, 0x0, 0x0, 0xb8, 0x0, 0x0, 0x2f,
    0x0, 0x0, 0xf, 0x80, 0x0, 0x1f, 0xc0, 0x7,
    0xff, 0xd0, 0x2, 0xff, 0x80, 0x0, 0x0, 0x6e,
    0x0, 0x0, 0x2, 0xe0, 0x0, 0x0, 0x3c, 0x0,
    0x0, 0xf, 0x40, 0x0, 0x3, 0xd0, 0x0, 0x2,
    0xf1, 0xd0, 0x2, 0xf8, 0x7f, 0xff, 0xf8, 0x6,
    0xff, 0xe4, 0x0,

    /* U+0034 "4" */
    0x0, 0x0, 0x3e, 0x0, 0x0, 0x3, 0xf8, 0x0,
    0x0, 0x2f, 0xe0, 0x0, 0x1, 0xfb, 0x80, 0x0,
    0xf, 0x6e, 0x0, 0x0, 0xb8, 0xb8, 0x0, 0x7,
    0xc2, 0xe0, 0x0, 0x3c, 0xb, 0x80, 0x2, 0xd0,
    0x2e, 0x0, 0x1e, 0x0, 0xb8, 0x0, 0xf0, 0x2,
    0xe0, 0xf, 0x40, 0xb, 0x80, 0x3f, 0xff, 0xff,
    0xf4, 0xff, 0xff, 0xff, 0xd0, 0x0, 0x2, 0xe0,
    0x0, 0x0, 0xb, 0x80, 0x0, 0x0, 0x2e, 0x0,
    0x0, 0x0, 0xb8, 0x0,

    /* U+0035 "5" */
    0x3f, 0xff, 0xf0, 0x3f, 0xff, 0xf0, 0x3d, 0x0,
    0x0, 0x3c, 0x0, 0x0, 0x3c, 0x0, 0x0, 0x3c,
    0x0, 0x0, 0x7e, 0xfe, 0x0, 0x7f, 0xff, 0xe0,
    0x0, 0x6, 0xf8, 0x0, 0x0, 0xbc, 0x0, 0x0,
    0x3d, 0x0, 0x0, 0x3d, 0x0, 0x0, 0x3d, 0x0,
    0x0, 0x3c, 0x0, 0x0, 0xbc, 0xe0, 0x2, 0xf4,
    0xff, 0xff, 0xd0, 0x2f, 0xfe, 0x0,

    /* U+0036 "6" */
    0x0, 0x1b, 0xfc, 0x0, 0x3f, 0xff, 0x40, 0x3f,
    0x40, 0x0, 0x2f, 0x0, 0x0, 0xf, 0x0, 0x0,
    0x7, 0xc0, 0x0, 0x2, 0xe1, 0xb9, 0x0, 0xf7,
    0xff, 0xf0, 0x3f, 0xd0, 0x7f, 0xf, 0xc0, 0x3,
    0xd3, 0xd0, 0x0, 0xf8, 0xf4, 0x0, 0x2e, 0x3d,
    0x0, 0xb, 0x8b, 0x80, 0x3, 0xd1, 0xf0, 0x1,
    0xf0, 0x2f, 0x41, 0xf8, 0x3, 0xff, 0xfc, 0x0,
    0x1f, 0xf4, 0x0,

    /* U+0037 "7" */
    0x3f, 0xff, 0xff, 0xcf, 0xff, 0xff, 0xe0, 0x0,
    0x0, 0xf4, 0x0, 0x0, 0x7c, 0x0, 0x0, 0x2e,
    0x0, 0x0, 0xf, 0x0, 0x0, 0xb, 0x80, 0x0,
    0x3, 0xd0, 0x0, 0x1, 0xf0, 0x0, 0x0, 0xf4,
    0x0, 0x0, 0x7c, 0x0, 0x0, 0x3e, 0x0, 0x0,
    0x1f, 0x0, 0x0, 0xb, 0x80, 0x0, 0x3, 0xc0,
    0x0, 0x2, 0xf0, 0x0, 0x0, 0xf4, 0x0, 0x0,
    0xbc, 0x0, 0x0,

    /* U+0038 "8" */
    0x0, 0xbf, 0xd0, 0x1, 0xff, 0xff, 0x0, 0xf8,
    0x7, 0xe0, 0x7c, 0x0, 0x7c, 0x1f, 0x0, 0x1f,
    0x3, 0xc0, 0x7, 0xc0, 0xb8, 0x3, 0xd0, 0xf,
    0x87, 0xd0, 0x0, 0xff, 0xc0, 0x0, 0xf8, 0xbd,
    0x0, 0xf4, 0x3, 0xd0, 0xb8, 0x0, 0x3c, 0x3d,
    0x0, 0xb, 0x4f, 0x40, 0x2, 0xe3, 0xe0, 0x0,
    0xf4, 0x7d, 0x0, 0xfc, 0xb, 0xff, 0xfc, 0x0,
    0x6f, 0xf8, 0x0,

    /* U+0039 "9" */
    0x0, 0xbf, 0x80, 0x1, 0xff, 0xfd, 0x0, 0xf8,
    0x7, 0xd0, 0xb8, 0x0, 0x7c, 0x3d, 0x0, 0xf,
    0xf, 0x0, 0x2, 0xd3, 0xd0, 0x0, 0xb8, 0xf8,
    0x0, 0x3e, 0x1f, 0x80, 0x7f, 0x82, 0xff, 0xf7,
    0xe0, 0xa, 0xa0, 0xf4, 0x0, 0x0, 0x3d, 0x0,
    0x0, 0x1f, 0x0, 0x0, 0xf, 0x80, 0x0, 0x7,
    0xc0, 0x0, 0xb, 0xe0, 0xb, 0xff, 0xd0, 0x2,
    0xff, 0x80, 0x0,

    /* U+003A ":" */
    0x7c, 0xfd, 0xbd, 0x14, 0x0, 0x0, 0x0, 0x0,
    0x0, 0x0, 0x14, 0xbd, 0xfd, 0x7c,

    /* U+003B ";" */
    0x1f, 0xb, 0xd2, 0xf4, 0x14, 0x0, 0x0, 0x0,
    0x0, 0x0, 0x0, 0x0, 0x0, 0x0, 0xbc, 0x3f,
    0xf, 0x43, 0xc1, 0xe0, 0xb4, 0x4, 0x0,

    /* U+003C "<" */
    0x0, 0x0, 0x0, 0x0, 0x0, 0x1, 0xe0, 0x0,
    0x7, 0xf8, 0x0, 0x1f, 0xe0, 0x0, 0x7f, 0x80,
    0x1, 0xfe, 0x0, 0x3, 0xf8, 0x0, 0x0, 0xfe,
    0x0, 0x0, 0x7, 0xf8, 0x0, 0x0, 0x1f, 0xe4,
    0x0, 0x0, 0x7f, 0xd0, 0x0, 0x0, 0xbe, 0x0,
    0x0, 0x2, 0x80, 0x0, 0x0, 0x0,

    /* U+003D "=" */
    0x3f, 0xff, 0xff, 0x8f, 0xff, 0xff, 0xe0, 0x0,
    0x0, 0x0, 0x0, 0x0, 0x0, 0x0, 0x0, 0x0,
    0xf, 0xff, 0xff, 0xe3, 0xff, 0xff, 0xf8,

    /* U+003E ">" */
    0x0, 0x0, 0x0, 0xe, 0x0, 0x0, 0x3, 0xf8,
    0x0, 0x0, 0x1f, 0xe0, 0x0, 0x0, 0x7f, 0x80,
    0x0, 0x1, 0xfe, 0x40, 0x0, 0x2, 0xf8, 0x0,
    0x1, 0xfd, 0x0, 0x7, 0xf8, 0x0, 0x1f, 0xe0,
    0x0, 0xbf, 0x80, 0x0, 0xfe, 0x0, 0x0, 0x34,
    0x0, 0x0, 0x0, 0x0, 0x0, 0x0,

    /* U+003F "?" */
    0x1b, 0xff, 0x80, 0xbf, 0xff, 0xf4, 0x79, 0x1,
    0xfc, 0x0, 0x0, 0x3d, 0x0, 0x0, 0x3d, 0x0,
    0x0, 0x3d, 0x0, 0x0, 0xbc, 0x0, 0x2, 0xf0,
    0x0, 0xf, 0xc0, 0x0, 0x3e, 0x0, 0x0, 0xf8,
    0x0, 0x0, 0xf0, 0x0, 0x0, 0xa0, 0x0, 0x0,
    0x0, 0x0, 0x0, 0x50, 0x0, 0x1, 0xf4, 0x0,
    0x2, 0xf8, 0x0, 0x0, 0xf0, 0x0,

    /* U+0040 "@" */
    0x0, 0x1f, 0xf8, 0x0, 0x1, 0xff, 0xbf, 0x40,
    0x3, 0xd0, 0x3, 0xd0, 0xf, 0x0, 0x0, 0xf0,
    0x1d, 0xb, 0xf9, 0x78, 0x3c, 0x3f, 0xbe, 0x3c,
    0x38, 0x78, 0x1d, 0x2c, 0x74, 0xf4, 0x2d, 0x2c,
    0xb4, 0xf0, 0x2d, 0x2c, 0xb0, 0xf0, 0x2d, 0x2c,
    0xb0, 0xf0, 0x3d, 0x2c, 0xb4, 0xf0, 0x3d, 0x3c,
    0x74, 0xb8, 0xbe, 0x38, 0x38, 0x3f, 0xd7, 0xf0,
    0x3c, 0xa, 0x41, 0x80, 0x2e, 0x0, 0x0, 0x0,
    0xf, 0x40, 0x0, 0x0, 0x3, 0xe4, 0x2, 0xc0,
    0x0, 0xff, 0xff, 0xc0, 0x0, 0xa, 0xa8, 0x0,

    /* U+0041 "A" */
    0x0, 0xb, 0xc0, 0x0, 0x0, 0xf, 0xe0, 0x0,
    0x0, 0x1f, 0xf0, 0x0, 0x0, 0x2d, 0xf0, 0x0,
    0x0, 0x3c, 0xb8, 0x0, 0x0, 0x7c, 0x7c, 0x0,
    0x0, 0xb8, 0x3d, 0x0, 0x0, 0xf0, 0x2e, 0x0,
    0x1, 0xf0, 0x1f, 0x0, 0x2, 0xe0, 0xf, 0x40,
    0x3, 0xff, 0xff, 0x80, 0x7, 0xff, 0xff, 0xc0,
    0xb, 0x80, 0x3, 0xd0, 0xf, 0x0, 0x2, 0xe0,
    0x1f, 0x0, 0x1, 0xf0, 0x2e, 0x0, 0x0, 0xf4,
    0x3d, 0x0, 0x0, 0xb8, 0x7c, 0x0, 0x0, 0x7c,

    /* U+0042 "B" */
    0x7f, 0xff, 0xe4, 0x7, 0xff, 0xff, 0xf0, 0x7c,
    0x0, 0x2f, 0x87, 0xc0, 0x0, 0xfc, 0x7c, 0x0,
    0xb, 0xc7, 0xc0, 0x0, 0xf8, 0x7c, 0x0, 0x2f,
    0x7, 0xff, 0xff, 0x80, 0x7f, 0xff, 0xf8, 0x7,
    0xc0, 0x2, 0xf4, 0x7c, 0x0, 0xb, 0xc7, 0xc0,
    0x0, 0x3d, 0x7c, 0x0, 0x3, 0xd7, 0xc0, 0x0,
    0x3d, 0x7c, 0x0, 0xb, 0xc7, 0xc0, 0x2, 0xf8,
    0x7f, 0xff, 0xfe, 0x7, 0xff, 0xfe, 0x40,

    /* U+0043 "C" */
    0x0, 0x1b, 0xff, 0x80, 0xf, 0xff, 0xff, 0x3,
    0xf9, 0x1, 0xc0, 0xfd, 0x0, 0x0, 0x1f, 0x40,
    0x0, 0x3, 0xf0, 0x0, 0x0, 0x3d, 0x0, 0x0,
    0x7, 0xd0, 0x0, 0x0, 0x7c, 0x0, 0x0, 0x7,
    0xc0, 0x0, 0x0, 0x7c, 0x0, 0x0, 0x3, 0xd0,
    0x0, 0x0, 0x3e, 0x0, 0x0, 0x2, 0xf0, 0x0,
    0x0, 0xf, 0xc0, 0x0, 0x0, 0x7f, 0x80, 0x18,
    0x1, 0xff, 0xff, 0xd0, 0x1, 0xff, 0xe4,

    /* U+0044 "D" */
    0x7f, 0xfe, 0x40, 0x7, 0xff, 0xff, 0x40, 0x7c,
    0x1, 0xfd, 0x7, 0xc0, 0x2, 0xf0, 0x7c, 0x0,
    0xf, 0x87, 0xc0, 0x0, 0x7c, 0x7c, 0x0, 0x3,
    0xd7, 0xc0, 0x0, 0x3d, 0x7c, 0x0, 0x3, 0xe7,
    0xc0, 0x0, 0x3e, 0x7c, 0x0, 0x3, 0xd7, 0xc0,
    0x0, 0x7d, 0x7c, 0x0, 0xb, 0xc7, 0xc0, 0x0,
    0xf8, 0x7c, 0x0, 0x3f, 0x7, 0xc0, 0x6f, 0xd0,
    0x7f, 0xff, 0xf0, 0x7, 0xff, 0xe4, 0x0,

    /* U+0045 "E" */
    0x7f, 0xff, 0xfd, 0x7f, 0xff, 0xfd, 0x7c, 0x0,
    0x0, 0x7c, 0x0, 0x0, 0x7c, 0x0, 0x0, 0x7c,
    0x0, 0x0, 0x7c, 0x0, 0x0, 0x7f, 0xff, 0xfc,
    0x7f, 0xff, 0xfc, 0x7c, 0x0, 0x0, 0x7c, 0x0,
    0x0, 0x7c, 0x0, 0x0, 0x7c, 0x0, 0x0, 0x7c,
    0x0, 0x0, 0x7c, 0x0, 0x0, 0x7c, 0x0, 0x0,
    0x7f, 0xff, 0xfd, 0x7f, 0xff, 0xfd,

    /* U+0046 "F" */
    0xff, 0xff, 0xff, 0xff, 0xff, 0xff, 0x40, 0x0,
    0x3d, 0x0, 0x0, 0xf4, 0x0, 0x3, 0xd0, 0x0,
    0xf, 0x40, 0x0, 0x3d, 0x0, 0x0, 0xff, 0xff,
    0xf7, 0xff, 0xff, 0xdf, 0x40, 0x0, 0x3d, 0x0,
    0x0, 0xf4, 0x0, 0x3, 0xd0, 0x0, 0xf, 0x40,
    0x0, 0x3d, 0x0, 0x0, 0xf4, 0x0, 0x3, 0xd0,
    0x0, 0x0,

    /* U+0047 "G" */
    0x0, 0x2f, 0xf9, 0x0, 0x7f, 0xff, 0xd0, 0xbf,
    0x40, 0xb0, 0x3e, 0x0, 0x0, 0x2f, 0x0, 0x0,
    0xf, 0x80, 0x0, 0x7, 0xc0, 0x0, 0x1, 0xf0,
    0x0, 0x0, 0x7c, 0x1, 0xff, 0xdf, 0x0, 0x7f,
    0xf7, 0xc0, 0x0, 0x7d, 0xf0, 0x0, 0x1f, 0x3d,
    0x0, 0x7, 0xcf, 0xc0, 0x1, 0xf1, 0xf4, 0x0,
    0x7c, 0x2f, 0x90, 0x2f, 0x2, 0xff, 0xff, 0xc0,
    0x1b, 0xfe, 0x40,

    /* U+0048 "H" */
    0x7c, 0x0, 0x7, 0xdf, 0x0, 0x1, 0xf7, 0xc0,
    0x0, 0x7d, 0xf0, 0x0, 0x1f, 0x7c, 0x0, 0x7,
    0xdf, 0x0, 0x1, 0xf7, 0xc0, 0x0, 0x7d, 0xff,
    0xff, 0xff, 0x7f, 0xff, 0xff, 0xdf, 0x0, 0x2,
    0xf7, 0xc0, 0x0, 0x7d, 0xf0, 0x0, 0x1f, 0x7c,
    0x0, 0x7, 0xdf, 0x0, 0x1, 0xf7, 0xc0, 0x0,
    0x7d, 0xf0, 0x0, 0x1f, 0x7c, 0x0, 0x7, 0xdf,
    0x0, 0x1, 0xf0,

    /* U+0049 "I" */
    0x3f, 0xff, 0xf8, 0xab, 0xfa, 0x90, 0x7, 0xc0,
    0x0, 0x1f, 0x0, 0x0, 0x7c, 0x0, 0x1, 0xf0,
    0x0, 0x7, 0xc0, 0x0, 0x1f, 0x0, 0x0, 0x7c,
    0x0, 0x1, 0xf0, 0x0, 0x7, 0xc0, 0x0, 0x1f,
    0x0, 0x0, 0x7c, 0x0, 0x1, 0xf0, 0x0, 0x7,
    0xc0, 0x0, 0x1f, 0x0, 0x2a, 0xfe, 0xa4, 0xff,
    0xff, 0xe0,

    /* U+004A "J" */
    0x0, 0x0, 0x3d, 0x0, 0x0, 0x3d, 0x0, 0x0,
    0x3d, 0x0, 0x0, 0x3d, 0x0, 0x0, 0x3d, 0x0,
    0x0, 0x3d, 0x0, 0x0, 0x3d, 0x0, 0x0, 0x3d,
    0x0, 0x0, 0x3d, 0x0, 0x0, 0x3d, 0x0, 0x0,
    0x3d, 0x0, 0x0, 0x3d, 0x0, 0x0, 0x3d, 0x0,
    0x0, 0x3d, 0x0, 0x0, 0xbc, 0x24, 0x7, 0xf4,
    0x7f, 0xff, 0xe0, 0x2f, 0xfe, 0x0,

    /* U+004B "K" */
    0x7c, 0x0, 0xf, 0x87, 0xc0, 0x3, 0xe0, 0x7c,
    0x0, 0xbc, 0x7, 0xc0, 0x2f, 0x0, 0x7c, 0x7,
    0xc0, 0x7, 0xc1, 0xf4, 0x0, 0x7c, 0x3d, 0x0,
    0x7, 0xcf, 0x80, 0x0, 0x7e, 0xfc, 0x0, 0x7,
    0xfb, 0xd0, 0x0, 0x7d, 0x1f, 0x0, 0x7, 0xc0,
    0xfc, 0x0, 0x7c, 0x3, 0xd0, 0x7, 0xc0, 0x1f,
    0x0, 0x7c, 0x0, 0xfc, 0x7, 0xc0, 0x3, 0xe0,
    0x7c, 0x0, 0x1f, 0x7, 0xc0, 0x0, 0xfc,

    /* U+004C "L" */
    0x3d, 0x0, 0x0, 0x3d, 0x0, 0x0, 0x3d, 0x0,
    0x0, 0x3d, 0x0, 0x0, 0x3d, 0x0, 0x0, 0x3d,
    0x0, 0x0, 0x3d, 0x0, 0x0, 0x3d, 0x0, 0x0,
    0x3d, 0x0, 0x0, 0x3d, 0x0, 0x0, 0x3d, 0x0,
    0x0, 0x3d, 0x0, 0x0, 0x3d, 0x0, 0x0, 0x3d,
    0x0, 0x0, 0x3d, 0x0, 0x0, 0x3d, 0x0, 0x0,
    0x3f, 0xff, 0xfd, 0x3f, 0xff, 0xfd,

    /* U+004D "M" */
    0xbe, 0x0, 0xf, 0xcb, 0xf0, 0x1, 0xfc, 0xbf,
    0x0, 0x2f, 0xcb, 0xb4, 0x3, 0xec, 0xbb, 0x80,
    0x3e, 0xcb, 0x7c, 0x3, 0xac, 0xb7, 0xc0, 0x77,
    0xcb, 0x6c, 0xb, 0x3c, 0xb5, 0xd0, 0xf3, 0xcb,
    0x4e, 0xe, 0x3c, 0xb4, 0xf1, 0xd3, 0xcb, 0x4b,
    0x2c, 0x3c, 0xb4, 0x76, 0xc3, 0xcb, 0x47, 0x78,
    0x3c, 0xb4, 0x3f, 0x83, 0xcb, 0x43, 0xf4, 0x3c,
    0xb4, 0x2f, 0x3, 0xcb, 0x41, 0xf0, 0x3c,

    /* U+004E "N" */
    0x7e, 0x0, 0x7, 0xdf, 0xc0, 0x1, 0xf7, 0xf8,
    0x0, 0x7d, 0xff, 0x0, 0x1f, 0x7e, 0xe0, 0x7,
    0xdf, 0x3c, 0x1, 0xf7, 0xcb, 0x80, 0x7d, 0xf0,
    0xf0, 0x1f, 0x7c, 0x2e, 0x7, 0xdf, 0x3, 0xc1,
    0xf7, 0xc0, 0xb8, 0x7d, 0xf0, 0xf, 0x1f, 0x7c,
    0x2, 0xe7, 0xdf, 0x0, 0x3d, 0xf7, 0xc0, 0xb,
    0xfd, 0xf0, 0x0, 0xff, 0x7c, 0x0, 0x2f, 0xdf,
    0x0, 0x3, 0xf0,

    /* U+004F "O" */
    0x0, 0xbf, 0xd0, 0x0, 0x7f, 0xff, 0xc0, 0x1f,
    0xd0, 0x7f, 0x3, 0xf0, 0x0, 0xf4, 0x7d, 0x0,
    0xb, 0xcb, 0xc0, 0x0, 0x7c, 0xfc, 0x0, 0x3,
    0xdf, 0x80, 0x0, 0x3d, 0xf8, 0x0, 0x3, 0xef,
    0x80, 0x0, 0x3e, 0xf8, 0x0, 0x3, 0xdf, 0xc0,
    0x0, 0x3d, 0xbc, 0x0, 0x7, 0xc7, 0xd0, 0x0,
    0xbc, 0x3f, 0x0, 0xf, 0x41, 0xfd, 0x7, 0xf0,
    0xb, 0xff, 0xfc, 0x0, 0xb, 0xfd, 0x0,

    /* U+0050 "P" */
    0xff, 0xff, 0x80, 0xff, 0xff, 0xf4, 0xf8, 0x1,
    0xfc, 0xf8, 0x0, 0x3e, 0xf8, 0x0, 0x2f, 0xf8,
    0x0, 0x2f, 0xf8, 0x0, 0x2f, 0xf8, 0x0, 0x3d,
    0xf8, 0x1, 0xfc, 0xff, 0xff, 0xf0, 0xff, 0xfe,
    0x40, 0xf8, 0x0, 0x0, 0xf8, 0x0, 0x0, 0xf8,
    0x0, 0x0, 0xf8, 0x0, 0x0, 0xf8, 0x0, 0x0,
    0xf8, 0x0, 0x0, 0xf8, 0x0, 0x0,

    /* U+0051 "Q" */
    0x0, 0xbf, 0xd0, 0x0, 0x7f, 0xff, 0xc0, 0x1f,
    0xd0, 0x7f, 0x3, 0xf0, 0x0, 0xf4, 0x7d, 0x0,
    0xb, 0xcb, 0xc0, 0x0, 0x7c, 0xfc, 0x0, 0x3,
    0xdf, 0x80, 0x0, 0x3d, 0xf8, 0x0, 0x3, 0xef,
    0x80, 0x0, 0x3e, 0xf8, 0x0, 0x3, 0xdf, 0xc0,
    0x0, 0x3d, 0xbc, 0x0, 0x7, 0xc7, 0xd0, 0x0,
    0xbc, 0x3f, 0x0, 0xf, 0x81, 0xfd, 0x7, 0xf0,
    0xb, 0xff, 0xfc, 0x0, 0xb, 0xff, 0x0, 0x0,
    0x0, 0xf8, 0x0, 0x0, 0x7, 0xd0, 0x0, 0x0,
    0x2f, 0x80, 0x0, 0x0, 0xbc, 0x0, 0x0, 0x2,
    0x40,

    /* U+0052 "R" */
    0xbf, 0xfe, 0x40, 0x2f, 0xff, 0xfc, 0xb, 0x80,
    0x1f, 0xc2, 0xe0, 0x1, 0xf4, 0xb8, 0x0, 0x3d,
    0x2e, 0x0, 0xf, 0x4b, 0x80, 0x7, 0xc2, 0xe0,
    0x7, 0xe0, 0xbf, 0xff, 0xe0, 0x2f, 0xff, 0xc0,
    0xb, 0x80, 0xf4, 0x2, 0xe0, 0x2f, 0x0, 0xb8,
    0x3, 0xe0, 0x2e, 0x0, 0x7c, 0xb, 0x80, 0xf,
    0xc2, 0xe0, 0x1, 0xf4, 0xb8, 0x0, 0x2f, 0x2e,
    0x0, 0x3, 0xe0,

    /* U+0053 "S" */
    0x1, 0xbf, 0xf9, 0x2, 0xff, 0xff, 0xc1, 0xf8,
    0x1, 0xa0, 0xf8, 0x0, 0x0, 0x3d, 0x0, 0x0,
    0xf, 0x80, 0x0, 0x2, 0xf4, 0x0, 0x0, 0x3f,
    0x90, 0x0, 0x2, 0xff, 0x80, 0x0, 0x7, 0xfe,
    0x0, 0x0, 0xb, 0xf0, 0x0, 0x0, 0x3d, 0x0,
    0x0, 0xb, 0x80, 0x0, 0x2, 0xf0, 0x0, 0x0,
    0xf8, 0xd4, 0x1, 0xfc, 0x3f, 0xff, 0xfd, 0x6,
    0xff, 0xf4, 0x0,

    /* U+0054 "T" */
    0xbf, 0xff, 0xff, 0xdb, 0xff, 0xff, 0xfd, 0x0,
    0x1f, 0x0, 0x0, 0x1, 0xf0, 0x0, 0x0, 0x1f,
    0x0, 0x0, 0x1, 0xf0, 0x0, 0x0, 0x1f, 0x0,
    0x0, 0x1, 0xf0, 0x0, 0x0, 0x1f, 0x0, 0x0,
    0x1, 0xf0, 0x0, 0x0, 0x1f, 0x0, 0x0, 0x1,
    0xf0, 0x0, 0x0, 0x1f, 0x0, 0x0, 0x1, 0xf0,
    0x0, 0x0, 0x1f, 0x0, 0x0, 0x1, 0xf0, 0x0,
    0x0, 0x1f, 0x0, 0x0, 0x1, 0xf0, 0x0,

    /* U+0055 "U" */
    0x7c, 0x0, 0x7, 0xc7, 0xc0, 0x0, 0x7c, 0x7c,
    0x0, 0x7, 0xc7, 0xc0, 0x0, 0x7c, 0x7c, 0x0,
    0x7, 0xc7, 0xc0, 0x0, 0x7c, 0x7c, 0x0, 0x7,
    0xc7, 0xc0, 0x0, 0x7c, 0x7c, 0x0, 0x7, 0xc7,
    0xc0, 0x0, 0x7c, 0x7c, 0x0, 0x7, 0xc7, 0xc0,
    0x0, 0x7c, 0x7c, 0x0, 0x7, 0xc3, 0xd0, 0x0,
    0xbc, 0x3e, 0x0, 0xf, 0x81, 0xf8, 0x7, 0xf0,
    0xb, 0xff, 0xfc, 0x0, 0x1b, 0xfe, 0x0,

    /* U+0056 "V" */
    0x7c, 0x0, 0x0, 0xbc, 0x3d, 0x0, 0x0, 0xf8,
    0x2e, 0x0, 0x0, 0xf4, 0x1f, 0x0, 0x1, 0xf0,
    0xf, 0x40, 0x3, 0xe0, 0xb, 0x80, 0x3, 0xd0,
    0x7, 0xc0, 0x7, 0xc0, 0x3, 0xd0, 0xf, 0x80,
    0x2, 0xe0, 0xf, 0x40, 0x1, 0xf0, 0x1f, 0x0,
    0x0, 0xf4, 0x3e, 0x0, 0x0, 0xb8, 0x3c, 0x0,
    0x0, 0x7c, 0x7c, 0x0, 0x0, 0x3d, 0xb8, 0x0,
    0x0, 0x2e, 0xf0, 0x0, 0x0, 0x1f, 0xf0, 0x0,
    0x0, 0xf, 0xd0, 0x0, 0x0, 0xb, 0xc0, 0x0,

    /* U+0057 "W" */
    0xf4, 0x0, 0x0, 0x2e, 0xf4, 0x0, 0x0, 0x2d,
    0xb8, 0x0, 0x0, 0x3c, 0x78, 0x0, 0x0, 0x3c,
    0x7c, 0x0, 0x0, 0x3c, 0x3c, 0x1, 0x40, 0x3c,
    0x3c, 0xb, 0xc0, 0x78, 0x3c, 0xf, 0xe0, 0x78,
    0x3d, 0xe, 0xf0, 0xb4, 0x2d, 0x1d, 0xb0, 0xb4,
    0x1e, 0x2c, 0x74, 0xb0, 0x1e, 0x3c, 0x38, 0xf0,
    0xf, 0x38, 0x3c, 0xf0, 0xf, 0x74, 0x2d, 0xf0,
    0xf, 0xb0, 0x1e, 0xe0, 0xf, 0xe0, 0xf, 0xe0,
    0xb, 0xd0, 0xb, 0xd0, 0x7, 0xc0, 0x7, 0xd0,

    /* U+0058 "X" */
    0x2f, 0x0, 0x1, 0xf0, 0x3e, 0x0, 0xf, 0x80,
    0x7c, 0x0, 0xbc, 0x0, 0xf8, 0x3, 0xd0, 0x0,
    0xf4, 0x2e, 0x0, 0x2, 0xf1, 0xf0, 0x0, 0x3,
    0xef, 0x40, 0x0, 0x7, 0xf8, 0x0, 0x0, 0xb,
    0xd0, 0x0, 0x0, 0x3f, 0x80, 0x0, 0x2, 0xef,
    0x40, 0x0, 0x1f, 0x2f, 0x0, 0x0, 0xf4, 0x3e,
    0x0, 0xb, 0x80, 0x7c, 0x0, 0x3c, 0x0, 0xfc,
    0x3, 0xe0, 0x0, 0xf4, 0x1f, 0x0, 0x2, 0xf0,
    0xf4, 0x0, 0x3, 0xe0,

    /* U+0059 "Y" */
    0x7d, 0x0, 0x0, 0xbc, 0x2f, 0x0, 0x0, 0xf4,
    0xf, 0x40, 0x2, 0xe0, 0xb, 0xc0, 0x3, 0xc0,
    0x3, 0xd0, 0xb, 0x80, 0x2, 0xf0, 0x1f, 0x0,
    0x0, 0xf4, 0x3e, 0x0, 0x0, 0x7c, 0x7c, 0x0,
    0x0, 0x3d, 0xf4, 0x0, 0x0, 0x1f, 0xf0, 0x0,
    0x0, 0xb, 0xd0, 0x0, 0x0, 0x7, 0xc0, 0x0,
    0x0, 0x7, 0xc0, 0x0, 0x0, 0x7, 0xc0, 0x0,
    0x0, 0x7, 0xc0, 0x0, 0x0, 0x7, 0xc0, 0x0,
    0x0, 0x7, 0xc0, 0x0, 0x0, 0x7, 0xc0, 0x0,

    /* U+005A "Z" */
    0x7f, 0xff, 0xff, 0xc7, 0xff, 0xff, 0xfc, 0x0,
    0x0, 0xf, 0x80, 0x0, 0x2, 0xf0, 0x0, 0x0,
    0x7c, 0x0, 0x0, 0xf, 0x40, 0x0, 0x3, 0xe0,
    0x0, 0x0, 0xbc, 0x0, 0x0, 0xf, 0x40, 0x0,
    0x3, 0xe0, 0x0, 0x0, 0xbc, 0x0, 0x0, 0x1f,
    0x0, 0x0, 0x3, 0xd0, 0x0, 0x0, 0xf8, 0x0,
    0x0, 0x2f, 0x0, 0x0, 0x3, 0xd0, 0x0, 0x0,
    0xbf, 0xff, 0xff, 0xdb, 0xff, 0xff, 0xfd,

    /* U+005B "[" */
    0xff, 0xff, 0xff, 0xff, 0x80, 0x3e, 0x0, 0xf8,
    0x3, 0xe0, 0xf, 0x80, 0x3e, 0x0, 0xf8, 0x3,
    0xe0, 0xf, 0x80, 0x3e, 0x0, 0xf8, 0x3, 0xe0,
    0xf, 0x80, 0x3e, 0x0, 0xf8, 0x3, 0xe0, 0xf,
    0x80, 0x3e, 0x0, 0xff, 0xff, 0xff, 0xf0,

    /* U+005C "\\" */
    0x3c, 0x0, 0x0, 0xb8, 0x0, 0x0, 0xf0, 0x0,
    0x3, 0xd0, 0x0, 0x7, 0xc0, 0x0, 0xf, 0x40,
    0x0, 0x1f, 0x0, 0x0, 0x3d, 0x0, 0x0, 0xb8,
    0x0, 0x0, 0xf0, 0x0, 0x2, 0xe0, 0x0, 0x3,
    0xc0, 0x0, 0xf, 0x40, 0x0, 0x1f, 0x0, 0x0,
    0x3d, 0x0, 0x0, 0x7c, 0x0, 0x0, 0xf0, 0x0,
    0x2, 0xe0,

    /* U+005D "]" */
    0x7f, 0xfd, 0x7f, 0xfd, 0x0, 0x3d, 0x0, 0x3d,
    0x0, 0x3d, 0x0, 0x3d, 0x0, 0x3d, 0x0, 0x3d,
    0x0, 0x3d, 0x0, 0x3d, 0x0, 0x3d, 0x0, 0x3d,
    0x0, 0x3d, 0x0, 0x3d, 0x0, 0x3d, 0x0, 0x3d,
    0x0, 0x3d, 0x0, 0x3d, 0x0, 0x3d, 0x0, 0x3d,
    0x7f, 0xfd, 0x7f, 0xfd,

    /* U+005E "^" */
    0x0, 0x8, 0x0, 0x0, 0x2, 0xe0, 0x0, 0x0,
    0x3f, 0x0, 0x0, 0xb, 0x78, 0x0, 0x0, 0xe2,
    0xc0, 0x0, 0x2d, 0xe, 0x0, 0x3, 0xc0, 0xb4,
    0x0, 0x74, 0x3, 0xc0, 0xf, 0x0, 0x2d, 0x1,
    0xe0, 0x0, 0xf0, 0x3c, 0x0, 0xb, 0x47, 0x80,
    0x0, 0x3c,

    /* U+005F "_" */
    0x3f, 0xff, 0xff, 0xff, 0x8f, 0xff, 0xff, 0xff,
    0xf0,

    /* U+0060 "`" */
    0x7d, 0x2, 0xf0, 0xf, 0x80, 0x2c,

    /* U+0061 "a" */
    0x1, 0xff, 0xe0, 0x3, 0xff, 0xff, 0x0, 0x90,
    0x7, 0xe0, 0x0, 0x0, 0x7c, 0x0, 0x0, 0x1f,
    0x0, 0x15, 0xab, 0xc0, 0xbf, 0xff, 0xf0, 0xbe,
    0x0, 0x7c, 0x3d, 0x0, 0x1f, 0x1f, 0x0, 0x7,
    0xc3, 0xc0, 0x3, 0xf0, 0xf8, 0x3, 0xfc, 0x1f,
    0xff, 0xcf, 0x1, 0xff, 0x83, 0xc0,

    /* U+0062 "b" */
    0xf4, 0x0, 0x0, 0xf4, 0x0, 0x0, 0xf4, 0x0,
    0x0, 0xf4, 0x0, 0x0, 0xf4, 0x0, 0x0, 0xf4,
    0xbf, 0x80, 0xf7, 0xff, 0xf0, 0xfe, 0x0, 0xfc,
    0xfc, 0x0, 0x3d, 0xf8, 0x0, 0x3e, 0xf4, 0x0,
    0x2f, 0xf4, 0x0, 0x2f, 0xf4, 0x0, 0x2f, 0xf4,
    0x0, 0x2f, 0xf8, 0x0, 0x3e, 0xfc, 0x0, 0x3d,
    0xfe, 0x0, 0xfc, 0xfb, 0xff, 0xf0, 0xf0, 0xbf,
    0x80,

    /* U+0063 "c" */
    0x0, 0xbf, 0xf8, 0xb, 0xff, 0xfc, 0x2f, 0x90,
    0x18, 0x3e, 0x0, 0x0, 0x7c, 0x0, 0x0, 0xb8,
    0x0, 0x0, 0xf8, 0x0, 0x0, 0xf8, 0x0, 0x0,
    0xb8, 0x0, 0x0, 0x7c, 0x0, 0x0, 0x3e, 0x0,
    0x0, 0x2f, 0x80, 0x18, 0xb, 0xff, 0xfc, 0x0,
    0xbf, 0xe4,

    /* U+0064 "d" */
    0x0, 0x0, 0xb, 0x80, 0x0, 0x2, 0xe0, 0x0,
    0x0, 0xb8, 0x0, 0x0, 0x2e, 0x0, 0x0, 0xb,
    0x80, 0x6f, 0xd2, 0xe0, 0x7f, 0xff, 0xb8, 0x3e,
    0x1, 0xfe, 0x2f, 0x0, 0x1f, 0x8f, 0x40, 0x3,
    0xe3, 0xc0, 0x0, 0xf8, 0xf0, 0x0, 0x2e, 0x3c,
    0x0, 0xb, 0x8f, 0x0, 0x3, 0xe3, 0xd0, 0x0,
    0xf8, 0xbc, 0x0, 0x7e, 0xf, 0x80, 0x7f, 0x81,
    0xff, 0xfe, 0xe0, 0x1b, 0xf8, 0x78,

    /* U+0065 "e" */
    0x0, 0xbf, 0xe0, 0x0, 0xff, 0xff, 0x40, 0xf8,
    0x2, 0xf0, 0xb8, 0x0, 0x3e, 0x3d, 0x0, 0xb,
    0xcf, 0xff, 0xff, 0xf7, 0xff, 0xff, 0xfd, 0xf0,
    0x0, 0x0, 0x3d, 0x0, 0x0, 0xf, 0x80, 0x0,
    0x2, 0xf0, 0x0, 0x0, 0x3f, 0x40, 0x18, 0x3,
    0xff, 0xff, 0x0, 0x1b, 0xfe, 0x40,

    /* U+0066 "f" */
    0x0, 0x6, 0xff, 0x80, 0x1, 0xff, 0xfc, 0x0,
    0x3f, 0x0, 0x0, 0x3, 0xd0, 0x0, 0x0, 0x3d,
    0x0, 0x2, 0xff, 0xff, 0xf4, 0x2a, 0xbf, 0xaa,
    0x0, 0x3, 0xd0, 0x0, 0x0, 0x3d, 0x0, 0x0,
    0x3, 0xd0, 0x0, 0x0, 0x3d, 0x0, 0x0, 0x3,
    0xd0, 0x0, 0x0, 0x3d, 0x0, 0x0, 0x3, 0xd0,
    0x0, 0x0, 0x3d, 0x0, 0x0, 0x3, 0xd0, 0x0,
    0x0, 0x3d, 0x0, 0x0, 0x3, 0xd0, 0x0, 0x0,
    0x3d, 0x0, 0x0,

    /* U+0067 "g" */
    0x1, 0xbf, 0xff, 0xd0, 0x7f, 0xbf, 0xfc, 0xf,
    0x40, 0x7c, 0x1, 0xf0, 0x3, 0xd0, 0x2e, 0x0,
    0x2e, 0x2, 0xf0, 0x3, 0xe0, 0xf, 0x40, 0x3c,
    0x0, 0xbe, 0xaf, 0x80, 0x2, 0xff, 0x90, 0x0,
    0x78, 0x0, 0x0, 0xf, 0x0, 0x0, 0x0, 0xf8,
    0x0, 0x0, 0x7, 0xff, 0xfd, 0x0, 0xbf, 0xff,
    0xf8, 0x3d, 0x0, 0xb, 0xcb, 0x80, 0x0, 0x3c,
    0xb8, 0x0, 0x7, 0xc7, 0xc0, 0x1, 0xf8, 0x3f,
    0xfb, 0xfe, 0x0, 0x6f, 0xfe, 0x40,

    /* U+0068 "h" */
    0xf4, 0x0, 0x0, 0xf4, 0x0, 0x0, 0xf4, 0x0,
    0x0, 0xf4, 0x0, 0x0, 0xf4, 0x0, 0x0, 0xf4,
    0xbf, 0x90, 0xf7, 0xff, 0xf8, 0xff, 0x40, 0xbc,
    0xfc, 0x0, 0x3d, 0xf8, 0x0, 0x3e, 0xf4, 0x0,
    0x2e, 0xf4, 0x0, 0x2e, 0xf4, 0x0, 0x2e, 0xf4,
    0x0, 0x2e, 0xf4, 0x0, 0x2e, 0xf4, 0x0, 0x2e,
    0xf4, 0x0, 0x2e, 0xf4, 0x0, 0x2e, 0xf4, 0x0,
    0x2e,

    /* U+0069 "i" */
    0x0, 0x3c, 0x0, 0x0, 0x7d, 0x0, 0x0, 0x28,
    0x0, 0x0, 0x0, 0x0, 0x0, 0x0, 0x0, 0x2f,
    0xfc, 0x0, 0x1a, 0xfc, 0x0, 0x0, 0x3c, 0x0,
    0x0, 0x3c, 0x0, 0x0, 0x3c, 0x0, 0x0, 0x3c,
    0x0, 0x0, 0x3c, 0x0, 0x0, 0x3c, 0x0, 0x0,
    0x3c, 0x0, 0x0, 0x3c, 0x0, 0x0, 0x3c, 0x0,
    0x0, 0x3c, 0x0, 0x6a, 0xbe, 0xa9, 0xbf, 0xff,
    0xfe,

    /* U+006A "j" */
    0x0, 0x2, 0xd0, 0x0, 0x3f, 0x0, 0x1, 0xd0,
    0x0, 0x0, 0x0, 0x0, 0x0, 0xff, 0xff, 0xa,
    0xab, 0xf0, 0x0, 0x1f, 0x0, 0x1, 0xf0, 0x0,
    0x1f, 0x0, 0x1, 0xf0, 0x0, 0x1f, 0x0, 0x1,
    0xf0, 0x0, 0x1f, 0x0, 0x1, 0xf0, 0x0, 0x1f,
    0x0, 0x1, 0xf0, 0x0, 0x1f, 0x0, 0x1, 0xf0,
    0x0, 0x1f, 0x0, 0x2, 0xf0, 0x0, 0x2e, 0x0,
    0xb, 0xd7, 0xff, 0xf8, 0x2f, 0xf9, 0x0,

    /* U+006B "k" */
    0x7c, 0x0, 0x0, 0x1f, 0x0, 0x0, 0x7, 0xc0,
    0x0, 0x1, 0xf0, 0x0, 0x0, 0x7c, 0x0, 0x0,
    0x1f, 0x0, 0xf, 0xc7, 0xc0, 0xf, 0xc1, 0xf0,
    0xf, 0xc0, 0x7c, 0xf, 0x80, 0x1f, 0xf, 0x80,
    0x7, 0xcf, 0x80, 0x1, 0xfb, 0xe0, 0x0, 0x7f,
    0xfd, 0x0, 0x1f, 0x4b, 0xc0, 0x7, 0xc0, 0xbc,
    0x1, 0xf0, 0xf, 0xc0, 0x7c, 0x0, 0xf8, 0x1f,
    0x0, 0xf, 0x87, 0xc0, 0x1, 0xf4,

    /* U+006C "l" */
    0x2f, 0xfc, 0x0, 0x1a, 0xfc, 0x0, 0x0, 0x7c,
    0x0, 0x0, 0x7c, 0x0, 0x0, 0x7c, 0x0, 0x0,
    0x7c, 0x0, 0x0, 0x7c, 0x0, 0x0, 0x7c, 0x0,
    0x0, 0x7c, 0x0, 0x0, 0x7c, 0x0, 0x0, 0x7c,
    0x0, 0x0, 0x7c, 0x0, 0x0, 0x7c, 0x0, 0x0,
    0x7c, 0x0, 0x0, 0x7c, 0x0, 0x0, 0x7c, 0x0,
    0x0, 0x7c, 0x0, 0x6a, 0xfe, 0xa9, 0xbf, 0xff,
    0xfe,

    /* U+006D "m" */
    0xf2, 0xf4, 0x3f, 0xf, 0x7f, 0xcf, 0xfc, 0xfc,
    0x3f, 0x83, 0xcf, 0x41, 0xf0, 0x2d, 0xf4, 0x1f,
    0x2, 0xdf, 0x40, 0xf0, 0x2d, 0xf0, 0xf, 0x2,
    0xdf, 0x0, 0xf0, 0x2d, 0xf0, 0xf, 0x2, 0xdf,
    0x0, 0xf0, 0x2d, 0xf0, 0xf, 0x2, 0xdf, 0x0,
    0xf0, 0x2d, 0xf0, 0xf, 0x2, 0xdf, 0x0, 0xf0,
    0x2d,

    /* U+006E "n" */
    0xf0, 0xbf, 0x90, 0xf7, 0xff, 0xf8, 0xff, 0x40,
    0xbc, 0xfc, 0x0, 0x3d, 0xf8, 0x0, 0x3e, 0xf4,
    0x0, 0x2e, 0xf4, 0x0, 0x2e, 0xf4, 0x0, 0x2e,
    0xf4, 0x0, 0x2e, 0xf4, 0x0, 0x2e, 0xf4, 0x0,
    0x2e, 0xf4, 0x0, 0x2e, 0xf4, 0x0, 0x2e, 0xf4,
    0x0, 0x2e,

    /* U+006F "o" */
    0x0, 0xbf, 0xd0, 0x0, 0x7f, 0xff, 0xc0, 0x1f,
    0x80, 0x3f, 0x3, 0xe0, 0x0, 0xf4, 0x3c, 0x0,
    0xb, 0xc7, 0xc0, 0x0, 0x7c, 0xbc, 0x0, 0x7,
    0xcb, 0xc0, 0x0, 0x7c, 0x7c, 0x0, 0x7, 0xc3,
    0xc0, 0x0, 0xbc, 0x3e, 0x0, 0xf, 0x40, 0xf8,
    0x3, 0xf0, 0x7, 0xff, 0xfc, 0x0, 0xb, 0xfd,
    0x0,

    /* U+0070 "p" */
    0xf0, 0xbf, 0x80, 0xf7, 0xff, 0xf0, 0xfe, 0x0,
    0xfc, 0xfc, 0x0, 0x3d, 0xf8, 0x0, 0x3e, 0xf4,
    0x0, 0x2f, 0xf4, 0x0, 0x2f, 0xf4, 0x0, 0x2f,
    0xf4, 0x0, 0x2f, 0xf8, 0x0, 0x3e, 0xfc, 0x0,
    0x3d, 0xfe, 0x0, 0xfc, 0xf7, 0xff, 0xf0, 0xf4,
    0xbf, 0x80, 0xf4, 0x0, 0x0, 0xf4, 0x0, 0x0,
    0xf4, 0x0, 0x0, 0xf4, 0x0, 0x0, 0xf4, 0x0,
    0x0, 0xf4, 0x0, 0x0,

    /* U+0071 "q" */
    0x1, 0xbf, 0x87, 0x81, 0xff, 0xfe, 0xe0, 0xf8,
    0x7, 0xf8, 0xbc, 0x0, 0x7e, 0x3d, 0x0, 0xf,
    0x8f, 0x0, 0x3, 0xe3, 0xc0, 0x0, 0xb8, 0xf0,
    0x0, 0x2e, 0x3c, 0x0, 0xf, 0x8f, 0x40, 0x3,
    0xe2, 0xf0, 0x1, 0xf8, 0x3e, 0x1, 0xfe, 0x7,
    0xff, 0xeb, 0x80, 0x6f, 0xd2, 0xe0, 0x0, 0x0,
    0xb8, 0x0, 0x0, 0x2e, 0x0, 0x0, 0xb, 0x80,
    0x0, 0x2, 0xe0, 0x0, 0x0, 0xb8, 0x0, 0x0,
    0x2e,

    /* U+0072 "r" */
    0xb4, 0x2f, 0xe2, 0xd7, 0xff, 0xcb, 0xb9, 0x5,
    0x2f, 0x80, 0x0, 0xbc, 0x0, 0x2, 0xf0, 0x0,
    0xb, 0x80, 0x0, 0x2e, 0x0, 0x0, 0xb8, 0x0,
    0x2, 0xe0, 0x0, 0xb, 0x80, 0x0, 0x2e, 0x0,
    0x0, 0xb8, 0x0, 0x2, 0xe0, 0x0, 0x0,

    /* U+0073 "s" */
    0x2, 0xff, 0x90, 0x1f, 0xff, 0xf8, 0x3e, 0x0,
    0x60, 0x3c, 0x0, 0x0, 0x3d, 0x0, 0x0, 0x2f,
    0xd0, 0x0, 0x7, 0xfe, 0x0, 0x0, 0x6f, 0xe0,
    0x0, 0x2, 0xf8, 0x0, 0x0, 0x7c, 0x0, 0x0,
    0x7c, 0x64, 0x0, 0xf8, 0x7f, 0xff, 0xf0, 0x2f,
    0xff, 0x40,

    /* U+0074 "t" */
    0x0, 0x10, 0x0, 0x0, 0xd, 0x0, 0x0, 0x7,
    0x40, 0x0, 0x2, 0xd0, 0x0, 0x2f, 0xff, 0xff,
    0xa, 0xbf, 0xaa, 0x80, 0xf, 0x40, 0x0, 0x3,
    0xd0, 0x0, 0x0, 0xf4, 0x0, 0x0, 0x3d, 0x0,
    0x0, 0xf, 0x40, 0x0, 0x3, 0xd0, 0x0, 0x0,
    0xf4, 0x0, 0x0, 0x3d, 0x0, 0x0, 0xf, 0x80,
    0x0, 0x2, 0xf0, 0x0, 0x0, 0x3f, 0xff, 0x0,
    0x2, 0xff, 0x80,

    /* U+0075 "u" */
    0xf4, 0x0, 0x2e, 0xf4, 0x0, 0x2e, 0xf4, 0x0,
    0x2e, 0xf4, 0x0, 0x2e, 0xf4, 0x0, 0x2e, 0xf4,
    0x0, 0x2e, 0xf4, 0x0, 0x2e, 0xf4, 0x0, 0x3e,
    0xf4, 0x0, 0x3e, 0xf4, 0x0, 0x3e, 0xf8, 0x0,
    0x7e, 0xbd, 0x1, 0xfe, 0x3f, 0xff, 0xae, 0xb,
    0xfd, 0x1e,

    /* U+0076 "v" */
    0xf8, 0x0, 0x3, 0xd7, 0xc0, 0x0, 0x7c, 0x3d,
    0x0, 0xf, 0x82, 0xe0, 0x0, 0xf0, 0x1f, 0x0,
    0x2f, 0x0, 0xf4, 0x3, 0xd0, 0xb, 0xc0, 0x3c,
    0x0, 0x3c, 0xb, 0x80, 0x2, 0xe0, 0xf4, 0x0,
    0x1f, 0x1f, 0x0, 0x0, 0xf2, 0xe0, 0x0, 0xb,
    0xbc, 0x0, 0x0, 0x3f, 0xc0, 0x0, 0x3, 0xf4,
    0x0,

    /* U+0077 "w" */
    0x3c, 0x2, 0xf0, 0x7, 0x8b, 0x40, 0xbd, 0x2,
    0xd2, 0xd0, 0x3f, 0x80, 0xf0, 0x78, 0xd, 0xf0,
    0x3c, 0xf, 0x7, 0x6c, 0xe, 0x3, 0xc2, 0xcb,
    0x47, 0x80, 0xb0, 0xf1, 0xd2, 0xd0, 0x2d, 0x38,
    0x38, 0xb0, 0x7, 0x9d, 0xf, 0x3c, 0x0, 0xe7,
    0x2, 0xce, 0x0, 0x3e, 0xc0, 0x77, 0x80, 0xb,
    0xe0, 0xf, 0xd0, 0x2, 0xf8, 0x3, 0xf0, 0x0,
    0x7d, 0x0, 0xfc, 0x0,

    /* U+0078 "x" */
    0x3d, 0x0, 0xf, 0x81, 0xf0, 0x2, 0xf0, 0xb,
    0xc0, 0x7d, 0x0, 0x3e, 0xf, 0x80, 0x0, 0xf6,
    0xf0, 0x0, 0xb, 0xfc, 0x0, 0x0, 0x3f, 0x40,
    0x0, 0x3, 0xf8, 0x0, 0x0, 0xbf, 0xd0, 0x0,
    0x1f, 0x1f, 0x0, 0x3, 0xd0, 0xbc, 0x0, 0xf8,
    0x3, 0xe0, 0x2f, 0x0, 0x1f, 0x47, 0xc0, 0x0,
    0xbc,

    /* U+0079 "y" */
    0xb8, 0x0, 0x3, 0xd7, 0xc0, 0x0, 0x7c, 0x3d,
    0x0, 0xf, 0x82, 0xf0, 0x0, 0xf0, 0xf, 0x0,
    0x2f, 0x0, 0xb8, 0x3, 0xd0, 0x7, 0xc0, 0x7c,
    0x0, 0x3d, 0xb, 0x80, 0x1, 0xf0, 0xf0, 0x0,
    0xf, 0x1f, 0x0, 0x0, 0xba, 0xd0, 0x0, 0x3,
    0xfc, 0x0, 0x0, 0x3f, 0x80, 0x0, 0x1, 0xf4,
    0x0, 0x0, 0x1f, 0x0, 0x0, 0x3, 0xe0, 0x0,
    0x0, 0x3c, 0x0, 0x0, 0xf, 0x80, 0x0, 0xbf,
    0xf0, 0x0, 0xb, 0xf8, 0x0, 0x0,

    /* U+007A "z" */
    0x7f, 0xff, 0xfc, 0x2a, 0xaa, 0xfc, 0x0, 0x0,
    0xf8, 0x0, 0x2, 0xe0, 0x0, 0x7, 0xc0, 0x0,
    0x1f, 0x0, 0x0, 0x3d, 0x0, 0x0, 0xf8, 0x0,
    0x2, 0xf0, 0x0, 0x7, 0xc0, 0x0, 0xf, 0x0,
    0x0, 0x3d, 0x0, 0x0, 0xbe, 0xaa, 0xa8, 0xbf,
    0xff, 0xfd,

    /* U+007B "{" */
    0x0, 0x2, 0xf8, 0x0, 0x3f, 0xe0, 0x2, 0xf0,
    0x0, 0xf, 0x80, 0x0, 0x3d, 0x0, 0x0, 0xf4,
    0x0, 0x3, 0xd0, 0x0, 0xf, 0x40, 0x0, 0x3d,
    0x0, 0x7, 0xf0, 0x3, 0xfe, 0x0, 0xf, 0xf8,
    0x0, 0x1, 0xfc, 0x0, 0x0, 0xf4, 0x0, 0x3,
    0xd0, 0x0, 0xf, 0x40, 0x0, 0x3d, 0x0, 0x0,
    0xf4, 0x0, 0x3, 0xe0, 0x0, 0xb, 0xc0, 0x0,
    0xf, 0xf8, 0x0, 0xb, 0xe0,

    /* U+007C "|" */
    0x38, 0xe3, 0x8e, 0x38, 0xe3, 0x8e, 0x38, 0xe3,
    0x8e, 0x38, 0xe3, 0x8e, 0x38, 0xe3, 0x8e, 0x38,
    0xe3, 0x8e, 0x38,

    /* U+007D "}" */
    0x3e, 0x40, 0x0, 0xff, 0x80, 0x0, 0x1f, 0x40,
    0x0, 0x3d, 0x0, 0x0, 0xf4, 0x0, 0x3, 0xd0,
    0x0, 0xf, 0x40, 0x0, 0x3d, 0x0, 0x0, 0xf8,
    0x0, 0x1, 0xf8, 0x0, 0x1, 0xff, 0x80, 0x6,
    0xff, 0x0, 0x7e, 0x0, 0x3, 0xe0, 0x0, 0xf,
    0x40, 0x0, 0x3d, 0x0, 0x0, 0xf4, 0x0, 0x3,
    0xd0, 0x0, 0xf, 0x40, 0x0, 0x7d, 0x0, 0x3f,
    0xe0, 0x0, 0xf9, 0x0, 0x0,

    /* U+007E "~" */
    0x0, 0x0, 0x0, 0x7, 0xfe, 0x40, 0x63, 0xff,
    0xff, 0xf8, 0x80, 0x1b, 0xf8, 0x0, 0x0, 0x0,
    0x0,

    /* U+00A0 " " */

    /* U+00A1 "¡" */
    0x7c, 0xfd, 0xbd, 0x14, 0x0, 0x0, 0x38, 0x38,
    0x38, 0x38, 0x3c, 0x7c, 0x7c, 0x7c, 0x7c, 0x7c,
    0xbc, 0xbc, 0xbc,

    /* U+00A2 "¢" */
    0x0, 0x1d, 0x0, 0x0, 0xbf, 0xf8, 0xb, 0xff,
    0xfc, 0x2f, 0x90, 0x18, 0x3e, 0x0, 0x0, 0x7c,
    0x0, 0x0, 0xb8, 0x0, 0x0, 0xf8, 0x0, 0x0,
    0xf8, 0x0, 0x0, 0xb8, 0x0, 0x0, 0xbc, 0x0,
    0x0, 0x3e, 0x0, 0x0, 0x2f, 0x80, 0x18, 0xb,
    0xff, 0xfc, 0x1, 0xbf, 0xf4, 0x0, 0x1d, 0x0,
    0x0, 0x1d, 0x0, 0x0, 0x1d, 0x0,

    /* U+00A3 "£" */
    0x0, 0x1f, 0xf9, 0x0, 0xf, 0xff, 0xf0, 0x2,
    0xf4, 0x6, 0x0, 0x3e, 0x0, 0x0, 0x3, 0xd0,
    0x0, 0x0, 0x3d, 0x0, 0x0, 0x3, 0xd0, 0x0,
    0x0, 0x3d, 0x0, 0x0, 0x7f, 0xff, 0xf0, 0x6,
    0xbf, 0xaa, 0x0, 0x3, 0xd0, 0x0, 0x0, 0x3d,
    0x0, 0x0, 0x3, 0xd0, 0x0, 0x0, 0x3c, 0x0,
    0x0, 0x7, 0xc0, 0x0, 0x1, 0xf4, 0x0, 0x0,
    0x7f, 0xff, 0xff, 0xc7, 0xff, 0xff, 0xfc,

    /* U+00A4 "¤" */
    0x10, 0x0, 0x4, 0xb9, 0xfe, 0x7c, 0x3f, 0xff,
    0xf4, 0x1f, 0x1, 0xf0, 0x2c, 0x0, 0x74, 0x3c,
    0x0, 0x38, 0x3c, 0x0, 0x38, 0x2d, 0x0, 0xb4,
    0x1f, 0x42, 0xf0, 0x3f, 0xff, 0xf8, 0x74, 0xa9,
    0x3c, 0x0, 0x0, 0x0,

    /* U+00A5 "¥" */
    0x3e, 0x0, 0x0, 0xf4, 0x3c, 0x0, 0xb, 0xc0,
    0xb8, 0x0, 0x3d, 0x0, 0xf0, 0x2, 0xf0, 0x2,
    0xe0, 0xf, 0x0, 0x3, 0xc0, 0x78, 0x0, 0xb,
    0x43, 0xc0, 0x0, 0xf, 0x1e, 0x0, 0x0, 0x2d,
    0xf0, 0x0, 0xa, 0xff, 0xea, 0x0, 0x3f, 0xff,
    0xfc, 0x0, 0x1, 0xf0, 0x0, 0x0, 0x7, 0xc0,
    0x0, 0xf, 0xff, 0xff, 0x0, 0x2a, 0xfe, 0xa8,
    0x0, 0x1, 0xf0, 0x0, 0x0, 0x7, 0xc0, 0x0,
    0x0, 0x1f, 0x0, 0x0,

    /* U+00A6 "¦" */
    0x38, 0xe3, 0x8e, 0x38, 0xe3, 0x8e, 0x38, 0xe0,
    0x0, 0x0, 0x0, 0xe, 0x38, 0xe3, 0x8e, 0x38,
    0xe3, 0x8e, 0x38,

    /* U+00A7 "§" */
    0xb, 0xfe, 0x43, 0xff, 0xfc, 0xbc, 0x1, 0x4b,
    0x80, 0x0, 0x7d, 0x0, 0x1, 0xfe, 0x0, 0x1f,
    0xfe, 0x7, 0xc1, 0xfc, 0xb4, 0x3, 0xdb, 0x40,
    0x2d, 0x7c, 0x2, 0xd2, 0xf4, 0x3c, 0x7, 0xff,
    0x0, 0x6, 0xf8, 0x0, 0x7, 0xd0, 0x0, 0x3d,
    0x90, 0x7, 0xdf, 0xff, 0xf8, 0x6f, 0xf9, 0x0,

    /* U+00A8 "¨" */
    0x20, 0x14, 0xf8, 0x3d, 0xb4, 0x3c,

    /* U+00A9 "©" */
    0x0, 0x0, 0x0, 0x0, 0x0, 0x6f, 0xf8, 0x0,
    0x3, 0xe5, 0x5f, 0x40, 0xf, 0x0, 0x1, 0xd0,
    0x2c, 0xb, 0xf8, 0x70, 0x34, 0x7f, 0xbc, 0x38,
    0x70, 0xf4, 0x0, 0x1c, 0xa1, 0xe0, 0x0, 0xd,
    0xe2, 0xd0, 0x0, 0xd, 0xd3, 0xc0, 0x0, 0xd,
    0xd3, 0xc0, 0x0, 0xe, 0xe2, 0xd0, 0x0, 0xd,
    0xa1, 0xe0, 0x0, 0xd, 0x70, 0xf8, 0x4, 0x1c,
    0x34, 0x3f, 0xfc, 0x2c, 0x2c, 0x6, 0xa4, 0x74,
    0xe, 0x0, 0x1, 0xe0, 0x3, 0xd0, 0x1b, 0x80,
    0x0, 0xbf, 0xfd, 0x0, 0x0, 0x0, 0x0, 0x0,

    /* U+00AA "ª" */
    0x1b, 0xf8, 0xb, 0xab, 0xc0, 0x0, 0x74, 0x2f,
    0xfe, 0x3e, 0x47, 0x9e, 0x1, 0xe7, 0x40, 0xf9,
    0xf1, 0xbe, 0x2f, 0xe3, 0x80, 0x40, 0x0,

    /* U+00AB "«" */
    0x0, 0x0, 0x0, 0x0, 0xd0, 0x38, 0x3, 0xd0,
    0xb8, 0xb, 0xc1, 0xf0, 0x1f, 0x3, 0xd0, 0x3d,
    0xf, 0x80, 0x7c, 0xf, 0x40, 0x2f, 0x7, 0xc0,
    0xf, 0x42, 0xe0, 0x3, 0xc0, 0xf4, 0x1, 0xe0,
    0x3c, 0x0, 0x40, 0x10,

    /* U+00AC "¬" */
    0x3f, 0xff, 0xff, 0x8f, 0xff, 0xff, 0xe0, 0x0,
    0x0, 0x78, 0x0, 0x0, 0x1e, 0x0, 0x0, 0x7,
    0x80, 0x0, 0x1, 0xe0, 0x0, 0x0, 0x78,

    /* U+00AD "­" */
    0x0, 0x0, 0x1f, 0xff, 0xf7, 0xff, 0xfc,

    /* U+00AE "®" */
    0x0, 0x0, 0x0, 0x0, 0x0, 0x6f, 0xf8, 0x0,
    0x3, 0xe5, 0x5f, 0x40, 0xf, 0x0, 0x1, 0xd0,
    0x2c, 0x6a, 0x90, 0x70, 0x34, 0xbf, 0xfc, 0x38,
    0x70, 0xb4, 0x3d, 0x1c, 0xa0, 0xb4, 0x2d, 0xd,
    0xe0, 0xb4, 0x3d, 0xd, 0xd0, 0xbe, 0xfc, 0xd,
    0xd0, 0xbf, 0xf0, 0xe, 0xe0, 0xb4, 0xf0, 0xd,
    0xa0, 0xb4, 0x78, 0xd, 0x70, 0xb4, 0x3d, 0x1c,
    0x34, 0xb4, 0x1f, 0x2c, 0x2c, 0x10, 0x5, 0x74,
    0xe, 0x0, 0x1, 0xe0, 0x3, 0xd0, 0x1b, 0x80,
    0x0, 0xbf, 0xfd, 0x0, 0x0, 0x0, 0x0, 0x0,

    /* U+00AF "¯" */
    0x3f, 0xff, 0xff, 0xff, 0x9f, 0xff, 0xff, 0xff,
    0xf0,

    /* U+00B0 "°" */
    0x7, 0xf8, 0x7, 0xeb, 0xc3, 0xc0, 0x74, 0xd0,
    0xf, 0x34, 0x3, 0xcf, 0x1, 0xe1, 0xfa, 0xf0,
    0x1f, 0xe0,

    /* U+00B1 "±" */
    0x0, 0xe, 0x0, 0x0, 0x3, 0x80, 0x0, 0x0,
    0xe0, 0x0, 0x0, 0x38, 0x0, 0x0, 0xe, 0x0,
    0xf, 0xff, 0xff, 0xe3, 0xff, 0xff, 0xf8, 0x0,
    0x38, 0x0, 0x0, 0xe, 0x0, 0x0, 0x3, 0x80,
    0x0, 0x0, 0xe0, 0x0, 0x0, 0x24, 0x0, 0x0,
    0x0, 0x0, 0xf, 0xff, 0xff, 0xe3, 0xff, 0xff,
    0xf8,

    /* U+00B2 "²" */
    0x1f, 0xe0, 0x39, 0xf4, 0x0, 0x38, 0x0, 0x38,
    0x0, 0xb4, 0x1, 0xe0, 0x7, 0x80, 0x1e, 0x0,
    0x7d, 0x54, 0xbf, 0xfc,

    /* U+00B3 "³" */
    0x2f, 0xd1, 0xe7, 0xc0, 0xb, 0x40, 0x3c, 0xf,
    0xc0, 0x7, 0xc0, 0x7, 0x80, 0x1e, 0xa5, 0xf5,
    0xff, 0x40,

    /* U+00B4 "´" */
    0xf, 0xc1, 0xf4, 0x3d, 0xb, 0x40,

    /* U+00B5 "µ" */
    0xb8, 0x0, 0x3d, 0xb8, 0x0, 0x3d, 0xb8, 0x0,
    0x3d, 0xb8, 0x0, 0x3d, 0xb8, 0x0, 0x3d, 0xb8,
    0x0, 0x3d, 0xb8, 0x0, 0x3d, 0xb8, 0x0, 0x3d,
    0xb8, 0x0, 0x3d, 0xb8, 0x0, 0x7d, 0xbc, 0x0,
    0xbd, 0xbe, 0x1, 0xfd, 0xbf, 0xff, 0xbd, 0xba,
    0xfd, 0x2d, 0xb8, 0x0, 0x0, 0xb8, 0x0, 0x0,
    0xb8, 0x0, 0x0, 0xb8, 0x0, 0x0, 0xb8, 0x0,
    0x0, 0xb8, 0x0, 0x0,

    /* U+00B6 "¶" */
    0x1, 0xbf, 0xff, 0xe0, 0xbf, 0xff, 0xfe, 0x1f,
    0xff, 0xe0, 0xe3, 0xff, 0xfe, 0xe, 0x3f, 0xff,
    0xe0, 0xe3, 0xff, 0xfe, 0xe, 0x3f, 0xff, 0xe0,
    0xe3, 0xff, 0xfe, 0xe, 0x3f, 0xff, 0xe0, 0xe2,
    0xff, 0xfe, 0xe, 0xf, 0xff, 0xe0, 0xe0, 0x7f,
    0xfe, 0xe, 0x0, 0x69, 0xe0, 0xe0, 0x0, 0xe,
    0xe, 0x0, 0x0, 0xe0, 0xe0, 0x0, 0xe, 0xe,
    0x0, 0x0, 0xe0, 0xe0, 0x0, 0xe, 0xe, 0x0,
    0x0, 0xe0, 0xe0, 0x0, 0xe, 0xe, 0x0, 0x0,
    0xe0, 0xe0, 0x0, 0xe, 0xe, 0x0, 0x0, 0x50,
    0x50,

    /* U+00B7 "·" */
    0x14, 0xbd, 0xfd, 0x7c,

    /* U+00B8 "¸" */
    0x9, 0x1, 0xd0, 0x1f, 0x80, 0x3c, 0x7, 0xcb,
    0xf4, 0x10, 0x0,

    /* U+00B9 "¹" */
    0x7, 0xc2, 0xfc, 0x36, 0xc0, 0x2c, 0x2, 0xc0,
    0x2c, 0x2, 0xc0, 0x2c, 0x2, 0xc0, 0x2c,

    /* U+00BA "º" */
    0x7, 0xf8, 0x2, 0xfa, 0xf0, 0x3c, 0x7, 0x87,
    0x80, 0x3c, 0x78, 0x3, 0xc7, 0x80, 0x3c, 0x3c,
    0x7, 0x81, 0xfa, 0xf0, 0x7, 0xf8, 0x0,

    /* U+00BB "»" */
    0x0, 0x0, 0x0, 0x34, 0xa, 0x0, 0x3c, 0xf,
    0x40, 0x1f, 0x3, 0xc0, 0xb, 0x82, 0xf0, 0x3,
    0xd0, 0xf8, 0x2, 0xf0, 0xbc, 0x7, 0xc0, 0xf4,
    0xf, 0x43, 0xd0, 0x2e, 0xb, 0x80, 0x7c, 0xf,
    0x0, 0x10, 0x0, 0x0,

    /* U+00BC "¼" */
    0xb, 0xc0, 0x3, 0xc0, 0x7f, 0xc0, 0x7, 0x80,
    0x23, 0xc0, 0xf, 0x0, 0x3, 0xc0, 0x1e, 0x0,
    0x3, 0xc0, 0x3c, 0x0, 0x3, 0xc0, 0x78, 0x0,
    0x3, 0xc0, 0xf0, 0x0, 0x3, 0xc1, 0xe0, 0x0,
    0x3, 0xc3, 0xc0, 0xf4, 0x3, 0x87, 0x82, 0xf4,
    0x0, 0xf, 0x3, 0xf4, 0x0, 0x2e, 0xf, 0xb4,
    0x0, 0x3c, 0x2c, 0xb4, 0x0, 0xb4, 0x38, 0xb4,
    0x0, 0xf0, 0xf0, 0xb4, 0x2, 0xd1, 0xff, 0xfd,
    0x3, 0xc0, 0x55, 0xb4, 0xb, 0x40, 0x0, 0xb4,

    /* U+00BD "½" */
    0xf, 0x80, 0xb, 0x40, 0x7f, 0x80, 0xf, 0x0,
    0x67, 0x80, 0x2d, 0x0, 0x7, 0x80, 0x3c, 0x0,
    0x7, 0x80, 0xb4, 0x0, 0x7, 0x80, 0xf0, 0x0,
    0x7, 0x82, 0xd0, 0x0, 0x7, 0x83, 0xc0, 0x0,
    0x7, 0x8b, 0x5f, 0xf0, 0x7, 0x4f, 0x3d, 0x7c,
    0x0, 0x2d, 0x0, 0x2c, 0x0, 0x3c, 0x0, 0x3c,
    0x0, 0xb4, 0x0, 0x38, 0x0, 0xf0, 0x0, 0xf0,
    0x2, 0xd0, 0x3, 0xd0, 0x3, 0xc0, 0xf, 0x40,
    0xf, 0x40, 0x2d, 0x0, 0x1f, 0x0, 0x3f, 0xfe,
    0x4, 0x0, 0x15, 0x54,

    /* U+00BE "¾" */
    0x0, 0x0, 0x0, 0x0, 0x2f, 0xd0, 0x0, 0xf0,
    0x75, 0xf0, 0x2, 0xd0, 0x0, 0xb4, 0x3, 0xc0,
    0x0, 0xf0, 0xb, 0x40, 0xf, 0xd0, 0x1e, 0x0,
    0x1, 0xe0, 0x3c, 0x0, 0x0, 0x78, 0x78, 0x0,
    0x0, 0x78, 0xf0, 0x0, 0x90, 0xf5, 0xe0, 0xb8,
    0xbf, 0xe3, 0xc1, 0xf8, 0x0, 0x7, 0x83, 0xf8,
    0x0, 0xf, 0xb, 0x78, 0x0, 0x1e, 0x1e, 0x78,
    0x0, 0x3c, 0x3c, 0x78, 0x0, 0x78, 0xb0, 0x78,
    0x0, 0xf0, 0xff, 0xfe, 0x1, 0xe0, 0x55, 0x78,
    0x3, 0xc0, 0x0, 0x78,

    /* U+00BF "¿" */
    0x0, 0x2e, 0x0, 0x0, 0x3f, 0x0, 0x0, 0x3f,
    0x0, 0x0, 0x4, 0x0, 0x0, 0x0, 0x0, 0x0,
    0x5, 0x0, 0x0, 0x1e, 0x0, 0x0, 0x3d, 0x0,
    0x0, 0xbc, 0x0, 0x3, 0xf0, 0x0, 0xf, 0xc0,
    0x0, 0x3e, 0x0, 0x0, 0x7c, 0x0, 0x0, 0xf4,
    0x0, 0x0, 0xf4, 0x0, 0x0, 0xb8, 0x0, 0x0,
    0x7e, 0x0, 0x6c, 0x2f, 0xff, 0xfc, 0x6, 0xff,
    0x90,

    /* U+00C0 "À" */
    0x0, 0x7d, 0x0, 0x0, 0x0, 0x2f, 0x0, 0x0,
    0x0, 0xf, 0x80, 0x0, 0x0, 0x2, 0xc0, 0x0,
    0x0, 0x0, 0x0, 0x0, 0x0, 0x0, 0x0, 0x0,
    0x0, 0xb, 0xc0, 0x0, 0x0, 0xf, 0xe0, 0x0,
    0x0, 0x1f, 0xf0, 0x0, 0x0, 0x2d, 0xf0, 0x0,
    0x0, 0x3c, 0xb8, 0x0, 0x0, 0x7c, 0x7c, 0x0,
    0x0, 0xb8, 0x3d, 0x0, 0x0, 0xf0, 0x2e, 0x0,
    0x1, 0xf0, 0x1f, 0x0, 0x2, 0xe0, 0xf, 0x40,
    0x3, 0xff, 0xff, 0x80, 0x7, 0xff, 0xff, 0xc0,
    0xb, 0x80, 0x3, 0xd0, 0xf, 0x0, 0x2, 0xe0,
    0x1f, 0x0, 0x1, 0xf0, 0x2e, 0x0, 0x0, 0xf4,
    0x3d, 0x0, 0x0, 0xb8, 0x7c, 0x0, 0x0, 0x7c,

    /* U+00C1 "Á" */
    0x0, 0x0, 0x7d, 0x0, 0x0, 0x0, 0xf8, 0x0,
    0x0, 0x2, 0xe0, 0x0, 0x0, 0x3, 0x80, 0x0,
    0x0, 0x0, 0x0, 0x0, 0x0, 0x0, 0x0, 0x0,
    0x0, 0xb, 0xc0, 0x0, 0x0, 0xf, 0xe0, 0x0,
    0x0, 0x1f, 0xf0, 0x0, 0x0, 0x2d, 0xf0, 0x0,
    0x0, 0x3c, 0xb8, 0x0, 0x0, 0x7c, 0x7c, 0x0,
    0x0, 0xb8, 0x3d, 0x0, 0x0, 0xf0, 0x2e, 0x0,
    0x1, 0xf0, 0x1f, 0x0, 0x2, 0xe0, 0xf, 0x40,
    0x3, 0xff, 0xff, 0x80, 0x7, 0xff, 0xff, 0xc0,
    0xb, 0x80, 0x3, 0xd0, 0xf, 0x0, 0x2, 0xe0,
    0x1f, 0x0, 0x1, 0xf0, 0x2e, 0x0, 0x0, 0xf4,
    0x3d, 0x0, 0x0, 0xb8, 0x7c, 0x0, 0x0, 0x7c,

    /* U+00C2 "Â" */
    0x0, 0xb, 0xd0, 0x0, 0x0, 0x1f, 0xf0, 0x0,
    0x0, 0x7c, 0x7c, 0x0, 0x0, 0xe0, 0x1f, 0x0,
    0x0, 0x0, 0x0, 0x0, 0x0, 0x0, 0x0, 0x0,
    0x0, 0xb, 0xc0, 0x0, 0x0, 0xf, 0xe0, 0x0,
    0x0, 0x1f, 0xf0, 0x0, 0x0, 0x2d, 0xf0, 0x0,
    0x0, 0x3c, 0xb8, 0x0, 0x0, 0x7c, 0x7c, 0x0,
    0x0, 0xb8, 0x3d, 0x0, 0x0, 0xf0, 0x2e, 0x0,
    0x1, 0xf0, 0x1f, 0x0, 0x2, 0xe0, 0xf, 0x40,
    0x3, 0xff, 0xff, 0x80, 0x7, 0xff, 0xff, 0xc0,
    0xb, 0x80, 0x3, 0xd0, 0xf, 0x0, 0x2, 0xe0,
    0x1f, 0x0, 0x1, 0xf0, 0x2e, 0x0, 0x0, 0xf4,
    0x3d, 0x0, 0x0, 0xb8, 0x7c, 0x0, 0x0, 0x7c,

    /* U+00C3 "Ã" */
    0x0, 0xbe, 0x7, 0x0, 0x1, 0xff, 0xff, 0x0,
    0x2, 0xc1, 0xbc, 0x0, 0x0, 0x0, 0x0, 0x0,
    0x0, 0x0, 0x0, 0x0, 0x0, 0xb, 0xc0, 0x0,
    0x0, 0xf, 0xe0, 0x0, 0x0, 0x1f, 0xf0, 0x0,
    0x0, 0x2d, 0xf0, 0x0, 0x0, 0x3c, 0xb8, 0x0,
    0x0, 0x7c, 0x7c, 0x0, 0x0, 0xb8, 0x3d, 0x0,
    0x0, 0xf0, 0x2e, 0x0, 0x1, 0xf0, 0x1f, 0x0,
    0x2, 0xe0, 0xf, 0x40, 0x3, 0xff, 0xff, 0x80,
    0x7, 0xff, 0xff, 0xc0, 0xb, 0x80, 0x3, 0xd0,
    0xf, 0x0, 0x2, 0xe0, 0x1f, 0x0, 0x1, 0xf0,
    0x2e, 0x0, 0x0, 0xf4, 0x3d, 0x0, 0x0, 0xb8,
    0x7c, 0x0, 0x0, 0x7c,

    /* U+00C4 "Ä" */
    0x0, 0xb4, 0x3c, 0x0, 0x0, 0xf8, 0x3d, 0x0,
    0x0, 0x20, 0x14, 0x0, 0x0, 0x0, 0x0, 0x0,
    0x0, 0x0, 0x0, 0x0, 0x0, 0xb, 0xc0, 0x0,
    0x0, 0xf, 0xe0, 0x0, 0x0, 0x1f, 0xf0, 0x0,
    0x0, 0x2d, 0xf0, 0x0, 0x0, 0x3c, 0xb8, 0x0,
    0x0, 0x7c, 0x7c, 0x0, 0x0, 0xb8, 0x3d, 0x0,
    0x0, 0xf0, 0x2e, 0x0, 0x1, 0xf0, 0x1f, 0x0,
    0x2, 0xe0, 0xf, 0x40, 0x3, 0xff, 0xff, 0x80,
    0x7, 0xff, 0xff, 0xc0, 0xb, 0x80, 0x3, 0xd0,
    0xf, 0x0, 0x2, 0xe0, 0x1f, 0x0, 0x1, 0xf0,
    0x2e, 0x0, 0x0, 0xf4, 0x3d, 0x0, 0x0, 0xb8,
    0x7c, 0x0, 0x0, 0x7c,

    /* U+00C5 "Å" */
    0x0, 0x0, 0x0, 0x0, 0x0, 0xf, 0xe0, 0x0,
    0x0, 0x3d, 0x74, 0x0, 0x0, 0x34, 0x38, 0x0,
    0x0, 0x38, 0x34, 0x0, 0x0, 0x1f, 0xf0, 0x0,
    0x0, 0xf, 0xe0, 0x0, 0x0, 0x1f, 0xf0, 0x0,
    0x0, 0x2d, 0xf0, 0x0, 0x0, 0x3c, 0xb8, 0x0,
    0x0, 0x7c, 0x7c, 0x0, 0x0, 0xb8, 0x3d, 0x0,
    0x0, 0xf0, 0x2e, 0x0, 0x1, 0xf0, 0x1f, 0x0,
    0x2, 0xe0, 0xf, 0x40, 0x3, 0xff, 0xff, 0x80,
    0x7, 0xff, 0xff, 0xc0, 0xb, 0x80, 0x3, 0xd0,
    0xf, 0x0, 0x2, 0xe0, 0x1f, 0x0, 0x1, 0xf0,
    0x2e, 0x0, 0x0, 0xf4, 0x3d, 0x0, 0x0, 0xb8,
    0x7c, 0x0, 0x0, 0x7c,

    /* U+00C6 "Æ" */
    0x0, 0xff, 0xff, 0xfd, 0x0, 0xff, 0xff, 0xfd,
    0x1, 0xe3, 0xd0, 0x0, 0x2, 0xd3, 0xd0, 0x0,
    0x3, 0xc3, 0xd0, 0x0, 0x3, 0xc3, 0xd0, 0x0,
    0x7, 0x83, 0xd0, 0x0, 0x7, 0x43, 0xff, 0xfc,
    0xb, 0x3, 0xff, 0xfc, 0xf, 0x3, 0xd0, 0x0,
    0xf, 0xff, 0xd0, 0x0, 0x1f, 0xff, 0xd0, 0x0,
    0x2d, 0x3, 0xd0, 0x0, 0x3c, 0x3, 0xd0, 0x0,
    0x3c, 0x3, 0xd0, 0x0, 0x78, 0x3, 0xd0, 0x0,
    0xb4, 0x3, 0xff, 0xfd, 0xf4, 0x3, 0xff, 0xfd,

    /* U+00C7 "Ç" */
    0x0, 0x1b, 0xff, 0x80, 0xf, 0xff, 0xff, 0x3,
    0xf9, 0x1, 0xc0, 0xfd, 0x0, 0x0, 0x1f, 0x40,
    0x0, 0x3, 0xf0, 0x0, 0x0, 0x3d, 0x0, 0x0,
    0x7, 0xd0, 0x0, 0x0, 0x7c, 0x0, 0x0, 0x7,
    0xc0, 0x0, 0x0, 0x7c, 0x0, 0x0, 0x3, 0xd0,
    0x0, 0x0, 0x3e, 0x0, 0x0, 0x2, 0xf0, 0x0,
    0x0, 0xf, 0xc0, 0x0, 0x0, 0x7f, 0x80, 0x18,
    0x1, 0xff, 0xff, 0xd0, 0x1, 0xff, 0xe4, 0x0,
    0x3, 0x80, 0x0, 0x0, 0xb8, 0x0, 0x0, 0x1,
    0xf0, 0x0, 0x0, 0xb, 0x0, 0x0, 0x6, 0xf0,
    0x0, 0x2, 0xf8, 0x0,

    /* U+00C8 "È" */
    0x7, 0xd0, 0x0, 0x2, 0xf0, 0x0, 0x0, 0xb8,
    0x0, 0x0, 0x2c, 0x0, 0x0, 0x0, 0x0, 0x0,
    0x0, 0x0, 0x7f, 0xff, 0xfd, 0x7f, 0xff, 0xfd,
    0x7c, 0x0, 0x0, 0x7c, 0x0, 0x0, 0x7c, 0x0,
    0x0, 0x7c, 0x0, 0x0, 0x7c, 0x0, 0x0, 0x7f,
    0xff, 0xfc, 0x7f, 0xff, 0xfc, 0x7c, 0x0, 0x0,
    0x7c, 0x0, 0x0, 0x7c, 0x0, 0x0, 0x7c, 0x0,
    0x0, 0x7c, 0x0, 0x0, 0x7c, 0x0, 0x0, 0x7c,
    0x0, 0x0, 0x7f, 0xff, 0xfd, 0x7f, 0xff, 0xfd,

    /* U+00C9 "É" */
    0x0, 0xf, 0xc0, 0x0, 0x2f, 0x0, 0x0, 0x3d,
    0x0, 0x0, 0xb0, 0x0, 0x0, 0x0, 0x0, 0x0,
    0x0, 0x0, 0x7f, 0xff, 0xfd, 0x7f, 0xff, 0xfd,
    0x7c, 0x0, 0x0, 0x7c, 0x0, 0x0, 0x7c, 0x0,
    0x0, 0x7c, 0x0, 0x0, 0x7c, 0x0, 0x0, 0x7f,
    0xff, 0xfc, 0x7f, 0xff, 0xfc, 0x7c, 0x0, 0x0,
    0x7c, 0x0, 0x0, 0x7c, 0x0, 0x0, 0x7c, 0x0,
    0x0, 0x7c, 0x0, 0x0, 0x7c, 0x0, 0x0, 0x7c,
    0x0, 0x0, 0x7f, 0xff, 0xfd, 0x7f, 0xff, 0xfd,

    /* U+00CA "Ê" */
    0x0, 0x7f, 0x0, 0x0, 0xff, 0x80, 0x3, 0xd3,
    0xd0, 0xf, 0x40, 0xb4, 0x0, 0x0, 0x0, 0x0,
    0x0, 0x0, 0x7f, 0xff, 0xfd, 0x7f, 0xff, 0xfd,
    0x7c, 0x0, 0x0, 0x7c, 0x0, 0x0, 0x7c, 0x0,
    0x0, 0x7c, 0x0, 0x0, 0x7c, 0x0, 0x0, 0x7f,
    0xff, 0xfc, 0x7f, 0xff, 0xfc, 0x7c, 0x0, 0x0,
    0x7c, 0x0, 0x0, 0x7c, 0x0, 0x0, 0x7c, 0x0,
    0x0, 0x7c, 0x0, 0x0, 0x7c, 0x0, 0x0, 0x7c,
    0x0, 0x0, 0x7f, 0xff, 0xfd, 0x7f, 0xff, 0xfd,

    /* U+00CB "Ë" */
    0x7, 0x81, 0xd0, 0x7, 0xc2, 0xe0, 0x2, 0x40,
    0x80, 0x0, 0x0, 0x0, 0x0, 0x0, 0x0, 0x7f,
    0xff, 0xfd, 0x7f, 0xff, 0xfd, 0x7c, 0x0, 0x0,
    0x7c, 0x0, 0x0, 0x7c, 0x0, 0x0, 0x7c, 0x0,
    0x0, 0x7c, 0x0, 0x0, 0x7f, 0xff, 0xfc, 0x7f,
    0xff, 0xfc, 0x7c, 0x0, 0x0, 0x7c, 0x0, 0x0,
    0x7c, 0x0, 0x0, 0x7c, 0x0, 0x0, 0x7c, 0x0,
    0x0, 0x7c, 0x0, 0x0, 0x7c, 0x0, 0x0, 0x7f,
    0xff, 0xfd, 0x7f, 0xff, 0xfd,

    /* U+00CC "Ì" */
    0xf, 0xc0, 0x0, 0xf, 0x80, 0x0, 0x1f, 0x0,
    0x0, 0xf, 0x0, 0x0, 0x0, 0x0, 0x0, 0x0,
    0x3, 0xff, 0xff, 0x8a, 0xbf, 0xa9, 0x0, 0x7c,
    0x0, 0x1, 0xf0, 0x0, 0x7, 0xc0, 0x0, 0x1f,
    0x0, 0x0, 0x7c, 0x0, 0x1, 0xf0, 0x0, 0x7,
    0xc0, 0x0, 0x1f, 0x0, 0x0, 0x7c, 0x0, 0x1,
    0xf0, 0x0, 0x7, 0xc0, 0x0, 0x1f, 0x0, 0x0,
    0x7c, 0x0, 0x1, 0xf0, 0x2, 0xaf, 0xea, 0x4f,
    0xff, 0xfe,

    /* U+00CD "Í" */
    0x0, 0x3, 0xe0, 0x0, 0x3f, 0x0, 0x1, 0xf0,
    0x0, 0xf, 0x0, 0x0, 0x0, 0x0, 0x0, 0x0,
    0x3, 0xff, 0xff, 0x8a, 0xbf, 0xa9, 0x0, 0x7c,
    0x0, 0x1, 0xf0, 0x0, 0x7, 0xc0, 0x0, 0x1f,
    0x0, 0x0, 0x7c, 0x0, 0x1, 0xf0, 0x0, 0x7,
    0xc0, 0x0, 0x1f, 0x0, 0x0, 0x7c, 0x0, 0x1,
    0xf0, 0x0, 0x7, 0xc0, 0x0, 0x1f, 0x0, 0x0,
    0x7c, 0x0, 0x1, 0xf0, 0x2, 0xaf, 0xea, 0x4f,
    0xff, 0xfe,

    /* U+00CE "Î" */
    0x0, 0xbd, 0x0, 0x7, 0xfc, 0x0, 0x7c, 0x7c,
    0x3, 0x80, 0x7c, 0x0, 0x0, 0x0, 0x0, 0x0,
    0x3, 0xff, 0xff, 0x8a, 0xbf, 0xa9, 0x0, 0x7c,
    0x0, 0x1, 0xf0, 0x0, 0x7, 0xc0, 0x0, 0x1f,
    0x0, 0x0, 0x7c, 0x0, 0x1, 0xf0, 0x0, 0x7,
    0xc0, 0x0, 0x1f, 0x0, 0x0, 0x7c, 0x0, 0x1,
    0xf0, 0x0, 0x7, 0xc0, 0x0, 0x1f, 0x0, 0x0,
    0x7c, 0x0, 0x1, 0xf0, 0x2, 0xaf, 0xea, 0x4f,
    0xff, 0xfe,

    /* U+00CF "Ï" */
    0xb, 0x42, 0xc0, 0x2e, 0xf, 0x40, 0x20, 0x14,
    0x0, 0x0, 0x0, 0x0, 0x0, 0x0, 0xff, 0xff,
    0xe2, 0xaf, 0xea, 0x40, 0x1f, 0x0, 0x0, 0x7c,
    0x0, 0x1, 0xf0, 0x0, 0x7, 0xc0, 0x0, 0x1f,
    0x0, 0x0, 0x7c, 0x0, 0x1, 0xf0, 0x0, 0x7,
    0xc0, 0x0, 0x1f, 0x0, 0x0, 0x7c, 0x0, 0x1,
    0xf0, 0x0, 0x7, 0xc0, 0x0, 0x1f, 0x0, 0x0,
    0x7c, 0x0, 0xab, 0xfa, 0x93, 0xff, 0xff, 0x80,

    /* U+00D0 "Ð" */
    0x1f, 0xff, 0x90, 0x0, 0x7f, 0xff, 0xf4, 0x1,
    0xf0, 0x7, 0xf4, 0x7, 0xc0, 0x2, 0xf0, 0x1f,
    0x0, 0x3, 0xe0, 0x7c, 0x0, 0x7, 0xc1, 0xf0,
    0x0, 0xf, 0x47, 0xc0, 0x0, 0x3d, 0xff, 0xff,
    0xc0, 0xfb, 0xff, 0xff, 0x3, 0xe1, 0xf0, 0x0,
    0xf, 0x47, 0xc0, 0x0, 0x7d, 0x1f, 0x0, 0x2,
    0xf0, 0x7c, 0x0, 0xf, 0x81, 0xf0, 0x0, 0xfc,
    0x7, 0xc0, 0x6f, 0xd0, 0x1f, 0xff, 0xfc, 0x0,
    0x7f, 0xfe, 0x40, 0x0,

    /* U+00D1 "Ñ" */
    0x2, 0xf9, 0xd, 0x1, 0xff, 0xff, 0x0, 0xb0,
    0x6f, 0x40, 0x0, 0x0, 0x0, 0x0, 0x0, 0x0,
    0x1f, 0x80, 0x1, 0xf7, 0xf0, 0x0, 0x7d, 0xfe,
    0x0, 0x1f, 0x7f, 0xc0, 0x7, 0xdf, 0xb8, 0x1,
    0xf7, 0xcf, 0x0, 0x7d, 0xf2, 0xe0, 0x1f, 0x7c,
    0x3c, 0x7, 0xdf, 0xb, 0x81, 0xf7, 0xc0, 0xf0,
    0x7d, 0xf0, 0x2e, 0x1f, 0x7c, 0x3, 0xc7, 0xdf,
    0x0, 0xb9, 0xf7, 0xc0, 0xf, 0x7d, 0xf0, 0x2,
    0xff, 0x7c, 0x0, 0x3f, 0xdf, 0x0, 0xb, 0xf7,
    0xc0, 0x0, 0xfc,

    /* U+00D2 "Ò" */
    0x1, 0xf4, 0x0, 0x0, 0xb, 0xc0, 0x0, 0x0,
    0x3d, 0x0, 0x0, 0x0, 0xb0, 0x0, 0x0, 0x0,
    0x0, 0x0, 0x0, 0x0, 0x0, 0x0, 0xbf, 0xd0,
    0x0, 0x7f, 0xff, 0xc0, 0x1f, 0xd0, 0x7f, 0x3,
    0xf0, 0x0, 0xf4, 0x7d, 0x0, 0xb, 0xcb, 0xc0,
    0x0, 0x7c, 0xfc, 0x0, 0x3, 0xdf, 0x80, 0x0,
    0x3d, 0xf8, 0x0, 0x3, 0xef, 0x80, 0x0, 0x3e,
    0xf8, 0x0, 0x3, 0xdf, 0xc0, 0x0, 0x3d, 0xbc,
    0x0, 0x7, 0xc7, 0xd0, 0x0, 0xbc, 0x3f, 0x0,
    0xf, 0x41, 0xfd, 0x7, 0xf0, 0xb, 0xff, 0xfc,
    0x0, 0xb, 0xfd, 0x0,

    /* U+00D3 "Ó" */
    0x0, 0x2, 0xf0, 0x0, 0x0, 0x3d, 0x0, 0x0,
    0xf, 0x80, 0x0, 0x1, 0xe0, 0x0, 0x0, 0x0,
    0x0, 0x0, 0x0, 0x0, 0x0, 0x0, 0xbf, 0xd0,
    0x0, 0x7f, 0xff, 0xc0, 0x1f, 0xd0, 0x7f, 0x3,
    0xf0, 0x0, 0xf4, 0x7d, 0x0, 0xb, 0xcb, 0xc0,
    0x0, 0x7c, 0xfc, 0x0, 0x3, 0xdf, 0x80, 0x0,
    0x3d, 0xf8, 0x0, 0x3, 0xef, 0x80, 0x0, 0x3e,
    0xf8, 0x0, 0x3, 0xdf, 0xc0, 0x0, 0x3d, 0xbc,
    0x0, 0x7, 0xc7, 0xd0, 0x0, 0xbc, 0x3f, 0x0,
    0xf, 0x41, 0xfd, 0x7, 0xf0, 0xb, 0xff, 0xfc,
    0x0, 0xb, 0xfd, 0x0,

    /* U+00D4 "Ô" */
    0x0, 0x2f, 0x40, 0x0, 0x7, 0xfc, 0x0, 0x1,
    0xf1, 0xf0, 0x0, 0x38, 0x7, 0xc0, 0x0, 0x0,
    0x0, 0x0, 0x0, 0x0, 0x0, 0x0, 0xbf, 0xd0,
    0x0, 0x7f, 0xff, 0xc0, 0x1f, 0xd0, 0x7f, 0x3,
    0xf0, 0x0, 0xf4, 0x7d, 0x0, 0xb, 0xcb, 0xc0,
    0x0, 0x7c, 0xfc, 0x0, 0x3, 0xdf, 0x80, 0x0,
    0x3d, 0xf8, 0x0, 0x3, 0xef, 0x80, 0x0, 0x3e,
    0xf8, 0x0, 0x3, 0xdf, 0xc0, 0x0, 0x3d, 0xbc,
    0x0, 0x7, 0xc7, 0xd0, 0x0, 0xbc, 0x3f, 0x0,
    0xf, 0x41, 0xfd, 0x7, 0xf0, 0xb, 0xff, 0xfc,
    0x0, 0xb, 0xfd, 0x0,

    /* U+00D5 "Õ" */
    0x1, 0xf9, 0xd, 0x0, 0x7f, 0xff, 0xc0, 0xb,
    0x6, 0xf4, 0x0, 0x0, 0x0, 0x0, 0x0, 0x0,
    0x0, 0x0, 0xb, 0xfd, 0x0, 0x7, 0xff, 0xfc,
    0x1, 0xfd, 0x7, 0xf0, 0x3f, 0x0, 0xf, 0x47,
    0xd0, 0x0, 0xbc, 0xbc, 0x0, 0x7, 0xcf, 0xc0,
    0x0, 0x3d, 0xf8, 0x0, 0x3, 0xdf, 0x80, 0x0,
    0x3e, 0xf8, 0x0, 0x3, 0xef, 0x80, 0x0, 0x3d,
    0xfc, 0x0, 0x3, 0xdb, 0xc0, 0x0, 0x7c, 0x7d,
    0x0, 0xb, 0xc3, 0xf0, 0x0, 0xf4, 0x1f, 0xd0,
    0x7f, 0x0, 0xbf, 0xff, 0xc0, 0x0, 0xbf, 0xd0,
    0x0,

    /* U+00D6 "Ö" */
    0x2, 0xd0, 0xb0, 0x0, 0x2e, 0xf, 0x40, 0x0,
    0x80, 0x50, 0x0, 0x0, 0x0, 0x0, 0x0, 0x0,
    0x0, 0x0, 0xb, 0xfd, 0x0, 0x7, 0xff, 0xfc,
    0x1, 0xfd, 0x7, 0xf0, 0x3f, 0x0, 0xf, 0x47,
    0xd0, 0x0, 0xbc, 0xbc, 0x0, 0x7, 0xcf, 0xc0,
    0x0, 0x3d, 0xf8, 0x0, 0x3, 0xdf, 0x80, 0x0,
    0x3e, 0xf8, 0x0, 0x3, 0xef, 0x80, 0x0, 0x3d,
    0xfc, 0x0, 0x3, 0xdb, 0xc0, 0x0, 0x7c, 0x7d,
    0x0, 0xb, 0xc3, 0xf0, 0x0, 0xf4, 0x1f, 0xd0,
    0x7f, 0x0, 0xbf, 0xff, 0xc0, 0x0, 0xbf, 0xd0,
    0x0,

    /* U+00D7 "×" */
    0x0, 0x0, 0x0, 0x38, 0x0, 0x38, 0x3e, 0x0,
    0xf8, 0xf, 0x83, 0xe0, 0x3, 0xef, 0x80, 0x0,
    0xfe, 0x0, 0x0, 0xfe, 0x0, 0x3, 0xef, 0x80,
    0xf, 0x83, 0xe0, 0x3d, 0x0, 0xf8, 0x34, 0x0,
    0x38, 0x0, 0x0, 0x0,

    /* U+00D8 "Ø" */
    0x0, 0x0, 0x0, 0x40, 0xb, 0xfd, 0x2d, 0xb,
    0xff, 0xff, 0xc1, 0xfd, 0x7, 0xf4, 0x3f, 0x0,
    0x2f, 0x47, 0xd0, 0x3, 0xfc, 0xbc, 0x0, 0xf3,
    0xcf, 0xc0, 0x1d, 0x3d, 0xf8, 0x3, 0x83, 0xdf,
    0x80, 0xb0, 0x3e, 0xf8, 0x1d, 0x3, 0xef, 0x83,
    0xc0, 0x3d, 0xf8, 0xb0, 0x3, 0xdb, 0xce, 0x0,
    0x7c, 0x7f, 0xc0, 0xb, 0xc3, 0xf4, 0x0, 0xf4,
    0x2f, 0xd0, 0x7f, 0x3, 0xff, 0xff, 0xc0, 0xf8,
    0xbf, 0xd0, 0x1, 0x0, 0x0, 0x0,

    /* U+00D9 "Ù" */
    0x1, 0xf4, 0x0, 0x0, 0xb, 0xc0, 0x0, 0x0,
    0x2e, 0x0, 0x0, 0x0, 0xb4, 0x0, 0x0, 0x0,
    0x0, 0x0, 0x0, 0x0, 0x0, 0x7c, 0x0, 0x7,
    0xc7, 0xc0, 0x0, 0x7c, 0x7c, 0x0, 0x7, 0xc7,
    0xc0, 0x0, 0x7c, 0x7c, 0x0, 0x7, 0xc7, 0xc0,
    0x0, 0x7c, 0x7c, 0x0, 0x7, 0xc7, 0xc0, 0x0,
    0x7c, 0x7c, 0x0, 0x7, 0xc7, 0xc0, 0x0, 0x7c,
    0x7c, 0x0, 0x7, 0xc7, 0xc0, 0x0, 0x7c, 0x7c,
    0x0, 0x7, 0xc3, 0xd0, 0x0, 0xbc, 0x3e, 0x0,
    0xf, 0x81, 0xf8, 0x7, 0xf0, 0xb, 0xff, 0xfc,
    0x0, 0x1b, 0xfe, 0x0,

    /* U+00DA "Ú" */
    0x0, 0x3, 0xf0, 0x0, 0x0, 0x7d, 0x0, 0x0,
    0xf, 0x40, 0x0, 0x2, 0xd0, 0x0, 0x0, 0x0,
    0x0, 0x0, 0x0, 0x0, 0x0, 0x7c, 0x0, 0x7,
    0xc7, 0xc0, 0x0, 0x7c, 0x7c, 0x0, 0x7, 0xc7,
    0xc0, 0x0, 0x7c, 0x7c, 0x0, 0x7, 0xc7, 0xc0,
    0x0, 0x7c, 0x7c, 0x0, 0x7, 0xc7, 0xc0, 0x0,
    0x7c, 0x7c, 0x0, 0x7, 0xc7, 0xc0, 0x0, 0x7c,
    0x7c, 0x0, 0x7, 0xc7, 0xc0, 0x0, 0x7c, 0x7c,
    0x0, 0x7, 0xc3, 0xd0, 0x0, 0xbc, 0x3e, 0x0,
    0xf, 0x81, 0xf8, 0x7, 0xf0, 0xb, 0xff, 0xfc,
    0x0, 0x1b, 0xfe, 0x0,

    /* U+00DB "Û" */
    0x0, 0x2f, 0x40, 0x0, 0x7, 0xfc, 0x0, 0x1,
    0xf1, 0xf0, 0x0, 0x38, 0x7, 0xc0, 0x0, 0x0,
    0x0, 0x0, 0x0, 0x0, 0x0, 0x7c, 0x0, 0x7,
    0xc7, 0xc0, 0x0, 0x7c, 0x7c, 0x0, 0x7, 0xc7,
    0xc0, 0x0, 0x7c, 0x7c, 0x0, 0x7, 0xc7, 0xc0,
    0x0, 0x7c, 0x7c, 0x0, 0x7, 0xc7, 0xc0, 0x0,
    0x7c, 0x7c, 0x0, 0x7, 0xc7, 0xc0, 0x0, 0x7c,
    0x7c, 0x0, 0x7, 0xc7, 0xc0, 0x0, 0x7c, 0x7c,
    0x0, 0x7, 0xc3, 0xd0, 0x0, 0xbc, 0x3e, 0x0,
    0xf, 0x81, 0xf8, 0x7, 0xf0, 0xb, 0xff, 0xfc,
    0x0, 0x1b, 0xfe, 0x0,

    /* U+00DC "Ü" */
    0x2, 0xd0, 0xb0, 0x0, 0x2e, 0xf, 0x40, 0x0,
    0x80, 0x50, 0x0, 0x0, 0x0, 0x0, 0x0, 0x0,
    0x0, 0x7, 0xc0, 0x0, 0x7c, 0x7c, 0x0, 0x7,
    0xc7, 0xc0, 0x0, 0x7c, 0x7c, 0x0, 0x7, 0xc7,
    0xc0, 0x0, 0x7c, 0x7c, 0x0, 0x7, 0xc7, 0xc0,
    0x0, 0x7c, 0x7c, 0x0, 0x7, 0xc7, 0xc0, 0x0,
    0x7c, 0x7c, 0x0, 0x7, 0xc7, 0xc0, 0x0, 0x7c,
    0x7c, 0x0, 0x7, 0xc7, 0xc0, 0x0, 0x7c, 0x3d,
    0x0, 0xb, 0xc3, 0xe0, 0x0, 0xf8, 0x1f, 0x80,
    0x7f, 0x0, 0xbf, 0xff, 0xc0, 0x1, 0xbf, 0xe0,
    0x0,

    /* U+00DD "Ý" */
    0x0, 0x0, 0xfc, 0x0, 0x0, 0x1, 0xf4, 0x0,
    0x0, 0x3, 0xd0, 0x0, 0x0, 0xb, 0x40, 0x0,
    0x0, 0x0, 0x0, 0x0, 0x0, 0x0, 0x0, 0x0,
    0x7d, 0x0, 0x0, 0xbc, 0x2f, 0x0, 0x0, 0xf4,
    0xf, 0x40, 0x2, 0xe0, 0xb, 0xc0, 0x3, 0xc0,
    0x3, 0xd0, 0xb, 0x80, 0x2, 0xf0, 0x1f, 0x0,
    0x0, 0xf4, 0x3e, 0x0, 0x0, 0x7c, 0x7c, 0x0,
    0x0, 0x3d, 0xf4, 0x0, 0x0, 0x1f, 0xf0, 0x0,
    0x0, 0xb, 0xd0, 0x0, 0x0, 0x7, 0xc0, 0x0,
    0x0, 0x7, 0xc0, 0x0, 0x0, 0x7, 0xc0, 0x0,
    0x0, 0x7, 0xc0, 0x0, 0x0, 0x7, 0xc0, 0x0,
    0x0, 0x7, 0xc0, 0x0, 0x0, 0x7, 0xc0, 0x0,

    /* U+00DE "Þ" */
    0xf8, 0x0, 0x0, 0xf8, 0x0, 0x0, 0xf8, 0x0,
    0x0, 0xff, 0xff, 0x80, 0xff, 0xff, 0xf4, 0xf8,
    0x1, 0xfc, 0xf8, 0x0, 0x3e, 0xf8, 0x0, 0x2f,
    0xf8, 0x0, 0x2f, 0xf8, 0x0, 0x2f, 0xf8, 0x0,
    0x3d, 0xf8, 0x1, 0xfc, 0xff, 0xff, 0xf0, 0xff,
    0xfe, 0x40, 0xf8, 0x0, 0x0, 0xf8, 0x0, 0x0,
    0xf8, 0x0, 0x0, 0xf8, 0x0, 0x0,

    /* U+00DF "ß" */
    0x7, 0xff, 0x40, 0xf, 0xff, 0xfc, 0xb, 0xd0,
    0x1f, 0x43, 0xe0, 0x2, 0xe0, 0xf4, 0x0, 0xf8,
    0x3d, 0x0, 0xbc, 0xf, 0x40, 0xbc, 0x3, 0xd0,
    0xbc, 0x0, 0xf4, 0x3d, 0x0, 0x3d, 0xf, 0x80,
    0xf, 0x41, 0xfc, 0x3, 0xd0, 0xf, 0xe0, 0xf4,
    0x0, 0xbe, 0x3d, 0x0, 0x7, 0xdf, 0x40, 0x0,
    0xfb, 0xd0, 0x0, 0x3e, 0xf4, 0x80, 0x1f, 0x7d,
    0x3f, 0xff, 0xcf, 0x47, 0xff, 0x40,

    /* U+00E0 "à" */
    0x2, 0xf4, 0x0, 0x0, 0x2f, 0x0, 0x0, 0x2,
    0xe0, 0x0, 0x0, 0x18, 0x0, 0x0, 0x0, 0x0,
    0x0, 0x7f, 0xf8, 0x0, 0xff, 0xff, 0xc0, 0x24,
    0x1, 0xf8, 0x0, 0x0, 0x1f, 0x0, 0x0, 0x7,
    0xc0, 0x5, 0x6a, 0xf0, 0x2f, 0xff, 0xfc, 0x2f,
    0x80, 0x1f, 0xf, 0x40, 0x7, 0xc7, 0xc0, 0x1,
    0xf0, 0xf0, 0x0, 0xfc, 0x3e, 0x0, 0xff, 0x7,
    0xff, 0xf3, 0xc0, 0x7f, 0xe0, 0xf0,

    /* U+00E1 "á" */
    0x0, 0x2, 0xf0, 0x0, 0x1, 0xf4, 0x0, 0x0,
    0xf4, 0x0, 0x0, 0x60, 0x0, 0x0, 0x0, 0x0,
    0x0, 0x7f, 0xf8, 0x0, 0xff, 0xff, 0xc0, 0x24,
    0x1, 0xf8, 0x0, 0x0, 0x1f, 0x0, 0x0, 0x7,
    0xc0, 0x5, 0x6a, 0xf0, 0x2f, 0xff, 0xfc, 0x2f,
    0x80, 0x1f, 0xf, 0x40, 0x7, 0xc7, 0xc0, 0x1,
    0xf0, 0xf0, 0x0, 0xfc, 0x3e, 0x0, 0xff, 0x7,
    0xff, 0xf3, 0xc0, 0x7f, 0xe0, 0xf0,

    /* U+00E2 "â" */
    0x0, 0x2f, 0x40, 0x0, 0x2f, 0xf4, 0x0, 0x1e,
    0xf, 0x40, 0x9, 0x0, 0xa0, 0x0, 0x0, 0x0,
    0x0, 0x7f, 0xf8, 0x0, 0xff, 0xff, 0xc0, 0x24,
    0x1, 0xf8, 0x0, 0x0, 0x1f, 0x0, 0x0, 0x7,
    0xc0, 0x5, 0x6a, 0xf0, 0x2f, 0xff, 0xfc, 0x2f,
    0x80, 0x1f, 0xf, 0x40, 0x7, 0xc7, 0xc0, 0x1,
    0xf0, 0xf0, 0x0, 0xfc, 0x3e, 0x0, 0xff, 0x7,
    0xff, 0xf3, 0xc0, 0x7f, 0xe0, 0xf0,

    /* U+00E3 "ã" */
    0x2, 0xff, 0xfd, 0x1, 0xff, 0xfe, 0x0, 0x0,
    0x0, 0x0, 0x0, 0x0, 0x0, 0x1, 0xff, 0xe0,
    0x3, 0xff, 0xff, 0x0, 0x90, 0x7, 0xe0, 0x0,
    0x0, 0x7c, 0x0, 0x0, 0x1f, 0x0, 0x15, 0xab,
    0xc0, 0xbf, 0xff, 0xf0, 0xbe, 0x0, 0x7c, 0x3d,
    0x0, 0x1f, 0x1f, 0x0, 0x7, 0xc3, 0xc0, 0x3,
    0xf0, 0xf8, 0x3, 0xfc, 0x1f, 0xff, 0xcf, 0x1,
    0xff, 0x83, 0xc0,

    /* U+00E4 "ä" */
    0x1, 0xe0, 0xb4, 0x0, 0xb8, 0x3d, 0x0, 0x8,
    0x6, 0x0, 0x0, 0x0, 0x0, 0x1, 0xff, 0xe0,
    0x3, 0xff, 0xff, 0x0, 0x90, 0x7, 0xe0, 0x0,
    0x0, 0x7c, 0x0, 0x0, 0x1f, 0x0, 0x15, 0xab,
    0xc0, 0xbf, 0xff, 0xf0, 0xbe, 0x0, 0x7c, 0x3d,
    0x0, 0x1f, 0x1f, 0x0, 0x7, 0xc3, 0xc0, 0x3,
    0xf0, 0xf8, 0x3, 0xfc, 0x1f, 0xff, 0xcf, 0x1,
    0xff, 0x83, 0xc0,

    /* U+00E5 "å" */
    0x0, 0x0, 0x0, 0x0, 0xf, 0xd0, 0x0, 0xf,
    0x5d, 0x0, 0x3, 0x43, 0x80, 0x0, 0xe1, 0xd0,
    0x0, 0x1f, 0xe0, 0x0, 0x0, 0x0, 0x0, 0x0,
    0x0, 0x0, 0x1, 0xff, 0xe0, 0x3, 0xff, 0xff,
    0x0, 0x90, 0x7, 0xe0, 0x0, 0x0, 0x7c, 0x0,
    0x0, 0x1f, 0x0, 0x15, 0xab, 0xc0, 0xbf, 0xff,
    0xf0, 0xbe, 0x0, 0x7c, 0x3d, 0x0, 0x1f, 0x1f,
    0x0, 0x7, 0xc3, 0xc0, 0x3, 0xf0, 0xf8, 0x3,
    0xfc, 0x1f, 0xff, 0xcf, 0x1, 0xff, 0x83, 0xc0,

    /* U+00E6 "æ" */
    0x7, 0xf8, 0x1f, 0x80, 0x1f, 0xfe, 0x7f, 0xf0,
    0x8, 0xf, 0xe0, 0xf4, 0x0, 0x7, 0xc0, 0x7c,
    0x0, 0x7, 0xc0, 0x3c, 0x2, 0xaf, 0xea, 0xfc,
    0x1f, 0xff, 0xff, 0xfc, 0x3e, 0x7, 0xc0, 0x0,
    0x7c, 0x7, 0xc0, 0x0, 0x7c, 0xb, 0xc0, 0x0,
    0x7c, 0xf, 0xd0, 0x0, 0x3d, 0x2e, 0xf4, 0x18,
    0x2f, 0xf8, 0x7f, 0xf8, 0xb, 0xe0, 0x1f, 0xe0,

    /* U+00E7 "ç" */
    0x0, 0xbf, 0xf8, 0xb, 0xff, 0xfc, 0x2f, 0x90,
    0x18, 0x3e, 0x0, 0x0, 0x7c, 0x0, 0x0, 0xb8,
    0x0, 0x0, 0xf8, 0x0, 0x0, 0xf8, 0x0, 0x0,
    0xb8, 0x0, 0x0, 0x7c, 0x0, 0x0, 0x3e, 0x0,
    0x0, 0x2f, 0x80, 0x18, 0xb, 0xff, 0xfc, 0x0,
    0xbf, 0xe4, 0x0, 0x1c, 0x0, 0x0, 0x3d, 0x0,
    0x0, 0xb, 0x80, 0x0, 0x3, 0x80, 0x0, 0x5b,
    0x80, 0x0, 0xfe, 0x0,

    /* U+00E8 "è" */
    0x0, 0xfc, 0x0, 0x0, 0xf, 0x40, 0x0, 0x0,
    0xf0, 0x0, 0x0, 0x9, 0x0, 0x0, 0x0, 0x0,
    0x0, 0x2f, 0xf8, 0x0, 0x3f, 0xff, 0xd0, 0x3e,
    0x0, 0xbc, 0x2e, 0x0, 0xf, 0x8f, 0x40, 0x2,
    0xf3, 0xff, 0xff, 0xfd, 0xff, 0xff, 0xff, 0x7c,
    0x0, 0x0, 0xf, 0x40, 0x0, 0x3, 0xe0, 0x0,
    0x0, 0xbc, 0x0, 0x0, 0xf, 0xd0, 0x6, 0x0,
    0xff, 0xff, 0xc0, 0x6, 0xff, 0x90,

    /* U+00E9 "é" */
    0x0, 0x2, 0xf0, 0x0, 0x1, 0xf4, 0x0, 0x0,
    0xf4, 0x0, 0x0, 0x60, 0x0, 0x0, 0x0, 0x0,
    0x0, 0x2f, 0xf8, 0x0, 0x3f, 0xff, 0xd0, 0x3e,
    0x0, 0xbc, 0x2e, 0x0, 0xf, 0x8f, 0x40, 0x2,
    0xf3, 0xff, 0xff, 0xfd, 0xff, 0xff, 0xff, 0x7c,
    0x0, 0x0, 0xf, 0x40, 0x0, 0x3, 0xe0, 0x0,
    0x0, 0xbc, 0x0, 0x0, 0xf, 0xd0, 0x6, 0x0,
    0xff, 0xff, 0xc0, 0x6, 0xff, 0x90,

    /* U+00EA "ê" */
    0x0, 0x2f, 0x80, 0x0, 0x1f, 0xf4, 0x0, 0x1f,
    0xf, 0x40, 0x9, 0x0, 0x60, 0x0, 0x0, 0x0,
    0x0, 0x2f, 0xf8, 0x0, 0x3f, 0xff, 0xd0, 0x3e,
    0x0, 0xbc, 0x2e, 0x0, 0xf, 0x8f, 0x40, 0x2,
    0xf3, 0xff, 0xff, 0xfd, 0xff, 0xff, 0xff, 0x7c,
    0x0, 0x0, 0xf, 0x40, 0x0, 0x3, 0xe0, 0x0,
    0x0, 0xbc, 0x0, 0x0, 0xf, 0xd0, 0x6, 0x0,
    0xff, 0xff, 0xc0, 0x6, 0xff, 0x90,

    /* U+00EB "ë" */
    0x1, 0xe0, 0xb4, 0x0, 0xbc, 0x3e, 0x0, 0x8,
    0x2, 0x0, 0x0, 0x0, 0x0, 0x0, 0xbf, 0xe0,
    0x0, 0xff, 0xff, 0x40, 0xf8, 0x2, 0xf0, 0xb8,
    0x0, 0x3e, 0x3d, 0x0, 0xb, 0xcf, 0xff, 0xff,
    0xf7, 0xff, 0xff, 0xfd, 0xf0, 0x0, 0x0, 0x3d,
    0x0, 0x0, 0xf, 0x80, 0x0, 0x2, 0xf0, 0x0,
    0x0, 0x3f, 0x40, 0x18, 0x3, 0xff, 0xff, 0x0,
    0x1b, 0xfe, 0x40,

    /* U+00EC "ì" */
    0x7, 0xd0, 0x0, 0x2, 0xf0, 0x0, 0x0, 0xb8,
    0x0, 0x0, 0x14, 0x0, 0x0, 0x0, 0x0, 0x2f,
    0xfc, 0x0, 0x1a, 0xfc, 0x0, 0x0, 0x3c, 0x0,
    0x0, 0x3c, 0x0, 0x0, 0x3c, 0x0, 0x0, 0x3c,
    0x0, 0x0, 0x3c, 0x0, 0x0, 0x3c, 0x0, 0x0,
    0x3c, 0x0, 0x0, 0x3c, 0x0, 0x0, 0x3c, 0x0,
    0x0, 0x3c, 0x0, 0x6a, 0xbe, 0xa9, 0xbf, 0xff,
    0xfe,

    /* U+00ED "í" */
    0x0, 0x7, 0xd0, 0x0, 0xf, 0x80, 0x0, 0x2d,
    0x0, 0x0, 0x14, 0x0, 0x0, 0x0, 0x0, 0x2f,
    0xfc, 0x0, 0x1a, 0xfc, 0x0, 0x0, 0x3c, 0x0,
    0x0, 0x3c, 0x0, 0x0, 0x3c, 0x0, 0x0, 0x3c,
    0x0, 0x0, 0x3c, 0x0, 0x0, 0x3c, 0x0, 0x0,
    0x3c, 0x0, 0x0, 0x3c, 0x0, 0x0, 0x3c, 0x0,
    0x0, 0x3c, 0x0, 0x6a, 0xbe, 0xa9, 0xbf, 0xff,
    0xfe,

    /* U+00EE "î" */
    0x0, 0xfd, 0x0, 0x2, 0xff, 0x40, 0xb, 0x83,
    0xd0, 0x4, 0x0, 0x50, 0x0, 0x0, 0x0, 0x2f,
    0xfc, 0x0, 0x1a, 0xfc, 0x0, 0x0, 0x3c, 0x0,
    0x0, 0x3c, 0x0, 0x0, 0x3c, 0x0, 0x0, 0x3c,
    0x0, 0x0, 0x3c, 0x0, 0x0, 0x3c, 0x0, 0x0,
    0x3c, 0x0, 0x0, 0x3c, 0x0, 0x0, 0x3c, 0x0,
    0x0, 0x3c, 0x0, 0x6a, 0xbe, 0xa9, 0xbf, 0xff,
    0xfe,

    /* U+00EF "ï" */
    0xb, 0x43, 0xc0, 0xf, 0x83, 0xd0, 0x2, 0x1,
    0x40, 0x0, 0x0, 0x0, 0x2f, 0xfc, 0x0, 0x1a,
    0xfc, 0x0, 0x0, 0x3c, 0x0, 0x0, 0x3c, 0x0,
    0x0, 0x3c, 0x0, 0x0, 0x3c, 0x0, 0x0, 0x3c,
    0x0, 0x0, 0x3c, 0x0, 0x0, 0x3c, 0x0, 0x0,
    0x3c, 0x0, 0x0, 0x3c, 0x0, 0x0, 0x3c, 0x0,
    0x6a, 0xbe, 0xa9, 0xbf, 0xff, 0xfe,

    /* U+00F0 "ð" */
    0x0, 0x0, 0x0, 0x0, 0x3d, 0xb, 0x0, 0xb,
    0xff, 0x80, 0x0, 0xbf, 0x40, 0x0, 0xff, 0xf0,
    0x0, 0xb8, 0x2f, 0x0, 0x0, 0x3, 0xd0, 0x0,
    0x0, 0x7c, 0x1, 0xbf, 0x8f, 0x2, 0xff, 0xff,
    0xd1, 0xf8, 0x3, 0xf8, 0xf8, 0x0, 0x3f, 0x3d,
    0x0, 0xb, 0xcf, 0x0, 0x2, 0xf3, 0xc0, 0x0,
    0xb8, 0xf4, 0x0, 0x3e, 0x3e, 0x0, 0xf, 0x7,
    0xe0, 0xf, 0x80, 0x7f, 0xff, 0xc0, 0x2, 0xff,
    0x40,

    /* U+00F1 "ñ" */
    0xb, 0xe4, 0x74, 0x1f, 0xff, 0xf0, 0x2c, 0x1b,
    0xc0, 0x0, 0x0, 0x0, 0xf0, 0xbf, 0x90, 0xf7,
    0xff, 0xf8, 0xff, 0x40, 0xbc, 0xfc, 0x0, 0x3d,
    0xf8, 0x0, 0x3e, 0xf4, 0x0, 0x2e, 0xf4, 0x0,
    0x2e, 0xf4, 0x0, 0x2e, 0xf4, 0x0, 0x2e, 0xf4,
    0x0, 0x2e, 0xf4, 0x0, 0x2e, 0xf4, 0x0, 0x2e,
    0xf4, 0x0, 0x2e, 0xf4, 0x0, 0x2e,

    /* U+00F2 "ò" */
    0x0, 0xfc, 0x0, 0x0, 0x3, 0xd0, 0x0, 0x0,
    0xf, 0x0, 0x0, 0x0, 0x24, 0x0, 0x0, 0x0,
    0x0, 0x0, 0xb, 0xfd, 0x0, 0x7, 0xff, 0xfc,
    0x1, 0xf8, 0x3, 0xf0, 0x3e, 0x0, 0xf, 0x43,
    0xc0, 0x0, 0xbc, 0x7c, 0x0, 0x7, 0xcb, 0xc0,
    0x0, 0x7c, 0xbc, 0x0, 0x7, 0xc7, 0xc0, 0x0,
    0x7c, 0x3c, 0x0, 0xb, 0xc3, 0xe0, 0x0, 0xf4,
    0xf, 0x80, 0x3f, 0x0, 0x7f, 0xff, 0xc0, 0x0,
    0xbf, 0xd0, 0x0,

    /* U+00F3 "ó" */
    0x0, 0x3, 0xf0, 0x0, 0x0, 0x7c, 0x0, 0x0,
    0xf, 0x40, 0x0, 0x1, 0x80, 0x0, 0x0, 0x0,
    0x0, 0x0, 0xb, 0xfd, 0x0, 0x7, 0xff, 0xfc,
    0x1, 0xf8, 0x3, 0xf0, 0x3e, 0x0, 0xf, 0x43,
    0xc0, 0x0, 0xbc, 0x7c, 0x0, 0x7, 0xcb, 0xc0,
    0x0, 0x7c, 0xbc, 0x0, 0x7, 0xc7, 0xc0, 0x0,
    0x7c, 0x3c, 0x0, 0xb, 0xc3, 0xe0, 0x0, 0xf4,
    0xf, 0x80, 0x3f, 0x0, 0x7f, 0xff, 0xc0, 0x0,
    0xbf, 0xd0, 0x0,

    /* U+00F4 "ô" */
    0x0, 0x3f, 0x40, 0x0, 0xb, 0xfc, 0x0, 0x2,
    0xe0, 0xf0, 0x0, 0x24, 0x2, 0x80, 0x0, 0x0,
    0x0, 0x0, 0xb, 0xfd, 0x0, 0x7, 0xff, 0xfc,
    0x1, 0xf8, 0x3, 0xf0, 0x3e, 0x0, 0xf, 0x43,
    0xc0, 0x0, 0xbc, 0x7c, 0x0, 0x7, 0xcb, 0xc0,
    0x0, 0x7c, 0xbc, 0x0, 0x7, 0xc7, 0xc0, 0x0,
    0x7c, 0x3c, 0x0, 0xb, 0xc3, 0xe0, 0x0, 0xf4,
    0xf, 0x80, 0x3f, 0x0, 0x7f, 0xff, 0xc0, 0x0,
    0xbf, 0xd0, 0x0,

    /* U+00F5 "õ" */
    0x2, 0xff, 0xfc, 0x0, 0xbf, 0xff, 0x40, 0x0,
    0x0, 0x0, 0x0, 0x0, 0x0, 0x0, 0x0, 0xbf,
    0xd0, 0x0, 0x7f, 0xff, 0xc0, 0x1f, 0x80, 0x3f,
    0x3, 0xe0, 0x0, 0xf4, 0x3c, 0x0, 0xb, 0xc7,
    0xc0, 0x0, 0x7c, 0xbc, 0x0, 0x7, 0xcb, 0xc0,
    0x0, 0x7c, 0x7c, 0x0, 0x7, 0xc3, 0xc0, 0x0,
    0xbc, 0x3e, 0x0, 0xf, 0x40, 0xf8, 0x3, 0xf0,
    0x7, 0xff, 0xfc, 0x0, 0xb, 0xfd, 0x0,

    /* U+00F6 "ö" */
    0x2, 0xd0, 0xf0, 0x0, 0x3d, 0xf, 0x0, 0x1,
    0x80, 0x50, 0x0, 0x0, 0x0, 0x0, 0x0, 0xbf,
    0xd0, 0x0, 0x7f, 0xff, 0xc0, 0x1f, 0x80, 0x3f,
    0x3, 0xe0, 0x0, 0xf4, 0x3c, 0x0, 0xb, 0xc7,
    0xc0, 0x0, 0x7c, 0xbc, 0x0, 0x7, 0xcb, 0xc0,
    0x0, 0x7c, 0x7c, 0x0, 0x7, 0xc3, 0xc0, 0x0,
    0xbc, 0x3e, 0x0, 0xf, 0x40, 0xf8, 0x3, 0xf0,
    0x7, 0xff, 0xfc, 0x0, 0xb, 0xfd, 0x0,

    /* U+00F7 "÷" */
    0x0, 0x1f, 0x0, 0x0, 0xb, 0xc0, 0x0, 0x1,
    0xf0, 0x0, 0x0, 0x0, 0x0, 0x0, 0x0, 0x0,
    0xf, 0xff, 0xff, 0xe3, 0xff, 0xff, 0xf8, 0x0,
    0x0, 0x0, 0x0, 0x0, 0x0, 0x0, 0x7, 0xc0,
    0x0, 0x2, 0xf0, 0x0, 0x0, 0x7c, 0x0,

    /* U+00F8 "ø" */
    0x0, 0x0, 0x5, 0x0, 0xb, 0xfd, 0xf0, 0x7,
    0xff, 0xfe, 0x1, 0xf8, 0xb, 0xf0, 0x3e, 0x0,
    0xff, 0x43, 0xc0, 0x2d, 0xbc, 0x7c, 0x7, 0xc7,
    0xcb, 0xc0, 0xf0, 0x7c, 0xbc, 0x2e, 0x7, 0xc7,
    0xc3, 0xc0, 0x7c, 0x3c, 0xf4, 0xb, 0xc3, 0xfe,
    0x0, 0xf4, 0x1f, 0xc0, 0x3f, 0x0, 0xff, 0xff,
    0xc0, 0x2e, 0xbf, 0xd0, 0x0, 0x80, 0x0, 0x0,

    /* U+00F9 "ù" */
    0x7, 0xd0, 0x0, 0x2, 0xf0, 0x0, 0x0, 0x7c,
    0x0, 0x0, 0x4, 0x0, 0x0, 0x0, 0x0, 0xf4,
    0x0, 0x2e, 0xf4, 0x0, 0x2e, 0xf4, 0x0, 0x2e,
    0xf4, 0x0, 0x2e, 0xf4, 0x0, 0x2e, 0xf4, 0x0,
    0x2e, 0xf4, 0x0, 0x2e, 0xf4, 0x0, 0x3e, 0xf4,
    0x0, 0x3e, 0xf4, 0x0, 0x3e, 0xf8, 0x0, 0x7e,
    0xbd, 0x1, 0xfe, 0x3f, 0xff, 0xae, 0xb, 0xfd,
    0x1e,

    /* U+00FA "ú" */
    0x0, 0xb, 0xc0, 0x0, 0x1f, 0x0, 0x0, 0x3c,
    0x0, 0x0, 0x50, 0x0, 0x0, 0x0, 0x0, 0xf4,
    0x0, 0x2e, 0xf4, 0x0, 0x2e, 0xf4, 0x0, 0x2e,
    0xf4, 0x0, 0x2e, 0xf4, 0x0, 0x2e, 0xf4, 0x0,
    0x2e, 0xf4, 0x0, 0x2e, 0xf4, 0x0, 0x3e, 0xf4,
    0x0, 0x3e, 0xf4, 0x0, 0x3e, 0xf8, 0x0, 0x7e,
    0xbd, 0x1, 0xfe, 0x3f, 0xff, 0xae, 0xb, 0xfd,
    0x1e,

    /* U+00FB "û" */
    0x0, 0xbd, 0x0, 0x2, 0xff, 0x40, 0xb, 0x83,
    0xd0, 0x5, 0x0, 0x50, 0x0, 0x0, 0x0, 0xf4,
    0x0, 0x2e, 0xf4, 0x0, 0x2e, 0xf4, 0x0, 0x2e,
    0xf4, 0x0, 0x2e, 0xf4, 0x0, 0x2e, 0xf4, 0x0,
    0x2e, 0xf4, 0x0, 0x2e, 0xf4, 0x0, 0x3e, 0xf4,
    0x0, 0x3e, 0xf4, 0x0, 0x3e, 0xf8, 0x0, 0x7e,
    0xbd, 0x1, 0xfe, 0x3f, 0xff, 0xae, 0xb, 0xfd,
    0x1e,

    /* U+00FC "ü" */
    0xb, 0x42, 0xc0, 0xb, 0x83, 0xd0, 0x2, 0x1,
    0x40, 0x0, 0x0, 0x0, 0xf4, 0x0, 0x2e, 0xf4,
    0x0, 0x2e, 0xf4, 0x0, 0x2e, 0xf4, 0x0, 0x2e,
    0xf4, 0x0, 0x2e, 0xf4, 0x0, 0x2e, 0xf4, 0x0,
    0x2e, 0xf4, 0x0, 0x3e, 0xf4, 0x0, 0x3e, 0xf4,
    0x0, 0x3e, 0xf8, 0x0, 0x7e, 0xbd, 0x1, 0xfe,
    0x3f, 0xff, 0xae, 0xb, 0xfd, 0x1e,

    /* U+00FD "ý" */
    0x0, 0x3, 0xf0, 0x0, 0x0, 0x7c, 0x0, 0x0,
    0xf, 0x0, 0x0, 0x1, 0x40, 0x0, 0x0, 0x0,
    0x0, 0xb, 0x80, 0x0, 0x3d, 0x7c, 0x0, 0x7,
    0xc3, 0xd0, 0x0, 0xf8, 0x2f, 0x0, 0xf, 0x0,
    0xf0, 0x2, 0xf0, 0xb, 0x80, 0x3d, 0x0, 0x7c,
    0x7, 0xc0, 0x3, 0xd0, 0xb8, 0x0, 0x1f, 0xf,
    0x0, 0x0, 0xf1, 0xf0, 0x0, 0xb, 0xad, 0x0,
    0x0, 0x3f, 0xc0, 0x0, 0x3, 0xf8, 0x0, 0x0,
    0x1f, 0x40, 0x0, 0x1, 0xf0, 0x0, 0x0, 0x3e,
    0x0, 0x0, 0x3, 0xc0, 0x0, 0x0, 0xf8, 0x0,
    0xb, 0xff, 0x0, 0x0, 0xbf, 0x80, 0x0, 0x0,

    /* U+00FE "þ" */
    0xf4, 0x0, 0x0, 0xf4, 0x0, 0x0, 0xf4, 0x0,
    0x0, 0xf4, 0x0, 0x0, 0xf4, 0x0, 0x0, 0xf4,
    0xbf, 0x80, 0xf7, 0xff, 0xf0, 0xfe, 0x0, 0xfc,
    0xfc, 0x0, 0x3d, 0xf8, 0x0, 0x3e, 0xf4, 0x0,
    0x2f, 0xf4, 0x0, 0x2f, 0xf4, 0x0, 0x2f, 0xf4,
    0x0, 0x2f, 0xf8, 0x0, 0x3e, 0xfc, 0x0, 0x3d,
    0xfe, 0x0, 0xfc, 0xf7, 0xff, 0xf0, 0xf4, 0xbf,
    0x80, 0xf4, 0x0, 0x0, 0xf4, 0x0, 0x0, 0xf4,
    0x0, 0x0, 0xf4, 0x0, 0x0, 0xf4, 0x0, 0x0,
    0xf4, 0x0, 0x0,

    /* U+00FF "ÿ" */
    0x1, 0xd0, 0xb0, 0x0, 0x2e, 0xf, 0x40, 0x0,
    0x80, 0x60, 0x0, 0x0, 0x0, 0x0, 0xb8, 0x0,
    0x3, 0xd7, 0xc0, 0x0, 0x7c, 0x3d, 0x0, 0xf,
    0x82, 0xf0, 0x0, 0xf0, 0xf, 0x0, 0x2f, 0x0,
    0xb8, 0x3, 0xd0, 0x7, 0xc0, 0x7c, 0x0, 0x3d,
    0xb, 0x80, 0x1, 0xf0, 0xf0, 0x0, 0xf, 0x1f,
    0x0, 0x0, 0xba, 0xd0, 0x0, 0x3, 0xfc, 0x0,
    0x0, 0x3f, 0x80, 0x0, 0x1, 0xf4, 0x0, 0x0,
    0x1f, 0x0, 0x0, 0x3, 0xe0, 0x0, 0x0, 0x3c,
    0x0, 0x0, 0xf, 0x80, 0x0, 0xbf, 0xf0, 0x0,
    0xb, 0xf8, 0x0, 0x0,

    /* U+0100 "Ā" */
    0x0, 0xff, 0xfd, 0x0, 0x0, 0xff, 0xfd, 0x0,
    0x0, 0x0, 0x0, 0x0, 0x0, 0x0, 0x0, 0x0,
    0x0, 0xb, 0xc0, 0x0, 0x0, 0xf, 0xe0, 0x0,
    0x0, 0x1f, 0xf0, 0x0, 0x0, 0x2d, 0xf0, 0x0,
    0x0, 0x3c, 0xb8, 0x0, 0x0, 0x7c, 0x7c, 0x0,
    0x0, 0xb8, 0x3d, 0x0, 0x0, 0xf0, 0x2e, 0x0,
    0x1, 0xf0, 0x1f, 0x0, 0x2, 0xe0, 0xf, 0x40,
    0x3, 0xff, 0xff, 0x80, 0x7, 0xff, 0xff, 0xc0,
    0xb, 0x80, 0x3, 0xd0, 0xf, 0x0, 0x2, 0xe0,
    0x1f, 0x0, 0x1, 0xf0, 0x2e, 0x0, 0x0, 0xf4,
    0x3d, 0x0, 0x0, 0xb8, 0x7c, 0x0, 0x0, 0x7c,

    /* U+0101 "ā" */
    0x3, 0xff, 0xf4, 0x0, 0xff, 0xfd, 0x0, 0x0,
    0x0, 0x0, 0x0, 0x0, 0x0, 0x1, 0xff, 0xe0,
    0x3, 0xff, 0xff, 0x0, 0x90, 0x7, 0xe0, 0x0,
    0x0, 0x7c, 0x0, 0x0, 0x1f, 0x0, 0x15, 0xab,
    0xc0, 0xbf, 0xff, 0xf0, 0xbe, 0x0, 0x7c, 0x3d,
    0x0, 0x1f, 0x1f, 0x0, 0x7, 0xc3, 0xc0, 0x3,
    0xf0, 0xf8, 0x3, 0xfc, 0x1f, 0xff, 0xcf, 0x1,
    0xff, 0x83, 0xc0,

    /* U+0102 "Ă" */
    0x0, 0x40, 0x5, 0x0, 0x0, 0xe0, 0x1d, 0x0,
    0x0, 0x7f, 0xfc, 0x0, 0x0, 0x1f, 0xe0, 0x0,
    0x0, 0x0, 0x0, 0x0, 0x0, 0x0, 0x0, 0x0,
    0x0, 0xb, 0xc0, 0x0, 0x0, 0xf, 0xe0, 0x0,
    0x0, 0x1f, 0xf0, 0x0, 0x0, 0x2d, 0xf0, 0x0,
    0x0, 0x3c, 0xb8, 0x0, 0x0, 0x7c, 0x7c, 0x0,
    0x0, 0xb8, 0x3d, 0x0, 0x0, 0xf0, 0x2e, 0x0,
    0x1, 0xf0, 0x1f, 0x0, 0x2, 0xe0, 0xf, 0x40,
    0x3, 0xff, 0xff, 0x80, 0x7, 0xff, 0xff, 0xc0,
    0xb, 0x80, 0x3, 0xd0, 0xf, 0x0, 0x2, 0xe0,
    0x1f, 0x0, 0x1, 0xf0, 0x2e, 0x0, 0x0, 0xf4,
    0x3d, 0x0, 0x0, 0xb8, 0x7c, 0x0, 0x0, 0x7c,

    /* U+0103 "ă" */
    0x3, 0x40, 0x74, 0x0, 0xbf, 0xfc, 0x0, 0xb,
    0xf8, 0x0, 0x0, 0x0, 0x0, 0x0, 0x0, 0x0,
    0x0, 0x7f, 0xf8, 0x0, 0xff, 0xff, 0xc0, 0x24,
    0x1, 0xf8, 0x0, 0x0, 0x1f, 0x0, 0x0, 0x7,
    0xc0, 0x5, 0x6a, 0xf0, 0x2f, 0xff, 0xfc, 0x2f,
    0x80, 0x1f, 0xf, 0x40, 0x7, 0xc7, 0xc0, 0x1,
    0xf0, 0xf0, 0x0, 0xfc, 0x3e, 0x0, 0xff, 0x7,
    0xff, 0xf3, 0xc0, 0x7f, 0xe0, 0xf0,

    /* U+0104 "Ą" */
    0x0, 0xb, 0xc0, 0x0, 0x0, 0xf, 0xe0, 0x0,
    0x0, 0x1f, 0xf0, 0x0, 0x0, 0x2e, 0xf0, 0x0,
    0x0, 0x3d, 0xb8, 0x0, 0x0, 0x7c, 0x7c, 0x0,
    0x0, 0xb8, 0x3d, 0x0, 0x0, 0xf4, 0x3e, 0x0,
    0x1, 0xf0, 0x2f, 0x0, 0x2, 0xf0, 0xf, 0x40,
    0x3, 0xe0, 0xf, 0x80, 0x7, 0xff, 0xff, 0xc0,
    0xb, 0xff, 0xff, 0xd0, 0xf, 0x80, 0x3, 0xe0,
    0x1f, 0x0, 0x2, 0xf0, 0x2f, 0x0, 0x0, 0xf4,
    0x3d, 0x0, 0x0, 0xf8, 0x7c, 0x0, 0x0, 0x7c,
    0x0, 0x0, 0x0, 0xf0, 0x0, 0x0, 0x3, 0xc0,
    0x0, 0x0, 0xb, 0x40, 0x0, 0x0, 0xb, 0x40,
    0x0, 0x0, 0x7, 0xe9, 0x0, 0x0, 0x1, 0xfd,

    /* U+0105 "ą" */
    0x1, 0xff, 0xe0, 0x0, 0xff, 0xff, 0xc0, 0xa,
    0x0, 0x7e, 0x0, 0x0, 0x2, 0xf0, 0x0, 0x0,
    0x1f, 0x0, 0x0, 0x0, 0xf0, 0x1, 0xff, 0xff,
    0x1, 0xfe, 0xaa, 0xf0, 0x3e, 0x0, 0x1f, 0x3,
    0xc0, 0x1, 0xf0, 0x3c, 0x0, 0x3f, 0x3, 0xe0,
    0xb, 0xf0, 0x1f, 0xff, 0xcf, 0x0, 0x7f, 0xe0,
    0xf0, 0x0, 0x0, 0x1d, 0x0, 0x0, 0x7, 0x80,
    0x0, 0x0, 0xf0, 0x0, 0x0, 0xf, 0x0, 0x0,
    0x0, 0xbe, 0x80, 0x0, 0x2, 0xfc,

    /* U+0106 "Ć" */
    0x0, 0x0, 0x2f, 0x0, 0x0, 0x3, 0xd0, 0x0,
    0x0, 0xf8, 0x0, 0x0, 0x1d, 0x0, 0x0, 0x0,
    0x0, 0x0, 0x0, 0x0, 0x0, 0x0, 0x1b, 0xff,
    0x80, 0xf, 0xff, 0xff, 0x3, 0xf9, 0x1, 0xc0,
    0xfd, 0x0, 0x0, 0x1f, 0x40, 0x0, 0x3, 0xf0,
    0x0, 0x0, 0x3d, 0x0, 0x0, 0x7, 0xd0, 0x0,
    0x0, 0x7c, 0x0, 0x0, 0x7, 0xc0, 0x0, 0x0,
    0x7c, 0x0, 0x0, 0x3, 0xd0, 0x0, 0x0, 0x3e,
    0x0, 0x0, 0x2, 0xf0, 0x0, 0x0, 0xf, 0xc0,
    0x0, 0x0, 0x7f, 0x80, 0x18, 0x1, 0xff, 0xff,
    0xd0, 0x1, 0xff, 0xe4,

    /* U+0107 "ć" */
    0x0, 0x3, 0xf0, 0x0, 0x7, 0xd0, 0x0, 0xf,
    0x40, 0x0, 0x18, 0x0, 0x0, 0x0, 0x0, 0x0,
    0xbf, 0xf8, 0xb, 0xff, 0xfc, 0x2f, 0x90, 0x18,
    0x3e, 0x0, 0x0, 0x7c, 0x0, 0x0, 0xb8, 0x0,
    0x0, 0xf8, 0x0, 0x0, 0xf8, 0x0, 0x0, 0xb8,
    0x0, 0x0, 0x7c, 0x0, 0x0, 0x3e, 0x0, 0x0,
    0x2f, 0x80, 0x18, 0xb, 0xff, 0xfc, 0x0, 0xbf,
    0xe4,

    /* U+0108 "Ĉ" */
    0x0, 0x2, 0xf4, 0x0, 0x0, 0x7f, 0xc0, 0x0,
    0x1f, 0x1f, 0x0, 0x3, 0x80, 0x7c, 0x0, 0x0,
    0x0, 0x0, 0x0, 0x0, 0x0, 0x0, 0x1b, 0xff,
    0x80, 0xf, 0xff, 0xff, 0x3, 0xf9, 0x1, 0xc0,
    0xfd, 0x0, 0x0, 0x1f, 0x40, 0x0, 0x3, 0xf0,
    0x0, 0x0, 0x3d, 0x0, 0x0, 0x7, 0xd0, 0x0,
    0x0, 0x7c, 0x0, 0x0, 0x7, 0xc0, 0x0, 0x0,
    0x7c, 0x0, 0x0, 0x3, 0xd0, 0x0, 0x0, 0x3e,
    0x0, 0x0, 0x2, 0xf0, 0x0, 0x0, 0xf, 0xc0,
    0x0, 0x0, 0x7f, 0x80, 0x18, 0x1, 0xff, 0xff,
    0xd0, 0x1, 0xff, 0xe4,

    /* U+0109 "ĉ" */
    0x0, 0x2f, 0x40, 0x0, 0xbf, 0xd0, 0x2, 0xe0,
    0xf4, 0x2, 0x40, 0x28, 0x0, 0x0, 0x0, 0x0,
    0xbf, 0xf8, 0xb, 0xff, 0xfc, 0x2f, 0x90, 0x18,
    0x3e, 0x0, 0x0, 0x7c, 0x0, 0x0, 0xb8, 0x0,
    0x0, 0xf8, 0x0, 0x0, 0xf8, 0x0, 0x0, 0xb8,
    0x0, 0x0, 0x7c, 0x0, 0x0, 0x3e, 0x0, 0x0,
    0x2f, 0x80, 0x18, 0xb, 0xff, 0xfc, 0x0, 0xbf,
    0xe4,

    /* U+010A "Ċ" */
    0x0, 0x0, 0xf0, 0x0, 0x0, 0x1f, 0x0, 0x0,
    0x0, 0xe0, 0x0, 0x0, 0x0, 0x0, 0x0, 0x0,
    0x0, 0x0, 0x1, 0xbf, 0xf8, 0x0, 0xff, 0xff,
    0xf0, 0x3f, 0x90, 0x1c, 0xf, 0xd0, 0x0, 0x1,
    0xf4, 0x0, 0x0, 0x3f, 0x0, 0x0, 0x3, 0xd0,
    0x0, 0x0, 0x7d, 0x0, 0x0, 0x7, 0xc0, 0x0,
    0x0, 0x7c, 0x0, 0x0, 0x7, 0xc0, 0x0, 0x0,
    0x3d, 0x0, 0x0, 0x3, 0xe0, 0x0, 0x0, 0x2f,
    0x0, 0x0, 0x0, 0xfc, 0x0, 0x0, 0x7, 0xf8,
    0x1, 0x80, 0x1f, 0xff, 0xfd, 0x0, 0x1f, 0xfe,
    0x40,

    /* U+010B "ċ" */
    0x0, 0xf, 0x0, 0x0, 0x1f, 0x0, 0x0, 0xe,
    0x0, 0x0, 0x0, 0x0, 0x0, 0xbf, 0xf8, 0xb,
    0xff, 0xfc, 0x2f, 0x90, 0x18, 0x3e, 0x0, 0x0,
    0x7c, 0x0, 0x0, 0xb8, 0x0, 0x0, 0xf8, 0x0,
    0x0, 0xf8, 0x0, 0x0, 0xb8, 0x0, 0x0, 0x7c,
    0x0, 0x0, 0x3e, 0x0, 0x0, 0x2f, 0x80, 0x18,
    0xb, 0xff, 0xfc, 0x0, 0xbf, 0xe4,

    /* U+010C "Č" */
    0x0, 0x78, 0x7, 0xc0, 0x1, 0xf1, 0xf0, 0x0,
    0xb, 0xfc, 0x0, 0x0, 0x3f, 0x40, 0x0, 0x0,
    0x0, 0x0, 0x0, 0x0, 0x0, 0x0, 0x1b, 0xff,
    0x80, 0xf, 0xff, 0xff, 0x3, 0xf9, 0x1, 0xc0,
    0xfd, 0x0, 0x0, 0x1f, 0x40, 0x0, 0x3, 0xf0,
    0x0, 0x0, 0x3d, 0x0, 0x0, 0x7, 0xd0, 0x0,
    0x0, 0x7c, 0x0, 0x0, 0x7, 0xc0, 0x0, 0x0,
    0x7c, 0x0, 0x0, 0x3, 0xd0, 0x0, 0x0, 0x3e,
    0x0, 0x0, 0x2, 0xf0, 0x0, 0x0, 0xf, 0xc0,
    0x0, 0x0, 0x7f, 0x80, 0x18, 0x1, 0xff, 0xff,
    0xd0, 0x1, 0xff, 0xe4,

    /* U+010D "č" */
    0x3, 0xc0, 0x3c, 0x0, 0xf5, 0xf0, 0x0, 0x3f,
    0xc0, 0x0, 0x1a, 0x0, 0x0, 0x0, 0x0, 0x0,
    0xbf, 0xf8, 0xb, 0xff, 0xfc, 0x2f, 0x90, 0x18,
    0x3e, 0x0, 0x0, 0x7c, 0x0, 0x0, 0xb8, 0x0,
    0x0, 0xf8, 0x0, 0x0, 0xf8, 0x0, 0x0, 0xb8,
    0x0, 0x0, 0x7c, 0x0, 0x0, 0x3e, 0x0, 0x0,
    0x2f, 0x80, 0x18, 0xb, 0xff, 0xfc, 0x0, 0xbf,
    0xe4,

    /* U+010E "Ď" */
    0x7, 0x80, 0x78, 0x0, 0x1f, 0x1f, 0x0, 0x0,
    0xbf, 0xc0, 0x0, 0x3, 0xf0, 0x0, 0x0, 0x0,
    0x0, 0x0, 0x0, 0x0, 0x0, 0x7f, 0xfe, 0x40,
    0x7, 0xff, 0xff, 0x40, 0x7c, 0x1, 0xfd, 0x7,
    0xc0, 0x2, 0xf0, 0x7c, 0x0, 0xf, 0x87, 0xc0,
    0x0, 0x7c, 0x7c, 0x0, 0x3, 0xd7, 0xc0, 0x0,
    0x3d, 0x7c, 0x0, 0x3, 0xe7, 0xc0, 0x0, 0x3e,
    0x7c, 0x0, 0x3, 0xd7, 0xc0, 0x0, 0x7d, 0x7c,
    0x0, 0xb, 0xc7, 0xc0, 0x0, 0xf8, 0x7c, 0x0,
    0x3f, 0x7, 0xc0, 0x6f, 0xd0, 0x7f, 0xff, 0xf0,
    0x7, 0xff, 0xe4, 0x0,

    /* U+010F "ď" */
    0x0, 0x0, 0x1f, 0x2e, 0x0, 0x0, 0x1f, 0x3c,
    0x0, 0x0, 0x1f, 0x38, 0x0, 0x0, 0x1f, 0x70,
    0x0, 0x0, 0x1f, 0x0, 0x2, 0xfe, 0x1f, 0x0,
    0xf, 0xff, 0xef, 0x0, 0x3f, 0x0, 0xff, 0x0,
    0x7c, 0x0, 0x3f, 0x0, 0xb8, 0x0, 0x2f, 0x0,
    0xf8, 0x0, 0x2f, 0x0, 0xf4, 0x0, 0x1f, 0x0,
    0xf4, 0x0, 0x1f, 0x0, 0xf8, 0x0, 0x2f, 0x0,
    0xb8, 0x0, 0x2f, 0x0, 0x7c, 0x0, 0x3f, 0x0,
    0x3f, 0x0, 0xff, 0x0, 0xf, 0xff, 0xef, 0x0,
    0x2, 0xfe, 0xf, 0x0,

    /* U+0110 "Đ" */
    0x1f, 0xff, 0x90, 0x0, 0x7f, 0xff, 0xf4, 0x1,
    0xf0, 0x7, 0xf4, 0x7, 0xc0, 0x2, 0xf0, 0x1f,
    0x0, 0x3, 0xe0, 0x7c, 0x0, 0x7, 0xc1, 0xf0,
    0x0, 0xf, 0x47, 0xc0, 0x0, 0x3d, 0xff, 0xff,
    0xc0, 0xfb, 0xff, 0xff, 0x3, 0xe1, 0xf0, 0x0,
    0xf, 0x47, 0xc0, 0x0, 0x7d, 0x1f, 0x0, 0x2,
    0xf0, 0x7c, 0x0, 0xf, 0x81, 0xf0, 0x0, 0xfc,
    0x7, 0xc0, 0x6f, 0xd0, 0x1f, 0xff, 0xfc, 0x0,
    0x7f, 0xfe, 0x40, 0x0,

    /* U+0111 "đ" */
    0x0, 0x0, 0xb, 0x80, 0x0, 0x6a, 0xbf, 0x90,
    0x2, 0xff, 0xff, 0x80, 0x0, 0x2, 0xe0, 0x0,
    0x0, 0xb, 0x80, 0x6, 0xfd, 0x2e, 0x0, 0x7f,
    0xff, 0xb8, 0x3, 0xe0, 0x1f, 0xe0, 0x2f, 0x0,
    0x1f, 0x80, 0xf4, 0x0, 0x3e, 0x3, 0xc0, 0x0,
    0xf8, 0xf, 0x0, 0x2, 0xe0, 0x3c, 0x0, 0xb,
    0x80, 0xf0, 0x0, 0x3e, 0x3, 0xd0, 0x0, 0xf8,
    0xb, 0xc0, 0x7, 0xe0, 0xf, 0x80, 0x7f, 0x80,
    0x1f, 0xff, 0xee, 0x0, 0x1b, 0xf8, 0x78, 0x0,

    /* U+0112 "Ē" */
    0xb, 0xff, 0xd0, 0xb, 0xff, 0xe0, 0x0, 0x0,
    0x0, 0x0, 0x0, 0x0, 0x7f, 0xff, 0xfd, 0x7f,
    0xff, 0xfd, 0x7c, 0x0, 0x0, 0x7c, 0x0, 0x0,
    0x7c, 0x0, 0x0, 0x7c, 0x0, 0x0, 0x7c, 0x0,
    0x0, 0x7f, 0xff, 0xfc, 0x7f, 0xff, 0xfc, 0x7c,
    0x0, 0x0, 0x7c, 0x0, 0x0, 0x7c, 0x0, 0x0,
    0x7c, 0x0, 0x0, 0x7c, 0x0, 0x0, 0x7c, 0x0,
    0x0, 0x7c, 0x0, 0x0, 0x7f, 0xff, 0xfd, 0x7f,
    0xff, 0xfd,

    /* U+0113 "ē" */
    0x2, 0xff, 0xf8, 0x0, 0xbf, 0xfe, 0x0, 0x0,
    0x0, 0x0, 0x0, 0x0, 0x0, 0x0, 0xbf, 0xe0,
    0x0, 0xff, 0xff, 0x40, 0xf8, 0x2, 0xf0, 0xb8,
    0x0, 0x3e, 0x3d, 0x0, 0xb, 0xcf, 0xff, 0xff,
    0xf7, 0xff, 0xff, 0xfd, 0xf0, 0x0, 0x0, 0x3d,
    0x0, 0x0, 0xf, 0x80, 0x0, 0x2, 0xf0, 0x0,
    0x0, 0x3f, 0x40, 0x18, 0x3, 0xff, 0xff, 0x0,
    0x1b, 0xfe, 0x40,

    /* U+0114 "Ĕ" */
    0x5, 0x0, 0x50, 0x7, 0x0, 0xf0, 0x3, 0xff,
    0xd0, 0x0, 0xbf, 0x40, 0x0, 0x0, 0x0, 0x0,
    0x0, 0x0, 0x7f, 0xff, 0xfd, 0x7f, 0xff, 0xfd,
    0x7c, 0x0, 0x0, 0x7c, 0x0, 0x0, 0x7c, 0x0,
    0x0, 0x7c, 0x0, 0x0, 0x7c, 0x0, 0x0, 0x7f,
    0xff, 0xfc, 0x7f, 0xff, 0xfc, 0x7c, 0x0, 0x0,
    0x7c, 0x0, 0x0, 0x7c, 0x0, 0x0, 0x7c, 0x0,
    0x0, 0x7c, 0x0, 0x0, 0x7c, 0x0, 0x0, 0x7c,
    0x0, 0x0, 0x7f, 0xff, 0xfd, 0x7f, 0xff, 0xfd,

    /* U+0115 "ĕ" */
    0x2, 0xc0, 0x38, 0x0, 0x7f, 0xfd, 0x0, 0x7,
    0xf9, 0x0, 0x0, 0x0, 0x0, 0x0, 0x0, 0x0,
    0x0, 0x2f, 0xf8, 0x0, 0x3f, 0xff, 0xd0, 0x3e,
    0x0, 0xbc, 0x2e, 0x0, 0xf, 0x8f, 0x40, 0x2,
    0xf3, 0xff, 0xff, 0xfd, 0xff, 0xff, 0xff, 0x7c,
    0x0, 0x0, 0xf, 0x40, 0x0, 0x3, 0xe0, 0x0,
    0x0, 0xbc, 0x0, 0x0, 0xf, 0xd0, 0x6, 0x0,
    0xff, 0xff, 0xc0, 0x6, 0xff, 0x90,

    /* U+0116 "Ė" */
    0x0, 0x2c, 0x0, 0x0, 0x3e, 0x0, 0x0, 0x3d,
    0x0, 0x0, 0x0, 0x0, 0x0, 0x0, 0x0, 0x7f,
    0xff, 0xfd, 0x7f, 0xff, 0xfd, 0x7c, 0x0, 0x0,
    0x7c, 0x0, 0x0, 0x7c, 0x0, 0x0, 0x7c, 0x0,
    0x0, 0x7c, 0x0, 0x0, 0x7f, 0xff, 0xfc, 0x7f,
    0xff, 0xfc, 0x7c, 0x0, 0x0, 0x7c, 0x0, 0x0,
    0x7c, 0x0, 0x0, 0x7c, 0x0, 0x0, 0x7c, 0x0,
    0x0, 0x7c, 0x0, 0x0, 0x7c, 0x0, 0x0, 0x7f,
    0xff, 0xfd, 0x7f, 0xff, 0xfd,

    /* U+0117 "ė" */
    0x0, 0xf, 0x0, 0x0, 0x3, 0xd0, 0x0, 0x0,
    0xb0, 0x0, 0x0, 0x0, 0x0, 0x0, 0xbf, 0xe0,
    0x0, 0xff, 0xff, 0x40, 0xf8, 0x2, 0xf0, 0xb8,
    0x0, 0x3e, 0x3d, 0x0, 0xb, 0xcf, 0xff, 0xff,
    0xf7, 0xff, 0xff, 0xfd, 0xf0, 0x0, 0x0, 0x3d,
    0x0, 0x0, 0xf, 0x80, 0x0, 0x2, 0xf0, 0x0,
    0x0, 0x3f, 0x40, 0x18, 0x3, 0xff, 0xff, 0x0,
    0x1b, 0xfe, 0x40,

    /* U+0118 "Ę" */
    0x7f, 0xff, 0xfd, 0x7f, 0xff, 0xfd, 0x7c, 0x0,
    0x0, 0x7c, 0x0, 0x0, 0x7c, 0x0, 0x0, 0x7c,
    0x0, 0x0, 0x7c, 0x0, 0x0, 0x7c, 0x0, 0x0,
    0x7f, 0xff, 0xfc, 0x7f, 0xff, 0xfc, 0x7c, 0x0,
    0x0, 0x7c, 0x0, 0x0, 0x7c, 0x0, 0x0, 0x7c,
    0x0, 0x0, 0x7c, 0x0, 0x0, 0x7c, 0x0, 0x0,
    0x7f, 0xff, 0xfd, 0x7f, 0xff, 0xfd, 0x0, 0x1,
    0xd0, 0x0, 0x7, 0x40, 0x0, 0xf, 0x0, 0x0,
    0xf, 0x0, 0x0, 0xf, 0xa8, 0x0, 0x2, 0xfc,

    /* U+0119 "ę" */
    0x0, 0xbf, 0xe0, 0x0, 0xff, 0xff, 0x40, 0xf8,
    0x2, 0xf0, 0xb8, 0x0, 0x3e, 0x3d, 0x0, 0xb,
    0xcf, 0xff, 0xff, 0xf7, 0xff, 0xff, 0xfd, 0xf0,
    0x0, 0x0, 0x3d, 0x0, 0x0, 0xf, 0x80, 0x0,
    0x2, 0xf0, 0x0, 0x0, 0x3f, 0x40, 0x18, 0x3,
    0xff, 0xff, 0x0, 0x1b, 0xff, 0x40, 0x0, 0xf,
    0x0, 0x0, 0xb, 0x40, 0x0, 0x3, 0xc0, 0x0,
    0x0, 0xbe, 0x80, 0x0, 0xb, 0xf0,

    /* U+011A "Ě" */
    0xf, 0x40, 0xb4, 0x3, 0xd3, 0xd0, 0x0, 0xff,
    0x80, 0x0, 0x7f, 0x0, 0x0, 0x0, 0x0, 0x0,
    0x0, 0x0, 0x7f, 0xff, 0xfd, 0x7f, 0xff, 0xfd,
    0x7c, 0x0, 0x0, 0x7c, 0x0, 0x0, 0x7c, 0x0,
    0x0, 0x7c, 0x0, 0x0, 0x7c, 0x0, 0x0, 0x7f,
    0xff, 0xfc, 0x7f, 0xff, 0xfc, 0x7c, 0x0, 0x0,
    0x7c, 0x0, 0x0, 0x7c, 0x0, 0x0, 0x7c, 0x0,
    0x0, 0x7c, 0x0, 0x0, 0x7c, 0x0, 0x0, 0x7c,
    0x0, 0x0, 0x7f, 0xff, 0xfd, 0x7f, 0xff, 0xfd,

    /* U+011B "ě" */
    0x3, 0xd0, 0x3c, 0x0, 0x3d, 0x7c, 0x0, 0x3,
    0xfc, 0x0, 0x0, 0x29, 0x0, 0x0, 0x0, 0x0,
    0x0, 0x2f, 0xf8, 0x0, 0x3f, 0xff, 0xd0, 0x3e,
    0x0, 0xbc, 0x2e, 0x0, 0xf, 0x8f, 0x40, 0x2,
    0xf3, 0xff, 0xff, 0xfd, 0xff, 0xff, 0xff, 0x7c,
    0x0, 0x0, 0xf, 0x40, 0x0, 0x3, 0xe0, 0x0,
    0x0, 0xbc, 0x0, 0x0, 0xf, 0xd0, 0x6, 0x0,
    0xff, 0xff, 0xc0, 0x6, 0xff, 0x90,

    /* U+011C "Ĝ" */
    0x0, 0xb, 0xd0, 0x0, 0x7, 0xfc, 0x0, 0x7,
    0xc7, 0xc0, 0x3, 0x80, 0x7c, 0x0, 0x0, 0x0,
    0x0, 0x0, 0x0, 0x0, 0x2, 0xff, 0x90, 0x7,
    0xff, 0xfd, 0xb, 0xf4, 0xb, 0x3, 0xe0, 0x0,
    0x2, 0xf0, 0x0, 0x0, 0xf8, 0x0, 0x0, 0x7c,
    0x0, 0x0, 0x1f, 0x0, 0x0, 0x7, 0xc0, 0x1f,
    0xfd, 0xf0, 0x7, 0xff, 0x7c, 0x0, 0x7, 0xdf,
    0x0, 0x1, 0xf3, 0xd0, 0x0, 0x7c, 0xfc, 0x0,
    0x1f, 0x1f, 0x40, 0x7, 0xc2, 0xf9, 0x2, 0xf0,
    0x2f, 0xff, 0xfc, 0x1, 0xbf, 0xe4,

    /* U+011D "ĝ" */
    0x0, 0x3f, 0x40, 0x0, 0xb, 0xfc, 0x0, 0x2,
    0xe1, 0xf0, 0x0, 0x64, 0x2, 0x80, 0x0, 0x0,
    0x0, 0x0, 0x1b, 0xff, 0xfd, 0x7, 0xfb, 0xff,
    0xc0, 0xf4, 0x7, 0xc0, 0x1f, 0x0, 0x3d, 0x2,
    0xe0, 0x2, 0xe0, 0x2f, 0x0, 0x3e, 0x0, 0xf4,
    0x3, 0xc0, 0xb, 0xea, 0xf8, 0x0, 0x2f, 0xf9,
    0x0, 0x7, 0x80, 0x0, 0x0, 0xf0, 0x0, 0x0,
    0xf, 0x80, 0x0, 0x0, 0x7f, 0xff, 0xd0, 0xb,
    0xff, 0xff, 0x83, 0xd0, 0x0, 0xbc, 0xb8, 0x0,
    0x3, 0xcb, 0x80, 0x0, 0x7c, 0x7c, 0x0, 0x1f,
    0x83, 0xff, 0xbf, 0xe0, 0x6, 0xff, 0xe4, 0x0,

    /* U+011E "Ğ" */
    0x0, 0x50, 0x5, 0x0, 0x2c, 0x3, 0x80, 0x3,
    0xff, 0xc0, 0x0, 0x3f, 0x80, 0x0, 0x0, 0x0,
    0x0, 0x0, 0x0, 0x0, 0x2, 0xff, 0x90, 0x7,
    0xff, 0xfd, 0xb, 0xf4, 0xb, 0x3, 0xe0, 0x0,
    0x2, 0xf0, 0x0, 0x0, 0xf8, 0x0, 0x0, 0x7c,
    0x0, 0x0, 0x1f, 0x0, 0x0, 0x7, 0xc0, 0x1f,
    0xfd, 0xf0, 0x7, 0xff, 0x7c, 0x0, 0x7, 0xdf,
    0x0, 0x1, 0xf3, 0xd0, 0x0, 0x7c, 0xfc, 0x0,
    0x1f, 0x1f, 0x40, 0x7, 0xc2, 0xf9, 0x2, 0xf0,
    0x2f, 0xff, 0xfc, 0x1, 0xbf, 0xe4,

    /* U+011F "ğ" */
    0x3, 0x40, 0x74, 0x0, 0x2f, 0xff, 0x0, 0x0,
    0xbf, 0x80, 0x0, 0x0, 0x0, 0x0, 0x0, 0x0,
    0x0, 0x0, 0x1b, 0xff, 0xfd, 0x7, 0xfb, 0xff,
    0xc0, 0xf4, 0x7, 0xc0, 0x1f, 0x0, 0x3d, 0x2,
    0xe0, 0x2, 0xe0, 0x2f, 0x0, 0x3e, 0x0, 0xf4,
    0x3, 0xc0, 0xb, 0xea, 0xf8, 0x0, 0x2f, 0xf9,
    0x0, 0x7, 0x80, 0x0, 0x0, 0xf0, 0x0, 0x0,
    0xf, 0x80, 0x0, 0x0, 0x7f, 0xff, 0xd0, 0xb,
    0xff, 0xff, 0x83, 0xd0, 0x0, 0xbc, 0xb8, 0x0,
    0x3, 0xcb, 0x80, 0x0, 0x7c, 0x7c, 0x0, 0x1f,
    0x83, 0xff, 0xbf, 0xe0, 0x6, 0xff, 0xe4, 0x0,

    /* U+0120 "Ġ" */
    0x0, 0x3, 0xc0, 0x0, 0x0, 0xf4, 0x0, 0x0,
    0x2c, 0x0, 0x0, 0x0, 0x0, 0x0, 0x0, 0x0,
    0x0, 0xb, 0xfe, 0x40, 0x1f, 0xff, 0xf4, 0x2f,
    0xd0, 0x2c, 0xf, 0x80, 0x0, 0xb, 0xc0, 0x0,
    0x3, 0xe0, 0x0, 0x1, 0xf0, 0x0, 0x0, 0x7c,
    0x0, 0x0, 0x1f, 0x0, 0x7f, 0xf7, 0xc0, 0x1f,
    0xfd, 0xf0, 0x0, 0x1f, 0x7c, 0x0, 0x7, 0xcf,
    0x40, 0x1, 0xf3, 0xf0, 0x0, 0x7c, 0x7d, 0x0,
    0x1f, 0xb, 0xe4, 0xb, 0xc0, 0xbf, 0xff, 0xf0,
    0x6, 0xff, 0x90,

    /* U+0121 "ġ" */
    0x0, 0x1f, 0x0, 0x0, 0x2, 0xf0, 0x0, 0x0,
    0xe, 0x0, 0x0, 0x0, 0x0, 0x0, 0x1, 0xbf,
    0xff, 0xd0, 0x7f, 0xbf, 0xfc, 0xf, 0x40, 0x7c,
    0x1, 0xf0, 0x3, 0xd0, 0x2e, 0x0, 0x2e, 0x2,
    0xf0, 0x3, 0xe0, 0xf, 0x40, 0x3c, 0x0, 0xbe,
    0xaf, 0x80, 0x2, 0xff, 0x90, 0x0, 0x78, 0x0,
    0x0, 0xf, 0x0, 0x0, 0x0, 0xf8, 0x0, 0x0,
    0x7, 0xff, 0xfd, 0x0, 0xbf, 0xff, 0xf8, 0x3d,
    0x0, 0xb, 0xcb, 0x80, 0x0, 0x3c, 0xb8, 0x0,
    0x7, 0xc7, 0xc0, 0x1, 0xf8, 0x3f, 0xfb, 0xfe,
    0x0, 0x6f, 0xfe, 0x40,

    /* U+0122 "Ģ" */
    0x0, 0x2f, 0xf9, 0x0, 0x7f, 0xff, 0xd0, 0xbf,
    0x40, 0xb0, 0x3e, 0x0, 0x0, 0x2f, 0x0, 0x0,
    0xf, 0x80, 0x0, 0x7, 0xc0, 0x0, 0x1, 0xf0,
    0x0, 0x0, 0x7c, 0x0, 0x0, 0x1f, 0x0, 0x7f,
    0xf7, 0xc0, 0x1f, 0xfd, 0xf0, 0x0, 0x1f, 0x3d,
    0x0, 0x7, 0xcf, 0xc0, 0x1, 0xf1, 0xf4, 0x0,
    0x7c, 0x2f, 0x90, 0x2f, 0x2, 0xff, 0xff, 0xc0,
    0x1b, 0xfe, 0x40, 0x0, 0x0, 0x0, 0x0, 0x0,
    0x0, 0x0, 0x3, 0xc0, 0x0, 0x1, 0xe0, 0x0,
    0x0, 0xb0, 0x0, 0x0, 0x34, 0x0,

    /* U+0123 "ģ" */
    0x0, 0x2, 0xc0, 0x0, 0x0, 0x38, 0x0, 0x0,
    0xf, 0x40, 0x0, 0x0, 0xf0, 0x0, 0x0, 0x0,
    0x0, 0x0, 0x1b, 0xff, 0xfd, 0x7, 0xfb, 0xff,
    0xc0, 0xf4, 0x7, 0xc0, 0x1f, 0x0, 0x3d, 0x2,
    0xe0, 0x2, 0xe0, 0x2f, 0x0, 0x3e, 0x0, 0xf4,
    0x3, 0xc0, 0xb, 0xea, 0xf8, 0x0, 0x2f, 0xf9,
    0x0, 0x7, 0x80, 0x0, 0x0, 0xf0, 0x0, 0x0,
    0xf, 0x80, 0x0, 0x0, 0x7f, 0xff, 0xd0, 0xb,
    0xff, 0xff, 0x83, 0xd0, 0x0, 0xbc, 0xb8, 0x0,
    0x3, 0xcb, 0x80, 0x0, 0x7c, 0x7c, 0x0, 0x1f,
    0x83, 0xff, 0xbf, 0xe0, 0x6, 0xff, 0xe4, 0x0,

    /* U+0124 "Ĥ" */
    0x0, 0x2f, 0x40, 0x0, 0x1f, 0xf0, 0x0, 0x1f,
    0x1f, 0x0, 0xe, 0x1, 0xf0, 0x0, 0x0, 0x0,
    0x0, 0x0, 0x0, 0x7, 0xc0, 0x0, 0x7d, 0xf0,
    0x0, 0x1f, 0x7c, 0x0, 0x7, 0xdf, 0x0, 0x1,
    0xf7, 0xc0, 0x0, 0x7d, 0xf0, 0x0, 0x1f, 0x7c,
    0x0, 0x7, 0xdf, 0xff, 0xff, 0xf7, 0xff, 0xff,
    0xfd, 0xf0, 0x0, 0x2f, 0x7c, 0x0, 0x7, 0xdf,
    0x0, 0x1, 0xf7, 0xc0, 0x0, 0x7d, 0xf0, 0x0,
    0x1f, 0x7c, 0x0, 0x7, 0xdf, 0x0, 0x1, 0xf7,
    0xc0, 0x0, 0x7d, 0xf0, 0x0, 0x1f,

    /* U+0125 "ĥ" */
    0x0, 0x28, 0x0, 0x0, 0xff, 0x0, 0x2, 0xeb,
    0x80, 0xb, 0x82, 0xe0, 0x9, 0x0, 0x60, 0x0,
    0x0, 0x0, 0xf4, 0x0, 0x0, 0xf4, 0x0, 0x0,
    0xf4, 0x0, 0x0, 0xf4, 0x0, 0x0, 0xf4, 0x0,
    0x0, 0xf4, 0xbf, 0x90, 0xf7, 0xff, 0xf8, 0xff,
    0x40, 0xbc, 0xfc, 0x0, 0x3d, 0xf8, 0x0, 0x3e,
    0xf4, 0x0, 0x2e, 0xf4, 0x0, 0x2e, 0xf4, 0x0,
    0x2e, 0xf4, 0x0, 0x2e, 0xf4, 0x0, 0x2e, 0xf4,
    0x0, 0x2e, 0xf4, 0x0, 0x2e, 0xf4, 0x0, 0x2e,
    0xf4, 0x0, 0x2e,

    /* U+0126 "Ħ" */
    0x1f, 0x0, 0x1, 0xf0, 0x1f, 0x0, 0x1, 0xf0,
    0x1f, 0x0, 0x1, 0xf0, 0xff, 0xff, 0xff, 0xfe,
    0xff, 0xff, 0xff, 0xfe, 0x1f, 0x0, 0x1, 0xf0,
    0x1f, 0x0, 0x1, 0xf0, 0x1f, 0xff, 0xff, 0xf0,
    0x1f, 0xff, 0xff, 0xf0, 0x1f, 0x0, 0x2, 0xf0,
    0x1f, 0x0, 0x1, 0xf0, 0x1f, 0x0, 0x1, 0xf0,
    0x1f, 0x0, 0x1, 0xf0, 0x1f, 0x0, 0x1, 0xf0,
    0x1f, 0x0, 0x1, 0xf0, 0x1f, 0x0, 0x1, 0xf0,
    0x1f, 0x0, 0x1, 0xf0, 0x1f, 0x0, 0x1, 0xf0,

    /* U+0127 "ħ" */
    0xf, 0x40, 0x0, 0x0, 0xf4, 0x0, 0x0, 0xff,
    0xff, 0xe0, 0xa, 0xfe, 0xa9, 0x0, 0xf, 0x40,
    0x0, 0x0, 0xf4, 0xbf, 0xd0, 0xf, 0x7f, 0xff,
    0x80, 0xff, 0x0, 0xfc, 0xf, 0xc0, 0x3, 0xd0,
    0xf8, 0x0, 0x3e, 0xf, 0x40, 0x2, 0xe0, 0xf4,
    0x0, 0x2e, 0xf, 0x40, 0x2, 0xe0, 0xf4, 0x0,
    0x2e, 0xf, 0x40, 0x2, 0xe0, 0xf4, 0x0, 0x2e,
    0xf, 0x40, 0x2, 0xe0, 0xf4, 0x0, 0x2e, 0xf,
    0x40, 0x2, 0xe0,

    /* U+0128 "Ĩ" */
    0xb, 0xe0, 0x70, 0x7f, 0xff, 0xc2, 0xc1, 0xbc,
    0x0, 0x0, 0x0, 0x0, 0x0, 0x0, 0xff, 0xff,
    0xe2, 0xaf, 0xea, 0x40, 0x1f, 0x0, 0x0, 0x7c,
    0x0, 0x1, 0xf0, 0x0, 0x7, 0xc0, 0x0, 0x1f,
    0x0, 0x0, 0x7c, 0x0, 0x1, 0xf0, 0x0, 0x7,
    0xc0, 0x0, 0x1f, 0x0, 0x0, 0x7c, 0x0, 0x1,
    0xf0, 0x0, 0x7, 0xc0, 0x0, 0x1f, 0x0, 0x0,
    0x7c, 0x0, 0xab, 0xfa, 0x93, 0xff, 0xff, 0x80,

    /* U+0129 "ĩ" */
    0xb, 0xe4, 0x70, 0x1f, 0xff, 0xf0, 0x28, 0x1b,
    0x80, 0x0, 0x0, 0x0, 0x2f, 0xfc, 0x0, 0x1a,
    0xfc, 0x0, 0x0, 0x3c, 0x0, 0x0, 0x3c, 0x0,
    0x0, 0x3c, 0x0, 0x0, 0x3c, 0x0, 0x0, 0x3c,
    0x0, 0x0, 0x3c, 0x0, 0x0, 0x3c, 0x0, 0x0,
    0x3c, 0x0, 0x0, 0x3c, 0x0, 0x0, 0x3c, 0x0,
    0x6a, 0xbe, 0xa9, 0xbf, 0xff, 0xfe,

    /* U+012A "Ī" */
    0xb, 0xff, 0xd0, 0x3f, 0xff, 0x40, 0x0, 0x0,
    0x0, 0x0, 0x0, 0x3f, 0xff, 0xf8, 0xab, 0xfa,
    0x90, 0x7, 0xc0, 0x0, 0x1f, 0x0, 0x0, 0x7c,
    0x0, 0x1, 0xf0, 0x0, 0x7, 0xc0, 0x0, 0x1f,
    0x0, 0x0, 0x7c, 0x0, 0x1, 0xf0, 0x0, 0x7,
    0xc0, 0x0, 0x1f, 0x0, 0x0, 0x7c, 0x0, 0x1,
    0xf0, 0x0, 0x7, 0xc0, 0x0, 0x1f, 0x0, 0x2a,
    0xfe, 0xa4, 0xff, 0xff, 0xe0,

    /* U+012B "ī" */
    0xf, 0xff, 0xd0, 0xf, 0xff, 0xd0, 0x0, 0x0,
    0x0, 0x2f, 0xfc, 0x0, 0x1a, 0xfc, 0x0, 0x0,
    0x3c, 0x0, 0x0, 0x3c, 0x0, 0x0, 0x3c, 0x0,
    0x0, 0x3c, 0x0, 0x0, 0x3c, 0x0, 0x0, 0x3c,
    0x0, 0x0, 0x3c, 0x0, 0x0, 0x3c, 0x0, 0x0,
    0x3c, 0x0, 0x0, 0x3c, 0x0, 0x6a, 0xbe, 0xa9,
    0xbf, 0xff, 0xfe,

    /* U+012C "Ĭ" */
    0x4, 0x0, 0x50, 0x38, 0x7, 0x40, 0x7f, 0xfc,
    0x0, 0x7f, 0x80, 0x0, 0x0, 0x0, 0x0, 0x0,
    0x3, 0xff, 0xff, 0x8a, 0xbf, 0xa9, 0x0, 0x7c,
    0x0, 0x1, 0xf0, 0x0, 0x7, 0xc0, 0x0, 0x1f,
    0x0, 0x0, 0x7c, 0x0, 0x1, 0xf0, 0x0, 0x7,
    0xc0, 0x0, 0x1f, 0x0, 0x0, 0x7c, 0x0, 0x1,
    0xf0, 0x0, 0x7, 0xc0, 0x0, 0x1f, 0x0, 0x0,
    0x7c, 0x0, 0x1, 0xf0, 0x2, 0xaf, 0xea, 0x4f,
    0xff, 0xfe,

    /* U+012D "ĭ" */
    0xb, 0x0, 0xb0, 0x7, 0x41, 0xe0, 0x3, 0xff,
    0xc0, 0x0, 0xbe, 0x0, 0x0, 0x0, 0x0, 0x2f,
    0xfc, 0x0, 0x1a, 0xfc, 0x0, 0x0, 0x3c, 0x0,
    0x0, 0x3c, 0x0, 0x0, 0x3c, 0x0, 0x0, 0x3c,
    0x0, 0x0, 0x3c, 0x0, 0x0, 0x3c, 0x0, 0x0,
    0x3c, 0x0, 0x0, 0x3c, 0x0, 0x0, 0x3c, 0x0,
    0x0, 0x3c, 0x0, 0x6a, 0xbe, 0xa9, 0xbf, 0xff,
    0xfe,

    /* U+012E "Į" */
    0x3f, 0xff, 0xf8, 0xab, 0xfa, 0x90, 0x7, 0xc0,
    0x0, 0x1f, 0x0, 0x0, 0x7c, 0x0, 0x1, 0xf0,
    0x0, 0x7, 0xc0, 0x0, 0x1f, 0x0, 0x0, 0x7c,
    0x0, 0x1, 0xf0, 0x0, 0x7, 0xc0, 0x0, 0x1f,
    0x0, 0x0, 0x7c, 0x0, 0x1, 0xf0, 0x0, 0x7,
    0xc0, 0x0, 0x1f, 0x0, 0x2a, 0xfe, 0xa4, 0xff,
    0xff, 0xe0, 0x3, 0xc0, 0x0, 0x3c, 0x0, 0x1,
    0xd0, 0x0, 0xb, 0x40, 0x0, 0x1f, 0xa4, 0x0,
    0x1f, 0xd0,

    /* U+012F "į" */
    0x0, 0x3c, 0x0, 0x0, 0x7d, 0x0, 0x0, 0x28,
    0x0, 0x0, 0x0, 0x0, 0x0, 0x0, 0x0, 0x2f,
    0xfc, 0x0, 0x1a, 0xfc, 0x0, 0x0, 0x3c, 0x0,
    0x0, 0x3c, 0x0, 0x0, 0x3c, 0x0, 0x0, 0x3c,
    0x0, 0x0, 0x3c, 0x0, 0x0, 0x3c, 0x0, 0x0,
    0x3c, 0x0, 0x0, 0x3c, 0x0, 0x0, 0x3c, 0x0,
    0x0, 0x3c, 0x0, 0x6a, 0xbe, 0xa9, 0xbf, 0xff,
    0xfe, 0x0, 0x2c, 0x0, 0x0, 0xb0, 0x0, 0x1,
    0xe0, 0x0, 0x1, 0xe0, 0x0, 0x0, 0xfa, 0x40,
    0x0, 0x7f, 0x80,

    /* U+0130 "İ" */
    0x0, 0x7c, 0x0, 0x2, 0xf0, 0x0, 0x3, 0x80,
    0x0, 0x0, 0x0, 0x0, 0x0, 0x0, 0xff, 0xff,
    0xe2, 0xaf, 0xea, 0x40, 0x1f, 0x0, 0x0, 0x7c,
    0x0, 0x1, 0xf0, 0x0, 0x7, 0xc0, 0x0, 0x1f,
    0x0, 0x0, 0x7c, 0x0, 0x1, 0xf0, 0x0, 0x7,
    0xc0, 0x0, 0x1f, 0x0, 0x0, 0x7c, 0x0, 0x1,
    0xf0, 0x0, 0x7, 0xc0, 0x0, 0x1f, 0x0, 0x0,
    0x7c, 0x0, 0xab, 0xfa, 0x93, 0xff, 0xff, 0x80,

    /* U+0131 "ı" */
    0x2f, 0xfc, 0x0, 0x1a, 0xfc, 0x0, 0x0, 0x3c,
    0x0, 0x0, 0x3c, 0x0, 0x0, 0x3c, 0x0, 0x0,
    0x3c, 0x0, 0x0, 0x3c, 0x0, 0x0, 0x3c, 0x0,
    0x0, 0x3c, 0x0, 0x0, 0x3c, 0x0, 0x0, 0x3c,
    0x0, 0x0, 0x3c, 0x0, 0x6a, 0xbe, 0xa9, 0xbf,
    0xff, 0xfe,

    /* U+0132 "Ĳ" */
    0x3d, 0x0, 0xf, 0x4f, 0x40, 0x3, 0xd3, 0xd0,
    0x0, 0xf4, 0xf4, 0x0, 0x3d, 0x3d, 0x0, 0xf,
    0x4f, 0x40, 0x3, 0xd3, 0xd0, 0x0, 0xf4, 0xf4,
    0x0, 0x3d, 0x3d, 0x0, 0xf, 0x4f, 0x40, 0x3,
    0xd3, 0xd0, 0x0, 0xf4, 0xf4, 0x0, 0x3d, 0x3d,
    0x0, 0xf, 0x4f, 0x40, 0x3, 0xd3, 0xd0, 0x1,
    0xf0, 0xf4, 0x40, 0xfc, 0x3d, 0x3f, 0xfd, 0xf,
    0x4b, 0xf9, 0x0,

    /* U+0133 "ĳ" */
    0x78, 0x0, 0x7c, 0xbc, 0x0, 0xbc, 0x38, 0x0,
    0x38, 0x0, 0x0, 0x0, 0x0, 0x0, 0x0, 0x7c,
    0xf, 0xfc, 0x7c, 0xa, 0xfc, 0x7c, 0x0, 0x3c,
    0x7c, 0x0, 0x3c, 0x7c, 0x0, 0x3c, 0x7c, 0x0,
    0x3c, 0x7c, 0x0, 0x3c, 0x7c, 0x0, 0x3c, 0x7c,
    0x0, 0x3c, 0x7c, 0x0, 0x3c, 0x7c, 0x0, 0x3c,
    0x7c, 0x0, 0x3c, 0x7c, 0x0, 0x3c, 0x7c, 0x0,
    0x3c, 0x0, 0x0, 0x3c, 0x0, 0x0, 0x3c, 0x0,
    0x0, 0x7c, 0x0, 0x0, 0xbc, 0x0, 0xbf, 0xf4,
    0x0, 0x7f, 0xd0,

    /* U+0134 "Ĵ" */
    0x0, 0x0, 0x7e, 0x0, 0x0, 0x3, 0xfd, 0x0,
    0x0, 0x3d, 0x3d, 0x0, 0x3, 0xd0, 0x2c, 0x0,
    0x0, 0x0, 0x0, 0x0, 0x0, 0x0, 0x0, 0x0,
    0x3, 0xd0, 0x0, 0x0, 0xf, 0x40, 0x0, 0x0,
    0x3d, 0x0, 0x0, 0x0, 0xf4, 0x0, 0x0, 0x3,
    0xd0, 0x0, 0x0, 0xf, 0x40, 0x0, 0x0, 0x3d,
    0x0, 0x0, 0x0, 0xf4, 0x0, 0x0, 0x3, 0xd0,
    0x0, 0x0, 0xf, 0x40, 0x0, 0x0, 0x3d, 0x0,
    0x0, 0x0, 0xf4, 0x0, 0x0, 0x3, 0xd0, 0x0,
    0x0, 0xf, 0x40, 0x0, 0x0, 0xbc, 0x0, 0x90,
    0x1f, 0xd0, 0x7, 0xff, 0xfe, 0x0, 0xb, 0xff,
    0x80, 0x0,

    /* U+0135 "ĵ" */
    0x0, 0x2f, 0x80, 0x0, 0x7f, 0xe0, 0x1, 0xe0,
    0xb8, 0x1, 0x40, 0x14, 0x0, 0x0, 0x0, 0xf,
    0xff, 0xf0, 0xa, 0xab, 0xf0, 0x0, 0x1, 0xf0,
    0x0, 0x1, 0xf0, 0x0, 0x1, 0xf0, 0x0, 0x1,
    0xf0, 0x0, 0x1, 0xf0, 0x0, 0x1, 0xf0, 0x0,
    0x1, 0xf0, 0x0, 0x1, 0xf0, 0x0, 0x1, 0xf0,
    0x0, 0x1, 0xf0, 0x0, 0x1, 0xf0, 0x0, 0x1,
    0xf0, 0x0, 0x1, 0xf0, 0x0, 0x2, 0xf0, 0x0,
    0x2, 0xe0, 0x0, 0xb, 0xd0, 0x7f, 0xff, 0x80,
    0x2f, 0xf9, 0x0,

    /* U+0136 "Ķ" */
    0x7c, 0x0, 0xf, 0x87, 0xc0, 0x3, 0xe0, 0x7c,
    0x0, 0xbc, 0x7, 0xc0, 0x2f, 0x0, 0x7c, 0x7,
    0xc0, 0x7, 0xc1, 0xf4, 0x0, 0x7c, 0x3d, 0x0,
    0x7, 0xcf, 0x80, 0x0, 0x7e, 0xfc, 0x0, 0x7,
    0xfb, 0xd0, 0x0, 0x7d, 0x1f, 0x0, 0x7, 0xc0,
    0xfc, 0x0, 0x7c, 0x3, 0xd0, 0x7, 0xc0, 0x1f,
    0x0, 0x7c, 0x0, 0xfc, 0x7, 0xc0, 0x3, 0xe0,
    0x7c, 0x0, 0x1f, 0x7, 0xc0, 0x0, 0xfc, 0x0,
    0x0, 0x0, 0x0, 0x0, 0x0, 0x0, 0x0, 0x2e,
    0x0, 0x0, 0x3, 0xd0, 0x0, 0x0, 0x38, 0x0,
    0x0, 0x7, 0x0, 0x0,

    /* U+0137 "ķ" */
    0x7c, 0x0, 0x0, 0x1f, 0x0, 0x0, 0x7, 0xc0,
    0x0, 0x1, 0xf0, 0x0, 0x0, 0x7c, 0x0, 0x0,
    0x1f, 0x0, 0xf, 0xc7, 0xc0, 0xf, 0xc1, 0xf0,
    0xf, 0xc0, 0x7c, 0xf, 0x80, 0x1f, 0xf, 0x80,
    0x7, 0xcf, 0x80, 0x1, 0xfb, 0xe0, 0x0, 0x7f,
    0xfd, 0x0, 0x1f, 0x4b, 0xc0, 0x7, 0xc0, 0xbc,
    0x1, 0xf0, 0xf, 0xc0, 0x7c, 0x0, 0xf8, 0x1f,
    0x0, 0xf, 0x87, 0xc0, 0x1, 0xf4, 0x0, 0x0,
    0x0, 0x0, 0x0, 0x0, 0x0, 0xf, 0x40, 0x0,
    0x3, 0xc0, 0x0, 0x1, 0xd0, 0x0, 0x0, 0xe0,
    0x0, 0x0,

    /* U+0138 "ĸ" */
    0x7c, 0x0, 0x2f, 0x1f, 0x0, 0x2f, 0x7, 0xc0,
    0x2f, 0x1, 0xf0, 0x2f, 0x0, 0x7c, 0x2f, 0x0,
    0x1f, 0x1f, 0x0, 0x7, 0xdf, 0x40, 0x1, 0xff,
    0xf0, 0x0, 0x7f, 0x3f, 0x0, 0x1f, 0x3, 0xf0,
    0x7, 0xc0, 0x3e, 0x1, 0xf0, 0x3, 0xe0, 0x7c,
    0x0, 0x7d, 0x1f, 0x0, 0x7, 0xd0,

    /* U+0139 "Ĺ" */
    0x2, 0xf0, 0x0, 0x7, 0xd0, 0x0, 0xf, 0x40,
    0x0, 0x2d, 0x0, 0x0, 0x0, 0x0, 0x0, 0x0,
    0x0, 0x0, 0x3d, 0x0, 0x0, 0x3d, 0x0, 0x0,
    0x3d, 0x0, 0x0, 0x3d, 0x0, 0x0, 0x3d, 0x0,
    0x0, 0x3d, 0x0, 0x0, 0x3d, 0x0, 0x0, 0x3d,
    0x0, 0x0, 0x3d, 0x0, 0x0, 0x3d, 0x0, 0x0,
    0x3d, 0x0, 0x0, 0x3d, 0x0, 0x0, 0x3d, 0x0,
    0x0, 0x3d, 0x0, 0x0, 0x3d, 0x0, 0x0, 0x3d,
    0x0, 0x0, 0x3f, 0xff, 0xfd, 0x3f, 0xff, 0xfd,

    /* U+013A "ĺ" */
    0x0, 0x6, 0x80, 0x0, 0xf, 0x80, 0x0, 0x2f,
    0x0, 0x0, 0x7c, 0x0, 0x0, 0x50, 0x0, 0x0,
    0x0, 0x0, 0x2f, 0xfc, 0x0, 0x1a, 0xfc, 0x0,
    0x0, 0x7c, 0x0, 0x0, 0x7c, 0x0, 0x0, 0x7c,
    0x0, 0x0, 0x7c, 0x0, 0x0, 0x7c, 0x0, 0x0,
    0x7c, 0x0, 0x0, 0x7c, 0x0, 0x0, 0x7c, 0x0,
    0x0, 0x7c, 0x0, 0x0, 0x7c, 0x0, 0x0, 0x7c,
    0x0, 0x0, 0x7c, 0x0, 0x0, 0x7c, 0x0, 0x0,
    0x7c, 0x0, 0x0, 0x7c, 0x0, 0x6a, 0xfe, 0xa9,
    0xbf, 0xff, 0xfe,

    /* U+013B "Ļ" */
    0x3d, 0x0, 0x0, 0x3d, 0x0, 0x0, 0x3d, 0x0,
    0x0, 0x3d, 0x0, 0x0, 0x3d, 0x0, 0x0, 0x3d,
    0x0, 0x0, 0x3d, 0x0, 0x0, 0x3d, 0x0, 0x0,
    0x3d, 0x0, 0x0, 0x3d, 0x0, 0x0, 0x3d, 0x0,
    0x0, 0x3d, 0x0, 0x0, 0x3d, 0x0, 0x0, 0x3d,
    0x0, 0x0, 0x3d, 0x0, 0x0, 0x3d, 0x0, 0x0,
    0x3f, 0xff, 0xfd, 0x3f, 0xff, 0xfd, 0x0, 0x0,
    0x0, 0x0, 0x0, 0x0, 0x0, 0x3d, 0x0, 0x0,
    0x3c, 0x0, 0x0, 0x74, 0x0, 0x0, 0xb0, 0x0,

    /* U+013C "ļ" */
    0x2f, 0xfc, 0x0, 0x1a, 0xfc, 0x0, 0x0, 0x7c,
    0x0, 0x0, 0x7c, 0x0, 0x0, 0x7c, 0x0, 0x0,
    0x7c, 0x0, 0x0, 0x7c, 0x0, 0x0, 0x7c, 0x0,
    0x0, 0x7c, 0x0, 0x0, 0x7c, 0x0, 0x0, 0x7c,
    0x0, 0x0, 0x7c, 0x0, 0x0, 0x7c, 0x0, 0x0,
    0x7c, 0x0, 0x0, 0x7c, 0x0, 0x0, 0x7c, 0x0,
    0x0, 0x7c, 0x0, 0x6a, 0xfe, 0xa9, 0xbf, 0xff,
    0xfe, 0x0, 0x0, 0x0, 0x0, 0x0, 0x0, 0x0,
    0x3c, 0x0, 0x0, 0x78, 0x0, 0x0, 0xb0, 0x0,
    0x0, 0xd0, 0x0,

    /* U+013D "Ľ" */
    0x3d, 0x0, 0xf4, 0x3d, 0x0, 0xf0, 0x3d, 0x0,
    0xe0, 0x3d, 0x1, 0xc0, 0x3d, 0x0, 0x0, 0x3d,
    0x0, 0x0, 0x3d, 0x0, 0x0, 0x3d, 0x0, 0x0,
    0x3d, 0x0, 0x0, 0x3d, 0x0, 0x0, 0x3d, 0x0,
    0x0, 0x3d, 0x0, 0x0, 0x3d, 0x0, 0x0, 0x3d,
    0x0, 0x0, 0x3d, 0x0, 0x0, 0x3d, 0x0, 0x0,
    0x3f, 0xff, 0xfd, 0x3f, 0xff, 0xfd,

    /* U+013E "ľ" */
    0x2f, 0xfc, 0x1f, 0x6, 0xbf, 0x7, 0x80, 0x7,
    0xc2, 0xc0, 0x1, 0xf0, 0xe0, 0x0, 0x7c, 0x0,
    0x0, 0x1f, 0x0, 0x0, 0x7, 0xc0, 0x0, 0x1,
    0xf0, 0x0, 0x0, 0x7c, 0x0, 0x0, 0x1f, 0x0,
    0x0, 0x7, 0xc0, 0x0, 0x1, 0xf0, 0x0, 0x0,
    0x7c, 0x0, 0x0, 0x1f, 0x0, 0x0, 0x7, 0xc0,
    0x0, 0x1, 0xf0, 0x0, 0x0, 0x7c, 0x0, 0x1a,
    0xbf, 0xaa, 0x4b, 0xff, 0xff, 0xe0,

    /* U+013F "Ŀ" */
    0x3d, 0x0, 0x0, 0x3d, 0x0, 0x0, 0x3d, 0x0,
    0x0, 0x3d, 0x0, 0x0, 0x3d, 0x0, 0x0, 0x3d,
    0x0, 0x0, 0x3d, 0x0, 0x0, 0x3d, 0x0, 0xf0,
    0x3d, 0x1, 0xf0, 0x3d, 0x0, 0xe0, 0x3d, 0x0,
    0x0, 0x3d, 0x0, 0x0, 0x3d, 0x0, 0x0, 0x3d,
    0x0, 0x0, 0x3d, 0x0, 0x0, 0x3d, 0x0, 0x0,
    0x3f, 0xff, 0xfd, 0x3f, 0xff, 0xfd,

    /* U+0140 "ŀ" */
    0x2f, 0xfc, 0x0, 0x1a, 0xfc, 0x0, 0x0, 0x7c,
    0x0, 0x0, 0x7c, 0x0, 0x0, 0x7c, 0x0, 0x0,
    0x7c, 0x0, 0x0, 0x7c, 0x0, 0x0, 0x7c, 0x0,
    0x0, 0x7c, 0x0, 0x0, 0x7c, 0x2d, 0x0, 0x7c,
    0x3e, 0x0, 0x7c, 0x2d, 0x0, 0x7c, 0x0, 0x0,
    0x7c, 0x0, 0x0, 0x7c, 0x0, 0x0, 0x7c, 0x0,
    0x0, 0x7c, 0x0, 0x6a, 0xfe, 0xa9, 0xbf, 0xff,
    0xfe,

    /* U+0141 "Ł" */
    0x2, 0xf0, 0x0, 0x0, 0x2f, 0x0, 0x0, 0x2,
    0xf0, 0x0, 0x0, 0x2f, 0x0, 0x0, 0x2, 0xf0,
    0x0, 0x0, 0x2f, 0x0, 0x0, 0x2, 0xf0, 0x60,
    0x0, 0x2f, 0x2f, 0x40, 0x2, 0xff, 0xc0, 0x0,
    0x2f, 0xd0, 0x0, 0xb, 0xf0, 0x0, 0x3, 0xff,
    0x0, 0x0, 0x16, 0xf0, 0x0, 0x0, 0x2f, 0x0,
    0x0, 0x2, 0xf0, 0x0, 0x0, 0x2f, 0x0, 0x0,
    0x2, 0xff, 0xff, 0xf0, 0x2f, 0xff, 0xff,

    /* U+0142 "ł" */
    0x2f, 0xfc, 0x0, 0x1a, 0xfc, 0x0, 0x0, 0x7c,
    0x0, 0x0, 0x7c, 0x0, 0x0, 0x7c, 0x0, 0x0,
    0x7c, 0x0, 0x0, 0x7c, 0x0, 0x0, 0x7c, 0xa0,
    0x0, 0x7f, 0xf0, 0x0, 0x7f, 0x40, 0x2, 0xfc,
    0x0, 0xf, 0xfc, 0x0, 0x6, 0x7c, 0x0, 0x0,
    0x7c, 0x0, 0x0, 0x7c, 0x0, 0x0, 0x7c, 0x0,
    0x0, 0x7c, 0x0, 0x6a, 0xfe, 0xa9, 0xbf, 0xff,
    0xfe,

    /* U+0143 "Ń" */
    0x0, 0x2, 0xf4, 0x0, 0x0, 0xf8, 0x0, 0x0,
    0xb8, 0x0, 0x0, 0x78, 0x0, 0x0, 0x0, 0x0,
    0x0, 0x0, 0x0, 0x7, 0xe0, 0x0, 0x7d, 0xfc,
    0x0, 0x1f, 0x7f, 0x80, 0x7, 0xdf, 0xf0, 0x1,
    0xf7, 0xee, 0x0, 0x7d, 0xf3, 0xc0, 0x1f, 0x7c,
    0xb8, 0x7, 0xdf, 0xf, 0x1, 0xf7, 0xc2, 0xe0,
    0x7d, 0xf0, 0x3c, 0x1f, 0x7c, 0xb, 0x87, 0xdf,
    0x0, 0xf1, 0xf7, 0xc0, 0x2e, 0x7d, 0xf0, 0x3,
    0xdf, 0x7c, 0x0, 0xbf, 0xdf, 0x0, 0xf, 0xf7,
    0xc0, 0x2, 0xfd, 0xf0, 0x0, 0x3f,

    /* U+0144 "ń" */
    0x0, 0x7, 0xd0, 0x0, 0xf, 0x80, 0x0, 0x2e,
    0x0, 0x0, 0x24, 0x0, 0x0, 0x0, 0x0, 0xf0,
    0xbf, 0x90, 0xf7, 0xff, 0xf8, 0xff, 0x40, 0xbc,
    0xfc, 0x0, 0x3d, 0xf8, 0x0, 0x3e, 0xf4, 0x0,
    0x2e, 0xf4, 0x0, 0x2e, 0xf4, 0x0, 0x2e, 0xf4,
    0x0, 0x2e, 0xf4, 0x0, 0x2e, 0xf4, 0x0, 0x2e,
    0xf4, 0x0, 0x2e, 0xf4, 0x0, 0x2e, 0xf4, 0x0,
    0x2e,

    /* U+0145 "Ņ" */
    0x7e, 0x0, 0x7, 0xdf, 0xc0, 0x1, 0xf7, 0xf8,
    0x0, 0x7d, 0xff, 0x0, 0x1f, 0x7e, 0xe0, 0x7,
    0xdf, 0x3c, 0x1, 0xf7, 0xcb, 0x80, 0x7d, 0xf0,
    0xf0, 0x1f, 0x7c, 0x2e, 0x7, 0xdf, 0x3, 0xc1,
    0xf7, 0xc0, 0xb8, 0x7d, 0xf0, 0xf, 0x1f, 0x7c,
    0x2, 0xe7, 0xdf, 0x0, 0x3d, 0xf7, 0xc0, 0xb,
    0xfd, 0xf0, 0x0, 0xff, 0x7c, 0x0, 0x2f, 0xdf,
    0x0, 0x3, 0xf0, 0x0, 0x0, 0x0, 0x0, 0x0,
    0x0, 0x0, 0x2e, 0x0, 0x0, 0xf, 0x40, 0x0,
    0x3, 0x80, 0x0, 0x1, 0xc0, 0x0,

    /* U+0146 "ņ" */
    0xf0, 0xbf, 0x90, 0xf7, 0xff, 0xf8, 0xff, 0x40,
    0xbc, 0xfc, 0x0, 0x3d, 0xf8, 0x0, 0x3e, 0xf4,
    0x0, 0x2e, 0xf4, 0x0, 0x2e, 0xf4, 0x0, 0x2e,
    0xf4, 0x0, 0x2e, 0xf4, 0x0, 0x2e, 0xf4, 0x0,
    0x2e, 0xf4, 0x0, 0x2e, 0xf4, 0x0, 0x2e, 0xf4,
    0x0, 0x2e, 0x0, 0x0, 0x0, 0x0, 0x0, 0x0,
    0x0, 0x7c, 0x0, 0x0, 0x78, 0x0, 0x0, 0xf0,
    0x0, 0x0, 0xd0, 0x0,

    /* U+0147 "Ň" */
    0x7, 0x80, 0x7c, 0x0, 0x7c, 0x7c, 0x0, 0xb,
    0xfc, 0x0, 0x0, 0xfd, 0x0, 0x0, 0x0, 0x0,
    0x0, 0x0, 0x0, 0x7, 0xe0, 0x0, 0x7d, 0xfc,
    0x0, 0x1f, 0x7f, 0x80, 0x7, 0xdf, 0xf0, 0x1,
    0xf7, 0xee, 0x0, 0x7d, 0xf3, 0xc0, 0x1f, 0x7c,
    0xb8, 0x7, 0xdf, 0xf, 0x1, 0xf7, 0xc2, 0xe0,
    0x7d, 0xf0, 0x3c, 0x1f, 0x7c, 0xb, 0x87, 0xdf,
    0x0, 0xf1, 0xf7, 0xc0, 0x2e, 0x7d, 0xf0, 0x3,
    0xdf, 0x7c, 0x0, 0xbf, 0xdf, 0x0, 0xf, 0xf7,
    0xc0, 0x2, 0xfd, 0xf0, 0x0, 0x3f,

    /* U+0148 "ň" */
    0xf, 0x0, 0xf0, 0x3, 0xd7, 0xc0, 0x0, 0xff,
    0x0, 0x0, 0x68, 0x0, 0x0, 0x0, 0x0, 0xf0,
    0xbf, 0x90, 0xf7, 0xff, 0xf8, 0xff, 0x40, 0xbc,
    0xfc, 0x0, 0x3d, 0xf8, 0x0, 0x3e, 0xf4, 0x0,
    0x2e, 0xf4, 0x0, 0x2e, 0xf4, 0x0, 0x2e, 0xf4,
    0x0, 0x2e, 0xf4, 0x0, 0x2e, 0xf4, 0x0, 0x2e,
    0xf4, 0x0, 0x2e, 0xf4, 0x0, 0x2e, 0xf4, 0x0,
    0x2e,

    /* U+0149 "ŉ" */
    0xf, 0x80, 0x0, 0x0, 0xf, 0x40, 0x0, 0x0,
    0x1f, 0x0, 0x0, 0x0, 0x2e, 0x0, 0x0, 0x0,
    0x3d, 0xb4, 0x7f, 0x90, 0x3c, 0xb6, 0xff, 0xf4,
    0x10, 0xbf, 0x96, 0xfc, 0x0, 0xbe, 0x0, 0x7c,
    0x0, 0xbc, 0x0, 0x3d, 0x0, 0xbc, 0x0, 0x3d,
    0x0, 0xb8, 0x0, 0x3d, 0x0, 0xb8, 0x0, 0x3d,
    0x0, 0xb8, 0x0, 0x3d, 0x0, 0xb8, 0x0, 0x3d,
    0x0, 0xb8, 0x0, 0x3d, 0x0, 0xb8, 0x0, 0x3d,
    0x0, 0xb8, 0x0, 0x3d, 0x0, 0xb8, 0x0, 0x3d,

    /* U+014A "Ŋ" */
    0x7e, 0x0, 0x7, 0xdf, 0xc0, 0x1, 0xf7, 0xf8,
    0x0, 0x7d, 0xff, 0x40, 0x1f, 0x7e, 0xf0, 0x7,
    0xdf, 0x3d, 0x1, 0xf7, 0xc7, 0xc0, 0x7d, 0xf0,
    0xf4, 0x1f, 0x7c, 0x1f, 0x7, 0xdf, 0x3, 0xd1,
    0xf7, 0xc0, 0x7c, 0x7d, 0xf0, 0xf, 0x5f, 0x7c,
    0x1, 0xf7, 0xdf, 0x0, 0x2e, 0xf7, 0xc0, 0x3,
    0xfd, 0xf0, 0x0, 0xbf, 0x7c, 0x0, 0xf, 0xdf,
    0x0, 0x2, 0xf0, 0x0, 0x0, 0x7c, 0x0, 0x0,
    0x2e, 0x0, 0x0, 0x1f, 0x40, 0x3, 0xff, 0x80,
    0x0, 0xff, 0x40,

    /* U+014B "ŋ" */
    0xf0, 0xbf, 0xd0, 0xf7, 0xff, 0xf8, 0xff, 0x40,
    0xbc, 0xfc, 0x0, 0x3d, 0xf8, 0x0, 0x3e, 0xf4,
    0x0, 0x2e, 0xf4, 0x0, 0x2e, 0xf4, 0x0, 0x2e,
    0xf4, 0x0, 0x2e, 0xf4, 0x0, 0x2e, 0xf4, 0x0,
    0x2e, 0xf4, 0x0, 0x2e, 0xf4, 0x0, 0x2e, 0xf4,
    0x0, 0x2e, 0x0, 0x0, 0x2e, 0x0, 0x0, 0x2e,
    0x0, 0x0, 0x3e, 0x0, 0x0, 0x3d, 0x0, 0xf,
    0xfc, 0x0, 0xb, 0xe0,

    /* U+014C "Ō" */
    0x2, 0xff, 0xf4, 0x0, 0x3f, 0xff, 0x40, 0x0,
    0x0, 0x0, 0x0, 0x0, 0x0, 0x0, 0x0, 0xbf,
    0xd0, 0x0, 0x7f, 0xff, 0xc0, 0x1f, 0xd0, 0x7f,
    0x3, 0xf0, 0x0, 0xf4, 0x7d, 0x0, 0xb, 0xcb,
    0xc0, 0x0, 0x7c, 0xfc, 0x0, 0x3, 0xdf, 0x80,
    0x0, 0x3d, 0xf8, 0x0, 0x3, 0xef, 0x80, 0x0,
    0x3e, 0xf8, 0x0, 0x3, 0xdf, 0xc0, 0x0, 0x3d,
    0xbc, 0x0, 0x7, 0xc7, 0xd0, 0x0, 0xbc, 0x3f,
    0x0, 0xf, 0x41, 0xfd, 0x7, 0xf0, 0xb, 0xff,
    0xfc, 0x0, 0xb, 0xfd, 0x0,

    /* U+014D "ō" */
    0x3, 0xff, 0xf4, 0x0, 0x3f, 0xff, 0x40, 0x0,
    0x0, 0x0, 0x0, 0x0, 0x0, 0x0, 0x0, 0xbf,
    0xd0, 0x0, 0x7f, 0xff, 0xc0, 0x1f, 0x80, 0x3f,
    0x3, 0xe0, 0x0, 0xf4, 0x3c, 0x0, 0xb, 0xc7,
    0xc0, 0x0, 0x7c, 0xbc, 0x0, 0x7, 0xcb, 0xc0,
    0x0, 0x7c, 0x7c, 0x0, 0x7, 0xc3, 0xc0, 0x0,
    0xbc, 0x3e, 0x0, 0xf, 0x40, 0xf8, 0x3, 0xf0,
    0x7, 0xff, 0xfc, 0x0, 0xb, 0xfd, 0x0,

    /* U+014E "Ŏ" */
    0x1, 0x0, 0x14, 0x0, 0x38, 0x7, 0x40, 0x1,
    0xff, 0xf0, 0x0, 0x7, 0xf8, 0x0, 0x0, 0x0,
    0x0, 0x0, 0x0, 0x0, 0x0, 0x0, 0xbf, 0xd0,
    0x0, 0x7f, 0xff, 0xc0, 0x1f, 0xd0, 0x7f, 0x3,
    0xf0, 0x0, 0xf4, 0x7d, 0x0, 0xb, 0xcb, 0xc0,
    0x0, 0x7c, 0xfc, 0x0, 0x3, 0xdf, 0x80, 0x0,
    0x3d, 0xf8, 0x0, 0x3, 0xef, 0x80, 0x0, 0x3e,
    0xf8, 0x0, 0x3, 0xdf, 0xc0, 0x0, 0x3d, 0xbc,
    0x0, 0x7, 0xc7, 0xd0, 0x0, 0xbc, 0x3f, 0x0,
    0xf, 0x41, 0xfd, 0x7, 0xf0, 0xb, 0xff, 0xfc,
    0x0, 0xb, 0xfd, 0x0,

    /* U+014F "ŏ" */
    0x3, 0x80, 0x34, 0x0, 0x2f, 0xff, 0x0, 0x0,
    0x7f, 0x80, 0x0, 0x0, 0x0, 0x0, 0x0, 0x0,
    0x0, 0x0, 0xb, 0xfd, 0x0, 0x7, 0xff, 0xfc,
    0x1, 0xf8, 0x3, 0xf0, 0x3e, 0x0, 0xf, 0x43,
    0xc0, 0x0, 0xbc, 0x7c, 0x0, 0x7, 0xcb, 0xc0,
    0x0, 0x7c, 0xbc, 0x0, 0x7, 0xc7, 0xc0, 0x0,
    0x7c, 0x3c, 0x0, 0xb, 0xc3, 0xe0, 0x0, 0xf4,
    0xf, 0x80, 0x3f, 0x0, 0x7f, 0xff, 0xc0, 0x0,
    0xbf, 0xd0, 0x0,

    /* U+0150 "Ő" */
    0x0, 0x0, 0x0, 0x0, 0x3, 0xe1, 0xf0, 0x0,
    0xbc, 0x3d, 0x0, 0xf, 0xb, 0x80, 0x2, 0xc0,
    0xe0, 0x0, 0x0, 0x0, 0x0, 0x0, 0x0, 0x0,
    0x0, 0xb, 0xfd, 0x0, 0x7, 0xff, 0xfc, 0x1,
    0xfd, 0x7, 0xf0, 0x3f, 0x0, 0xf, 0x47, 0xd0,
    0x0, 0xbc, 0xbc, 0x0, 0x7, 0xcf, 0xc0, 0x0,
    0x3d, 0xf8, 0x0, 0x3, 0xdf, 0x80, 0x0, 0x3e,
    0xf8, 0x0, 0x3, 0xef, 0x80, 0x0, 0x3d, 0xfc,
    0x0, 0x3, 0xdb, 0xc0, 0x0, 0x7c, 0x7d, 0x0,
    0xb, 0xc3, 0xf0, 0x0, 0xf4, 0x1f, 0xd0, 0x7f,
    0x0, 0xbf, 0xff, 0xc0, 0x0, 0xbf, 0xd0, 0x0,

    /* U+0151 "ő" */
    0x0, 0x3e, 0x1f, 0x40, 0x7, 0xc3, 0xe0, 0x0,
    0xf0, 0x78, 0x0, 0x2c, 0xe, 0x0, 0x0, 0x0,
    0x0, 0x0, 0xb, 0xfd, 0x0, 0x7, 0xff, 0xfc,
    0x1, 0xf8, 0x3, 0xf0, 0x3e, 0x0, 0xf, 0x43,
    0xc0, 0x0, 0xbc, 0x7c, 0x0, 0x7, 0xcb, 0xc0,
    0x0, 0x7c, 0xbc, 0x0, 0x7, 0xc7, 0xc0, 0x0,
    0x7c, 0x3c, 0x0, 0xb, 0xc3, 0xe0, 0x0, 0xf4,
    0xf, 0x80, 0x3f, 0x0, 0x7f, 0xff, 0xc0, 0x0,
    0xbf, 0xd0, 0x0,

    /* U+0152 "Œ" */
    0x0, 0xbf, 0xff, 0xfe, 0x7, 0xff, 0xff, 0xfe,
    0x1f, 0xd0, 0xf8, 0x0, 0x3f, 0x0, 0xb8, 0x0,
    0x3d, 0x0, 0xb8, 0x0, 0x7c, 0x0, 0xb8, 0x0,
    0xbc, 0x0, 0xb8, 0x0, 0xb8, 0x0, 0xbf, 0xfc,
    0xb8, 0x0, 0xbf, 0xfc, 0xb8, 0x0, 0xb8, 0x0,
    0xb8, 0x0, 0xb8, 0x0, 0xbc, 0x0, 0xb8, 0x0,
    0x7c, 0x0, 0xb8, 0x0, 0x3d, 0x0, 0xb8, 0x0,
    0x3f, 0x0, 0xb8, 0x0, 0x1f, 0xc0, 0xf8, 0x0,
    0xb, 0xff, 0xff, 0xfe, 0x1, 0xbf, 0xff, 0xfe,

    /* U+0153 "œ" */
    0x2, 0xf8, 0x1f, 0x80, 0x3f, 0xf8, 0xff, 0xc1,
    0xf0, 0xff, 0xf, 0x4f, 0x41, 0xf8, 0x2e, 0x3c,
    0x3, 0xd0, 0x7c, 0xf0, 0xf, 0xff, 0xf7, 0xc0,
    0x3f, 0xff, 0xdf, 0x0, 0xf4, 0x0, 0x3c, 0x3,
    0xd0, 0x0, 0xf0, 0xf, 0x80, 0x3, 0xd0, 0x7f,
    0x0, 0x7, 0xc3, 0xee, 0x5, 0xf, 0xfe, 0x3f,
    0xf4, 0xb, 0xe0, 0x3f, 0x80,

    /* U+0154 "Ŕ" */
    0x0, 0x1f, 0x40, 0x0, 0xf, 0x80, 0x0, 0xb,
    0xc0, 0x0, 0x3, 0x80, 0x0, 0x0, 0x0, 0x0,
    0x0, 0x0, 0x0, 0xb, 0xff, 0xe4, 0x2, 0xff,
    0xff, 0xc0, 0xb8, 0x1, 0xfc, 0x2e, 0x0, 0x1f,
    0x4b, 0x80, 0x3, 0xd2, 0xe0, 0x0, 0xf4, 0xb8,
    0x0, 0x7c, 0x2e, 0x0, 0x7e, 0xb, 0xff, 0xfe,
    0x2, 0xff, 0xfc, 0x0, 0xb8, 0xf, 0x40, 0x2e,
    0x2, 0xf0, 0xb, 0x80, 0x3e, 0x2, 0xe0, 0x7,
    0xc0, 0xb8, 0x0, 0xfc, 0x2e, 0x0, 0x1f, 0x4b,
    0x80, 0x2, 0xf2, 0xe0, 0x0, 0x3e,

    /* U+0155 "ŕ" */
    0x0, 0x2f, 0x0, 0x0, 0xf4, 0x0, 0xf, 0x40,
    0x0, 0x60, 0x0, 0x0, 0x0, 0x2, 0xd0, 0xbf,
    0x8b, 0x5f, 0xff, 0x2e, 0xe4, 0x14, 0xbe, 0x0,
    0x2, 0xf0, 0x0, 0xb, 0xc0, 0x0, 0x2e, 0x0,
    0x0, 0xb8, 0x0, 0x2, 0xe0, 0x0, 0xb, 0x80,
    0x0, 0x2e, 0x0, 0x0, 0xb8, 0x0, 0x2, 0xe0,
    0x0, 0xb, 0x80, 0x0, 0x0,

    /* U+0156 "Ŗ" */
    0xbf, 0xfe, 0x40, 0x2f, 0xff, 0xfc, 0xb, 0x80,
    0x2f, 0xc2, 0xe0, 0x1, 0xf0, 0xb8, 0x0, 0x3d,
    0x2e, 0x0, 0xf, 0x4b, 0x80, 0x3, 0xd2, 0xe0,
    0x1, 0xf0, 0xb8, 0x2, 0xf4, 0x2f, 0xff, 0xf4,
    0xb, 0xff, 0xf0, 0x2, 0xe0, 0x3e, 0x0, 0xb8,
    0x7, 0xc0, 0x2e, 0x0, 0xfc, 0xb, 0x80, 0xf,
    0x82, 0xe0, 0x1, 0xf0, 0xb8, 0x0, 0x3f, 0x2e,
    0x0, 0x3, 0xe0, 0x0, 0x0, 0x0, 0x0, 0x0,
    0x0, 0x0, 0x3d, 0x0, 0x0, 0xf, 0x0, 0x0,
    0x7, 0x40, 0x0, 0x3, 0x80, 0x0,

    /* U+0157 "ŗ" */
    0x2d, 0xb, 0xf8, 0x2d, 0x7f, 0xfc, 0x2e, 0xe4,
    0x14, 0x2f, 0x80, 0x0, 0x2f, 0x0, 0x0, 0x2f,
    0x0, 0x0, 0x2e, 0x0, 0x0, 0x2e, 0x0, 0x0,
    0x2e, 0x0, 0x0, 0x2e, 0x0, 0x0, 0x2e, 0x0,
    0x0, 0x2e, 0x0, 0x0, 0x2e, 0x0, 0x0, 0x2e,
    0x0, 0x0, 0x0, 0x0, 0x0, 0x0, 0x0, 0x0,
    0x2e, 0x0, 0x0, 0x3c, 0x0, 0x0, 0x38, 0x0,
    0x0, 0xb0, 0x0, 0x0,

    /* U+0158 "Ř" */
    0x2d, 0x2, 0xd0, 0x2, 0xe2, 0xe0, 0x0, 0x3f,
    0xe0, 0x0, 0x3, 0xf0, 0x0, 0x0, 0x0, 0x0,
    0x0, 0x0, 0x0, 0xb, 0xff, 0xe4, 0x2, 0xff,
    0xff, 0xc0, 0xb8, 0x1, 0xfc, 0x2e, 0x0, 0x1f,
    0x4b, 0x80, 0x3, 0xd2, 0xe0, 0x0, 0xf4, 0xb8,
    0x0, 0x7c, 0x2e, 0x0, 0x7e, 0xb, 0xff, 0xfe,
    0x2, 0xff, 0xfc, 0x0, 0xb8, 0xf, 0x40, 0x2e,
    0x2, 0xf0, 0xb, 0x80, 0x3e, 0x2, 0xe0, 0x7,
    0xc0, 0xb8, 0x0, 0xfc, 0x2e, 0x0, 0x1f, 0x4b,
    0x80, 0x2, 0xf2, 0xe0, 0x0, 0x3e,

    /* U+0159 "ř" */
    0x3c, 0x3, 0xc0, 0x3d, 0x7c, 0x0, 0x3f, 0xc0,
    0x0, 0x68, 0x0, 0x0, 0x0, 0x2, 0xd0, 0xbf,
    0x8b, 0x5f, 0xff, 0x2e, 0xe4, 0x14, 0xbe, 0x0,
    0x2, 0xf0, 0x0, 0xb, 0xc0, 0x0, 0x2e, 0x0,
    0x0, 0xb8, 0x0, 0x2, 0xe0, 0x0, 0xb, 0x80,
    0x0, 0x2e, 0x0, 0x0, 0xb8, 0x0, 0x2, 0xe0,
    0x0, 0xb, 0x80, 0x0, 0x0,

    /* U+015A "Ś" */
    0x0, 0x2, 0xf4, 0x0, 0x0, 0xf8, 0x0, 0x0,
    0xb8, 0x0, 0x0, 0x78, 0x0, 0x0, 0x0, 0x0,
    0x0, 0x0, 0x0, 0x0, 0x1b, 0xff, 0x90, 0x2f,
    0xff, 0xfc, 0x1f, 0x80, 0x1a, 0xf, 0x80, 0x0,
    0x3, 0xd0, 0x0, 0x0, 0xf8, 0x0, 0x0, 0x2f,
    0x40, 0x0, 0x3, 0xf9, 0x0, 0x0, 0x2f, 0xf8,
    0x0, 0x0, 0x7f, 0xe0, 0x0, 0x0, 0xbf, 0x0,
    0x0, 0x3, 0xd0, 0x0, 0x0, 0xb8, 0x0, 0x0,
    0x2f, 0x0, 0x0, 0xf, 0x8d, 0x40, 0x1f, 0xc3,
    0xff, 0xff, 0xd0, 0x6f, 0xff, 0x40,

    /* U+015B "ś" */
    0x0, 0xb, 0xc0, 0x0, 0xf, 0x40, 0x0, 0x3d,
    0x0, 0x0, 0x64, 0x0, 0x0, 0x0, 0x0, 0x2,
    0xff, 0x90, 0x1f, 0xff, 0xf8, 0x3e, 0x0, 0x60,
    0x3c, 0x0, 0x0, 0x3d, 0x0, 0x0, 0x2f, 0xd0,
    0x0, 0x7, 0xfe, 0x0, 0x0, 0x6f, 0xe0, 0x0,
    0x2, 0xf8, 0x0, 0x0, 0x7c, 0x0, 0x0, 0x7c,
    0x64, 0x0, 0xf8, 0x7f, 0xff, 0xf0, 0x2f, 0xff,
    0x40,

    /* U+015C "Ŝ" */
    0x0, 0x1f, 0x80, 0x0, 0xf, 0xf4, 0x0, 0xf,
    0x4f, 0x0, 0xf, 0x0, 0xf0, 0x0, 0x0, 0x0,
    0x0, 0x0, 0x0, 0x0, 0x1b, 0xff, 0x90, 0x2f,
    0xff, 0xfc, 0x1f, 0x80, 0x1a, 0xf, 0x80, 0x0,
    0x3, 0xd0, 0x0, 0x0, 0xf8, 0x0, 0x0, 0x2f,
    0x40, 0x0, 0x3, 0xf9, 0x0, 0x0, 0x2f, 0xf8,
    0x0, 0x0, 0x7f, 0xe0, 0x0, 0x0, 0xbf, 0x0,
    0x0, 0x3, 0xd0, 0x0, 0x0, 0xb8, 0x0, 0x0,
    0x2f, 0x0, 0x0, 0xf, 0x8d, 0x40, 0x1f, 0xc3,
    0xff, 0xff, 0xd0, 0x6f, 0xff, 0x40,

    /* U+015D "ŝ" */
    0x0, 0x7e, 0x0, 0x1, 0xff, 0x40, 0x7, 0xc2,
    0xd0, 0xa, 0x0, 0x60, 0x0, 0x0, 0x0, 0x2,
    0xff, 0x90, 0x1f, 0xff, 0xf8, 0x3e, 0x0, 0x60,
    0x3c, 0x0, 0x0, 0x3d, 0x0, 0x0, 0x2f, 0xd0,
    0x0, 0x7, 0xfe, 0x0, 0x0, 0x6f, 0xe0, 0x0,
    0x2, 0xf8, 0x0, 0x0, 0x7c, 0x0, 0x0, 0x7c,
    0x64, 0x0, 0xf8, 0x7f, 0xff, 0xf0, 0x2f, 0xff,
    0x40,

    /* U+015E "Ş" */
    0x1, 0xbf, 0xf9, 0x2, 0xff, 0xff, 0xc1, 0xf8,
    0x1, 0xa0, 0xf8, 0x0, 0x0, 0x3d, 0x0, 0x0,
    0xf, 0x80, 0x0, 0x2, 0xf4, 0x0, 0x0, 0x3f,
    0x90, 0x0, 0x2, 0xff, 0x80, 0x0, 0x7, 0xfe,
    0x0, 0x0, 0xb, 0xf0, 0x0, 0x0, 0x3d, 0x0,
    0x0, 0xb, 0x80, 0x0, 0x2, 0xf0, 0x0, 0x0,
    0xf8, 0xd4, 0x1, 0xfc, 0x3f, 0xff, 0xfd, 0x6,
    0xff, 0xf4, 0x0, 0x1, 0xc0, 0x0, 0x0, 0xf8,
    0x0, 0x0, 0xb, 0x80, 0x0, 0x0, 0xf0, 0x0,
    0x5, 0xb8, 0x0, 0x3, 0xf8, 0x0,

    /* U+015F "ş" */
    0x2, 0xff, 0x90, 0x1f, 0xff, 0xf8, 0x3e, 0x0,
    0x60, 0x3c, 0x0, 0x0, 0x3d, 0x0, 0x0, 0x2f,
    0xd0, 0x0, 0x7, 0xfe, 0x0, 0x0, 0x6f, 0xe0,
    0x0, 0x2, 0xf8, 0x0, 0x0, 0x7c, 0x0, 0x0,
    0x7c, 0x64, 0x0, 0xf8, 0x7f, 0xff, 0xf0, 0x2f,
    0xff, 0x40, 0x0, 0x34, 0x0, 0x0, 0xb8, 0x0,
    0x0, 0x2f, 0x0, 0x0, 0xf, 0x0, 0x1, 0x6f,
    0x0, 0x2, 0xf8, 0x0,

    /* U+0160 "Š" */
    0x3, 0xd0, 0x2c, 0x0, 0x3d, 0x3d, 0x0, 0x3,
    0xfd, 0x0, 0x0, 0x7e, 0x0, 0x0, 0x0, 0x0,
    0x0, 0x0, 0x0, 0x0, 0x1b, 0xff, 0x90, 0x2f,
    0xff, 0xfc, 0x1f, 0x80, 0x1a, 0xf, 0x80, 0x0,
    0x3, 0xd0, 0x0, 0x0, 0xf8, 0x0, 0x0, 0x2f,
    0x40, 0x0, 0x3, 0xf9, 0x0, 0x0, 0x2f, 0xf8,
    0x0, 0x0, 0x7f, 0xe0, 0x0, 0x0, 0xbf, 0x0,
    0x0, 0x3, 0xd0, 0x0, 0x0, 0xb8, 0x0, 0x0,
    0x2f, 0x0, 0x0, 0xf, 0x8d, 0x40, 0x1f, 0xc3,
    0xff, 0xff, 0xd0, 0x6f, 0xff, 0x40,

    /* U+0161 "š" */
    0xf, 0x1, 0xf0, 0x3, 0xd7, 0xc0, 0x0, 0xff,
    0x0, 0x0, 0x68, 0x0, 0x0, 0x0, 0x0, 0x2,
    0xff, 0x90, 0x1f, 0xff, 0xf8, 0x3e, 0x0, 0x60,
    0x3c, 0x0, 0x0, 0x3d, 0x0, 0x0, 0x2f, 0xd0,
    0x0, 0x7, 0xfe, 0x0, 0x0, 0x6f, 0xe0, 0x0,
    0x2, 0xf8, 0x0, 0x0, 0x7c, 0x0, 0x0, 0x7c,
    0x64, 0x0, 0xf8, 0x7f, 0xff, 0xf0, 0x2f, 0xff,
    0x40,

    /* U+0162 "Ţ" */
    0xbf, 0xff, 0xff, 0xdb, 0xff, 0xff, 0xfd, 0x0,
    0x1f, 0x0, 0x0, 0x1, 0xf0, 0x0, 0x0, 0x1f,
    0x0, 0x0, 0x1, 0xf0, 0x0, 0x0, 0x1f, 0x0,
    0x0, 0x1, 0xf0, 0x0, 0x0, 0x1f, 0x0, 0x0,
    0x1, 0xf0, 0x0, 0x0, 0x1f, 0x0, 0x0, 0x1,
    0xf0, 0x0, 0x0, 0x1f, 0x0, 0x0, 0x1, 0xf0,
    0x0, 0x0, 0x1f, 0x0, 0x0, 0x1, 0xf0, 0x0,
    0x0, 0x1f, 0x0, 0x0, 0x1, 0xf0, 0x0, 0x0,
    0xe, 0x0, 0x0, 0x1, 0xe0, 0x0, 0x0, 0xb,
    0xc0, 0x0, 0x0, 0x2c, 0x0, 0x0, 0x5b, 0xc0,
    0x0, 0xb, 0xe0, 0x0,

    /* U+0163 "ţ" */
    0x0, 0x10, 0x0, 0x0, 0xd, 0x0, 0x0, 0x7,
    0x40, 0x0, 0x2, 0xd0, 0x0, 0x2f, 0xff, 0xff,
    0xa, 0xbf, 0xaa, 0x80, 0xf, 0x40, 0x0, 0x3,
    0xd0, 0x0, 0x0, 0xf4, 0x0, 0x0, 0x3d, 0x0,
    0x0, 0xf, 0x40, 0x0, 0x3, 0xd0, 0x0, 0x0,
    0xf4, 0x0, 0x0, 0x3d, 0x0, 0x0, 0xf, 0x80,
    0x0, 0x2, 0xf0, 0x0, 0x0, 0x3f, 0xff, 0x0,
    0x2, 0xff, 0x80, 0x0, 0xb0, 0x0, 0x0, 0x3d,
    0x0, 0x0, 0x3, 0xd0, 0x0, 0x0, 0x38, 0x0,
    0x1, 0x7d, 0x0, 0x0, 0xfd, 0x0,

    /* U+0164 "Ť" */
    0x3, 0x80, 0x7c, 0x0, 0x1f, 0x1f, 0x0, 0x0,
    0x7f, 0xc0, 0x0, 0x2, 0xf4, 0x0, 0x0, 0x0,
    0x0, 0x0, 0x0, 0x0, 0x0, 0xbf, 0xff, 0xff,
    0xdb, 0xff, 0xff, 0xfd, 0x0, 0x1f, 0x0, 0x0,
    0x1, 0xf0, 0x0, 0x0, 0x1f, 0x0, 0x0, 0x1,
    0xf0, 0x0, 0x0, 0x1f, 0x0, 0x0, 0x1, 0xf0,
    0x0, 0x0, 0x1f, 0x0, 0x0, 0x1, 0xf0, 0x0,
    0x0, 0x1f, 0x0, 0x0, 0x1, 0xf0, 0x0, 0x0,
    0x1f, 0x0, 0x0, 0x1, 0xf0, 0x0, 0x0, 0x1f,
    0x0, 0x0, 0x1, 0xf0, 0x0, 0x0, 0x1f, 0x0,
    0x0, 0x1, 0xf0, 0x0,

    /* U+0165 "ť" */
    0x0, 0x0, 0xf, 0x0, 0x0, 0x7, 0x80, 0x3,
    0x42, 0xc0, 0x1, 0xd0, 0xe0, 0x0, 0xb4, 0x0,
    0xa, 0xff, 0xff, 0xc2, 0xaf, 0xea, 0xa0, 0x3,
    0xd0, 0x0, 0x0, 0xf4, 0x0, 0x0, 0x3d, 0x0,
    0x0, 0xf, 0x40, 0x0, 0x3, 0xd0, 0x0, 0x0,
    0xf4, 0x0, 0x0, 0x3d, 0x0, 0x0, 0xf, 0x40,
    0x0, 0x3, 0xe0, 0x0, 0x0, 0xbc, 0x0, 0x0,
    0xf, 0xff, 0xc0, 0x0, 0xbf, 0xe0,

    /* U+0166 "Ŧ" */
    0xbf, 0xff, 0xff, 0xdb, 0xff, 0xff, 0xfd, 0x0,
    0x1f, 0x0, 0x0, 0x1, 0xf0, 0x0, 0x0, 0x1f,
    0x0, 0x0, 0x1, 0xf0, 0x0, 0x0, 0x1f, 0x0,
    0x0, 0x1, 0xf0, 0x0, 0xf, 0xff, 0xfe, 0x0,
    0xff, 0xff, 0xe0, 0x0, 0x1f, 0x0, 0x0, 0x1,
    0xf0, 0x0, 0x0, 0x1f, 0x0, 0x0, 0x1, 0xf0,
    0x0, 0x0, 0x1f, 0x0, 0x0, 0x1, 0xf0, 0x0,
    0x0, 0x1f, 0x0, 0x0, 0x1, 0xf0, 0x0,

    /* U+0167 "ŧ" */
    0x0, 0x10, 0x0, 0x0, 0xd, 0x0, 0x0, 0x7,
    0x40, 0x0, 0x2, 0xd0, 0x0, 0x2f, 0xff, 0xff,
    0xa, 0xbf, 0xaa, 0x80, 0xf, 0x40, 0x0, 0x3,
    0xd0, 0x0, 0x0, 0xf4, 0x0, 0x3, 0xff, 0xfd,
    0x0, 0xaf, 0xea, 0x40, 0x3, 0xd0, 0x0, 0x0,
    0xf4, 0x0, 0x0, 0x3d, 0x0, 0x0, 0xf, 0x80,
    0x0, 0x2, 0xf0, 0x0, 0x0, 0x3f, 0xff, 0x0,
    0x2, 0xff, 0x80,

    /* U+0168 "Ũ" */
    0x1, 0xf9, 0xd, 0x0, 0x7f, 0xff, 0xc0, 0xb,
    0x6, 0xf4, 0x0, 0x0, 0x0, 0x0, 0x0, 0x0,
    0x0, 0x7, 0xc0, 0x0, 0x7c, 0x7c, 0x0, 0x7,
    0xc7, 0xc0, 0x0, 0x7c, 0x7c, 0x0, 0x7, 0xc7,
    0xc0, 0x0, 0x7c, 0x7c, 0x0, 0x7, 0xc7, 0xc0,
    0x0, 0x7c, 0x7c, 0x0, 0x7, 0xc7, 0xc0, 0x0,
    0x7c, 0x7c, 0x0, 0x7, 0xc7, 0xc0, 0x0, 0x7c,
    0x7c, 0x0, 0x7, 0xc7, 0xc0, 0x0, 0x7c, 0x3d,
    0x0, 0xb, 0xc3, 0xe0, 0x0, 0xf8, 0x1f, 0x80,
    0x7f, 0x0, 0xbf, 0xff, 0xc0, 0x1, 0xbf, 0xe0,
    0x0,

    /* U+0169 "ũ" */
    0xb, 0xff, 0xf0, 0x2f, 0xff, 0xd0, 0x0, 0x0,
    0x0, 0x0, 0x0, 0x0, 0xf4, 0x0, 0x2e, 0xf4,
    0x0, 0x2e, 0xf4, 0x0, 0x2e, 0xf4, 0x0, 0x2e,
    0xf4, 0x0, 0x2e, 0xf4, 0x0, 0x2e, 0xf4, 0x0,
    0x2e, 0xf4, 0x0, 0x3e, 0xf4, 0x0, 0x3e, 0xf4,
    0x0, 0x3e, 0xf8, 0x0, 0x7e, 0xbd, 0x1, 0xfe,
    0x3f, 0xff, 0xae, 0xb, 0xfd, 0x1e,

    /* U+016A "Ū" */
    0x3, 0xff, 0xf4, 0x0, 0x3f, 0xff, 0x40, 0x0,
    0x0, 0x0, 0x0, 0x0, 0x0, 0x0, 0x7c, 0x0,
    0x7, 0xc7, 0xc0, 0x0, 0x7c, 0x7c, 0x0, 0x7,
    0xc7, 0xc0, 0x0, 0x7c, 0x7c, 0x0, 0x7, 0xc7,
    0xc0, 0x0, 0x7c, 0x7c, 0x0, 0x7, 0xc7, 0xc0,
    0x0, 0x7c, 0x7c, 0x0, 0x7, 0xc7, 0xc0, 0x0,
    0x7c, 0x7c, 0x0, 0x7, 0xc7, 0xc0, 0x0, 0x7c,
    0x7c, 0x0, 0x7, 0xc3, 0xd0, 0x0, 0xbc, 0x3e,
    0x0, 0xf, 0x81, 0xf8, 0x7, 0xf0, 0xb, 0xff,
    0xfc, 0x0, 0x1b, 0xfe, 0x0,

    /* U+016B "ū" */
    0xb, 0xff, 0xd0, 0xf, 0xff, 0xd0, 0x0, 0x0,
    0x0, 0x0, 0x0, 0x0, 0xf4, 0x0, 0x2e, 0xf4,
    0x0, 0x2e, 0xf4, 0x0, 0x2e, 0xf4, 0x0, 0x2e,
    0xf4, 0x0, 0x2e, 0xf4, 0x0, 0x2e, 0xf4, 0x0,
    0x2e, 0xf4, 0x0, 0x3e, 0xf4, 0x0, 0x3e, 0xf4,
    0x0, 0x3e, 0xf8, 0x0, 0x7e, 0xbd, 0x1, 0xfe,
    0x3f, 0xff, 0xae, 0xb, 0xfd, 0x1e,

    /* U+016C "Ŭ" */
    0x1, 0x0, 0x14, 0x0, 0x38, 0x7, 0x40, 0x1,
    0xff, 0xf0, 0x0, 0x7, 0xf8, 0x0, 0x0, 0x0,
    0x0, 0x0, 0x0, 0x0, 0x0, 0x7c, 0x0, 0x7,
    0xc7, 0xc0, 0x0, 0x7c, 0x7c, 0x0, 0x7, 0xc7,
    0xc0, 0x0, 0x7c, 0x7c, 0x0, 0x7, 0xc7, 0xc0,
    0x0, 0x7c, 0x7c, 0x0, 0x7, 0xc7, 0xc0, 0x0,
    0x7c, 0x7c, 0x0, 0x7, 0xc7, 0xc0, 0x0, 0x7c,
    0x7c, 0x0, 0x7, 0xc7, 0xc0, 0x0, 0x7c, 0x7c,
    0x0, 0x7, 0xc3, 0xd0, 0x0, 0xbc, 0x3e, 0x0,
    0xf, 0x81, 0xf8, 0x7, 0xf0, 0xb, 0xff, 0xfc,
    0x0, 0x1b, 0xfe, 0x0,

    /* U+016D "ŭ" */
    0xe, 0x0, 0xd0, 0xb, 0xff, 0xc0, 0x1, 0xfe,
    0x0, 0x0, 0x0, 0x0, 0x0, 0x0, 0x0, 0xf4,
    0x0, 0x2e, 0xf4, 0x0, 0x2e, 0xf4, 0x0, 0x2e,
    0xf4, 0x0, 0x2e, 0xf4, 0x0, 0x2e, 0xf4, 0x0,
    0x2e, 0xf4, 0x0, 0x2e, 0xf4, 0x0, 0x3e, 0xf4,
    0x0, 0x3e, 0xf4, 0x0, 0x3e, 0xf8, 0x0, 0x7e,
    0xbd, 0x1, 0xfe, 0x3f, 0xff, 0xae, 0xb, 0xfd,
    0x1e,

    /* U+016E "Ů" */
    0x0, 0x0, 0x0, 0x0, 0x3, 0xf8, 0x0, 0x0,
    0xf5, 0xd0, 0x0, 0xd, 0xe, 0x0, 0x0, 0xe1,
    0xd0, 0x0, 0x7, 0xf8, 0x0, 0x0, 0x0, 0x0,
    0x0, 0x0, 0x0, 0x0, 0x7c, 0x0, 0x7, 0xc7,
    0xc0, 0x0, 0x7c, 0x7c, 0x0, 0x7, 0xc7, 0xc0,
    0x0, 0x7c, 0x7c, 0x0, 0x7, 0xc7, 0xc0, 0x0,
    0x7c, 0x7c, 0x0, 0x7, 0xc7, 0xc0, 0x0, 0x7c,
    0x7c, 0x0, 0x7, 0xc7, 0xc0, 0x0, 0x7c, 0x7c,
    0x0, 0x7, 0xc7, 0xc0, 0x0, 0x7c, 0x7c, 0x0,
    0x7, 0xc3, 0xd0, 0x0, 0xbc, 0x3e, 0x0, 0xf,
    0x81, 0xf8, 0x7, 0xf0, 0xb, 0xff, 0xfc, 0x0,
    0x1b, 0xfe, 0x0,

    /* U+016F "ů" */
    0x0, 0x0, 0x0, 0x0, 0xfd, 0x0, 0x3, 0xdb,
    0x40, 0x3, 0x43, 0x80, 0x3, 0x87, 0x40, 0x1,
    0xfe, 0x0, 0x0, 0x0, 0x0, 0x0, 0x0, 0x0,
    0xf4, 0x0, 0x2e, 0xf4, 0x0, 0x2e, 0xf4, 0x0,
    0x2e, 0xf4, 0x0, 0x2e, 0xf4, 0x0, 0x2e, 0xf4,
    0x0, 0x2e, 0xf4, 0x0, 0x2e, 0xf4, 0x0, 0x3e,
    0xf4, 0x0, 0x3e, 0xf4, 0x0, 0x3e, 0xf8, 0x0,
    0x7e, 0xbd, 0x1, 0xfe, 0x3f, 0xff, 0xae, 0xb,
    0xfd, 0x1e,

    /* U+0170 "Ű" */
    0x0, 0x0, 0x0, 0x0, 0x3, 0xe1, 0xf0, 0x0,
    0xbc, 0x3d, 0x0, 0xf, 0xb, 0x80, 0x3, 0xc0,
    0xd0, 0x0, 0x0, 0x0, 0x0, 0x0, 0x0, 0x0,
    0x7, 0xc0, 0x0, 0x7c, 0x7c, 0x0, 0x7, 0xc7,
    0xc0, 0x0, 0x7c, 0x7c, 0x0, 0x7, 0xc7, 0xc0,
    0x0, 0x7c, 0x7c, 0x0, 0x7, 0xc7, 0xc0, 0x0,
    0x7c, 0x7c, 0x0, 0x7, 0xc7, 0xc0, 0x0, 0x7c,
    0x7c, 0x0, 0x7, 0xc7, 0xc0, 0x0, 0x7c, 0x7c,
    0x0, 0x7, 0xc7, 0xc0, 0x0, 0x7c, 0x3d, 0x0,
    0xb, 0xc3, 0xe0, 0x0, 0xf8, 0x1f, 0x80, 0x7f,
    0x0, 0xbf, 0xff, 0xc0, 0x1, 0xbf, 0xe0, 0x0,

    /* U+0171 "ű" */
    0x0, 0xf8, 0x7d, 0x1, 0xf0, 0xf8, 0x3, 0xc1,
    0xe0, 0xb, 0x3, 0x80, 0x0, 0x0, 0x0, 0xf4,
    0x0, 0x2e, 0xf4, 0x0, 0x2e, 0xf4, 0x0, 0x2e,
    0xf4, 0x0, 0x2e, 0xf4, 0x0, 0x2e, 0xf4, 0x0,
    0x2e, 0xf4, 0x0, 0x2e, 0xf4, 0x0, 0x3e, 0xf4,
    0x0, 0x3e, 0xf4, 0x0, 0x3e, 0xf8, 0x0, 0x7e,
    0xbd, 0x1, 0xfe, 0x3f, 0xff, 0xae, 0xb, 0xfd,
    0x1e,

    /* U+0172 "Ų" */
    0x7c, 0x0, 0x7, 0xc7, 0xc0, 0x0, 0x7c, 0x7c,
    0x0, 0x7, 0xc7, 0xc0, 0x0, 0x7c, 0x7c, 0x0,
    0x7, 0xc7, 0xc0, 0x0, 0x7c, 0x7c, 0x0, 0x7,
    0xc7, 0xc0, 0x0, 0x7c, 0x7c, 0x0, 0x7, 0xc7,
    0xc0, 0x0, 0x7c, 0x7c, 0x0, 0x7, 0xc7, 0xc0,
    0x0, 0x7c, 0x7c, 0x0, 0x7, 0xc3, 0xd0, 0x0,
    0xbc, 0x3e, 0x0, 0xf, 0x81, 0xf8, 0x7, 0xf0,
    0xb, 0xff, 0xfc, 0x0, 0x1b, 0xfe, 0x0, 0x0,
    0xf, 0x0, 0x0, 0x3, 0xc0, 0x0, 0x0, 0x78,
    0x0, 0x0, 0x7, 0x80, 0x0, 0x0, 0x3e, 0x90,
    0x0, 0x1, 0xfe, 0x0,

    /* U+0173 "ų" */
    0xf4, 0x0, 0x2e, 0x3d, 0x0, 0xb, 0x8f, 0x40,
    0x2, 0xe3, 0xd0, 0x0, 0xb8, 0xf4, 0x0, 0x2e,
    0x3d, 0x0, 0xb, 0x8f, 0x40, 0x2, 0xe3, 0xd0,
    0x0, 0xf8, 0xf4, 0x0, 0x3e, 0x3d, 0x0, 0xf,
    0x8f, 0x80, 0x7, 0xe2, 0xf4, 0x7, 0xf8, 0x3f,
    0xff, 0xae, 0x2, 0xff, 0x47, 0x80, 0x0, 0x3,
    0x80, 0x0, 0x3, 0xc0, 0x0, 0x2, 0xc0, 0x0,
    0x0, 0xf0, 0x0, 0x0, 0x2f, 0xa0, 0x0, 0x2,
    0xfc,

    /* U+0174 "Ŵ" */
    0x0, 0xb, 0xd0, 0x0, 0x0, 0x1f, 0xf0, 0x0,
    0x0, 0x7c, 0x7c, 0x0, 0x0, 0xe0, 0x1f, 0x0,
    0x0, 0x0, 0x0, 0x0, 0x0, 0x0, 0x0, 0x0,
    0xf4, 0x0, 0x0, 0x2e, 0xf4, 0x0, 0x0, 0x2d,
    0xb8, 0x0, 0x0, 0x3c, 0x78, 0x0, 0x0, 0x3c,
    0x7c, 0x0, 0x0, 0x3c, 0x3c, 0x1, 0x40, 0x3c,
    0x3c, 0xb, 0xc0, 0x78, 0x3c, 0xf, 0xe0, 0x78,
    0x3d, 0xe, 0xf0, 0xb4, 0x2d, 0x1d, 0xb0, 0xb4,
    0x1e, 0x2c, 0x74, 0xb0, 0x1e, 0x3c, 0x38, 0xf0,
    0xf, 0x38, 0x3c, 0xf0, 0xf, 0x74, 0x2d, 0xf0,
    0xf, 0xb0, 0x1e, 0xe0, 0xf, 0xe0, 0xf, 0xe0,
    0xb, 0xd0, 0xb, 0xd0, 0x7, 0xc0, 0x7, 0xd0,

    /* U+0175 "ŵ" */
    0x0, 0x3, 0xf4, 0x0, 0x0, 0x2, 0xff, 0x0,
    0x0, 0x2, 0xe0, 0xf4, 0x0, 0x0, 0x40, 0x5,
    0x0, 0x0, 0x0, 0x0, 0x0, 0xf, 0x0, 0xbc,
    0x1, 0xe2, 0xd0, 0x2f, 0x40, 0xb4, 0xb4, 0xf,
    0xe0, 0x3c, 0x1e, 0x3, 0x7c, 0xf, 0x3, 0xc1,
    0xdb, 0x3, 0x80, 0xf0, 0xb2, 0xd1, 0xe0, 0x2c,
    0x3c, 0x74, 0xb4, 0xb, 0x4e, 0xe, 0x2c, 0x1,
    0xe7, 0x43, 0xcf, 0x0, 0x39, 0xc0, 0xb3, 0x80,
    0xf, 0xb0, 0x1d, 0xe0, 0x2, 0xf8, 0x3, 0xf4,
    0x0, 0xbe, 0x0, 0xfc, 0x0, 0x1f, 0x40, 0x3f,
    0x0,

    /* U+0176 "Ŷ" */
    0x0, 0xb, 0xd0, 0x0, 0x0, 0x1f, 0xf0, 0x0,
    0x0, 0x7c, 0x7c, 0x0, 0x0, 0xe0, 0x1f, 0x0,
    0x0, 0x0, 0x0, 0x0, 0x0, 0x0, 0x0, 0x0,
    0x7d, 0x0, 0x0, 0xbc, 0x2f, 0x0, 0x0, 0xf4,
    0xf, 0x40, 0x2, 0xe0, 0xb, 0xc0, 0x3, 0xc0,
    0x3, 0xd0, 0xb, 0x80, 0x2, 0xf0, 0x1f, 0x0,
    0x0, 0xf4, 0x3e, 0x0, 0x0, 0x7c, 0x7c, 0x0,
    0x0, 0x3d, 0xf4, 0x0, 0x0, 0x1f, 0xf0, 0x0,
    0x0, 0xb, 0xd0, 0x0, 0x0, 0x7, 0xc0, 0x0,
    0x0, 0x7, 0xc0, 0x0, 0x0, 0x7, 0xc0, 0x0,
    0x0, 0x7, 0xc0, 0x0, 0x0, 0x7, 0xc0, 0x0,
    0x0, 0x7, 0xc0, 0x0, 0x0, 0x7, 0xc0, 0x0,

    /* U+0177 "ŷ" */
    0x0, 0x2f, 0x40, 0x0, 0xb, 0xfd, 0x0, 0x2,
    0xe0, 0xf4, 0x0, 0x10, 0x1, 0x40, 0x0, 0x0,
    0x0, 0xb, 0x80, 0x0, 0x3d, 0x7c, 0x0, 0x7,
    0xc3, 0xd0, 0x0, 0xf8, 0x2f, 0x0, 0xf, 0x0,
    0xf0, 0x2, 0xf0, 0xb, 0x80, 0x3d, 0x0, 0x7c,
    0x7, 0xc0, 0x3, 0xd0, 0xb8, 0x0, 0x1f, 0xf,
    0x0, 0x0, 0xf1, 0xf0, 0x0, 0xb, 0xad, 0x0,
    0x0, 0x3f, 0xc0, 0x0, 0x3, 0xf8, 0x0, 0x0,
    0x1f, 0x40, 0x0, 0x1, 0xf0, 0x0, 0x0, 0x3e,
    0x0, 0x0, 0x3, 0xc0, 0x0, 0x0, 0xf8, 0x0,
    0xb, 0xff, 0x0, 0x0, 0xbf, 0x80, 0x0, 0x0,

    /* U+0178 "Ÿ" */
    0x0, 0xb4, 0x2c, 0x0, 0x0, 0xb8, 0x3d, 0x0,
    0x0, 0x20, 0x14, 0x0, 0x0, 0x0, 0x0, 0x0,
    0x0, 0x0, 0x0, 0x0, 0x7d, 0x0, 0x0, 0xbc,
    0x2f, 0x0, 0x0, 0xf4, 0xf, 0x40, 0x2, 0xe0,
    0xb, 0xc0, 0x3, 0xc0, 0x3, 0xd0, 0xb, 0x80,
    0x2, 0xf0, 0x1f, 0x0, 0x0, 0xf4, 0x3e, 0x0,
    0x0, 0x7c, 0x7c, 0x0, 0x0, 0x3d, 0xf4, 0x0,
    0x0, 0x1f, 0xf0, 0x0, 0x0, 0xb, 0xd0, 0x0,
    0x0, 0x7, 0xc0, 0x0, 0x0, 0x7, 0xc0, 0x0,
    0x0, 0x7, 0xc0, 0x0, 0x0, 0x7, 0xc0, 0x0,
    0x0, 0x7, 0xc0, 0x0, 0x0, 0x7, 0xc0, 0x0,
    0x0, 0x7, 0xc0, 0x0,

    /* U+0179 "Ź" */
    0x0, 0x3, 0xf0, 0x0, 0x0, 0xbc, 0x0, 0x0,
    0xf, 0x0, 0x0, 0x3, 0xc0, 0x0, 0x0, 0x0,
    0x0, 0x0, 0x0, 0x0, 0x0, 0x7f, 0xff, 0xff,
    0xc7, 0xff, 0xff, 0xfc, 0x0, 0x0, 0xf, 0x80,
    0x0, 0x2, 0xf0, 0x0, 0x0, 0x7c, 0x0, 0x0,
    0xf, 0x40, 0x0, 0x3, 0xe0, 0x0, 0x0, 0xbc,
    0x0, 0x0, 0xf, 0x40, 0x0, 0x3, 0xe0, 0x0,
    0x0, 0xbc, 0x0, 0x0, 0x1f, 0x0, 0x0, 0x3,
    0xd0, 0x0, 0x0, 0xf8, 0x0, 0x0, 0x2f, 0x0,
    0x0, 0x3, 0xd0, 0x0, 0x0, 0xbf, 0xff, 0xff,
    0xdb, 0xff, 0xff, 0xfd,

    /* U+017A "ź" */
    0x0, 0xf, 0xc0, 0x0, 0x1f, 0x0, 0x0, 0x3c,
    0x0, 0x0, 0x50, 0x0, 0x0, 0x0, 0x0, 0x7f,
    0xff, 0xfc, 0x2a, 0xaa, 0xfc, 0x0, 0x0, 0xf8,
    0x0, 0x2, 0xe0, 0x0, 0x7, 0xc0, 0x0, 0x1f,
    0x0, 0x0, 0x3d, 0x0, 0x0, 0xf8, 0x0, 0x2,
    0xf0, 0x0, 0x7, 0xc0, 0x0, 0xf, 0x0, 0x0,
    0x3d, 0x0, 0x0, 0xbe, 0xaa, 0xa8, 0xbf, 0xff,
    0xfd,

    /* U+017B "Ż" */
    0x0, 0xf, 0x0, 0x0, 0x1, 0xf4, 0x0, 0x0,
    0xf, 0x0, 0x0, 0x0, 0x0, 0x0, 0x0, 0x0,
    0x0, 0x7, 0xff, 0xff, 0xfc, 0x7f, 0xff, 0xff,
    0xc0, 0x0, 0x0, 0xf8, 0x0, 0x0, 0x2f, 0x0,
    0x0, 0x7, 0xc0, 0x0, 0x0, 0xf4, 0x0, 0x0,
    0x3e, 0x0, 0x0, 0xb, 0xc0, 0x0, 0x0, 0xf4,
    0x0, 0x0, 0x3e, 0x0, 0x0, 0xb, 0xc0, 0x0,
    0x1, 0xf0, 0x0, 0x0, 0x3d, 0x0, 0x0, 0xf,
    0x80, 0x0, 0x2, 0xf0, 0x0, 0x0, 0x3d, 0x0,
    0x0, 0xb, 0xff, 0xff, 0xfd, 0xbf, 0xff, 0xff,
    0xd0,

    /* U+017C "ż" */
    0x0, 0x3c, 0x0, 0x0, 0x7d, 0x0, 0x0, 0x3c,
    0x0, 0x0, 0x0, 0x0, 0x7f, 0xff, 0xfc, 0x2a,
    0xaa, 0xfc, 0x0, 0x0, 0xf8, 0x0, 0x2, 0xe0,
    0x0, 0x7, 0xc0, 0x0, 0x1f, 0x0, 0x0, 0x3d,
    0x0, 0x0, 0xf8, 0x0, 0x2, 0xf0, 0x0, 0x7,
    0xc0, 0x0, 0xf, 0x0, 0x0, 0x3d, 0x0, 0x0,
    0xbe, 0xaa, 0xa8, 0xbf, 0xff, 0xfd,

    /* U+017D "Ž" */
    0x3, 0x80, 0x7c, 0x0, 0x1f, 0x1f, 0x0, 0x0,
    0x7f, 0xc0, 0x0, 0x2, 0xf4, 0x0, 0x0, 0x0,
    0x0, 0x0, 0x0, 0x0, 0x0, 0x7f, 0xff, 0xff,
    0xc7, 0xff, 0xff, 0xfc, 0x0, 0x0, 0xf, 0x80,
    0x0, 0x2, 0xf0, 0x0, 0x0, 0x7c, 0x0, 0x0,
    0xf, 0x40, 0x0, 0x3, 0xe0, 0x0, 0x0, 0xbc,
    0x0, 0x0, 0xf, 0x40, 0x0, 0x3, 0xe0, 0x0,
    0x0, 0xbc, 0x0, 0x0, 0x1f, 0x0, 0x0, 0x3,
    0xd0, 0x0, 0x0, 0xf8, 0x0, 0x0, 0x2f, 0x0,
    0x0, 0x3, 0xd0, 0x0, 0x0, 0xbf, 0xff, 0xff,
    0xdb, 0xff, 0xff, 0xfd,

    /* U+017E "ž" */
    0xf, 0x1, 0xf0, 0x3, 0xd7, 0xc0, 0x0, 0xff,
    0x0, 0x0, 0x14, 0x0, 0x0, 0x0, 0x0, 0x7f,
    0xff, 0xfc, 0x2a, 0xaa, 0xfc, 0x0, 0x0, 0xf8,
    0x0, 0x2, 0xe0, 0x0, 0x7, 0xc0, 0x0, 0x1f,
    0x0, 0x0, 0x3d, 0x0, 0x0, 0xf8, 0x0, 0x2,
    0xf0, 0x0, 0x7, 0xc0, 0x0, 0xf, 0x0, 0x0,
    0x3d, 0x0, 0x0, 0xbe, 0xaa, 0xa8, 0xbf, 0xff,
    0xfd,

    /* U+017F "ſ" */
    0x7, 0xff, 0x8b, 0xff, 0xe3, 0xe0, 0x1, 0xf0,
    0x0, 0x7c, 0x0, 0x1f, 0x0, 0x7, 0xc0, 0x1,
    0xf0, 0x0, 0x7c, 0x0, 0x1f, 0x0, 0x7, 0xc0,
    0x1, 0xf0, 0x0, 0x7c, 0x0, 0x1f, 0x0, 0x7,
    0xc0, 0x1, 0xf0, 0x0, 0x7c, 0x0, 0x1f, 0x0,
    0x7, 0xc0, 0x0,

    /* U+0192 "ƒ" */
    0x0, 0x1b, 0xf8, 0x0, 0xff, 0xe0, 0xb, 0xc0,
    0x0, 0x3e, 0x0, 0x0, 0xf4, 0x0, 0x3, 0xd0,
    0x0, 0x7f, 0xfe, 0x2, 0xbf, 0xa4, 0x0, 0xf4,
    0x0, 0x3, 0xd0, 0x0, 0xf, 0x40, 0x0, 0x3d,
    0x0, 0x0, 0xf4, 0x0, 0x3, 0xd0, 0x0, 0xf,
    0x40, 0x0, 0x3d, 0x0, 0x0, 0xf4, 0x0, 0x3,
    0xd0, 0x0, 0xf, 0x40, 0x0, 0x3d, 0x0, 0x0,
    0xf4, 0x0, 0x7, 0xc0, 0x7, 0xff, 0x0, 0xf,
    0xe0, 0x0,

    /* U+01A0 "Ơ" */
    0x0, 0x0, 0x0, 0xbc, 0x0, 0xbf, 0xd0, 0xbc,
    0x7, 0xff, 0xfc, 0xf4, 0x1f, 0xd0, 0x7f, 0xe0,
    0x3f, 0x0, 0xf, 0x80, 0x7d, 0x0, 0xb, 0xc0,
    0xbc, 0x0, 0x7, 0xc0, 0xf8, 0x0, 0x3, 0xd0,
    0xf8, 0x0, 0x3, 0xd0, 0xf8, 0x0, 0x3, 0xe0,
    0xf8, 0x0, 0x3, 0xe0, 0xf8, 0x0, 0x3, 0xd0,
    0xf8, 0x0, 0x3, 0xd0, 0xbc, 0x0, 0x7, 0xc0,
    0x7d, 0x0, 0xb, 0xc0, 0x3f, 0x0, 0xf, 0x40,
    0x1f, 0xd0, 0x7f, 0x0, 0x7, 0xff, 0xfc, 0x0,
    0x0, 0xbf, 0xd0, 0x0,

    /* U+01A1 "ơ" */
    0x0, 0x0, 0x0, 0xbc, 0x0, 0x0, 0x0, 0xbc,
    0x0, 0xbf, 0xd0, 0xf4, 0x7, 0xff, 0xfe, 0xf0,
    0x1f, 0x80, 0x3f, 0x80, 0x3e, 0x0, 0xf, 0x40,
    0x3c, 0x0, 0xb, 0x80, 0x7c, 0x0, 0x7, 0xc0,
    0xbc, 0x0, 0x7, 0xc0, 0xbc, 0x0, 0x7, 0xc0,
    0x7c, 0x0, 0x7, 0xc0, 0x3c, 0x0, 0xb, 0xc0,
    0x3e, 0x0, 0xf, 0x40, 0xf, 0x80, 0x3f, 0x0,
    0x7, 0xff, 0xfc, 0x0, 0x0, 0xbf, 0xd0, 0x0,

    /* U+01AF "Ư" */
    0x0, 0x0, 0x0, 0x3d, 0x7c, 0x0, 0x7c, 0x7c,
    0x7c, 0x0, 0x7c, 0xb8, 0x7c, 0x0, 0x7f, 0xf0,
    0x7c, 0x0, 0x7f, 0x40, 0x7c, 0x0, 0x7c, 0x0,
    0x7c, 0x0, 0x7c, 0x0, 0x7c, 0x0, 0x7c, 0x0,
    0x7c, 0x0, 0x7c, 0x0, 0x7c, 0x0, 0x7c, 0x0,
    0x7c, 0x0, 0x7c, 0x0, 0x7c, 0x0, 0x7c, 0x0,
    0x7c, 0x0, 0x7c, 0x0, 0x7c, 0x0, 0x7c, 0x0,
    0x7c, 0x0, 0x7c, 0x0, 0x3d, 0x0, 0xf8, 0x0,
    0x3f, 0x42, 0xf4, 0x0, 0xf, 0xff, 0xe0, 0x0,
    0x2, 0xff, 0x40, 0x0,

    /* U+01B0 "ư" */
    0x0, 0x0, 0x0, 0xf4, 0x0, 0x0, 0x7, 0xcf,
    0x40, 0x1f, 0x2e, 0x3d, 0x0, 0x7e, 0xf0, 0xf4,
    0x1, 0xfe, 0x3, 0xd0, 0x7, 0xc0, 0xf, 0x40,
    0x1f, 0x0, 0x3d, 0x0, 0x7c, 0x0, 0xf4, 0x1,
    0xf0, 0x3, 0xd0, 0x7, 0xc0, 0xf, 0x40, 0x2f,
    0x0, 0x3d, 0x0, 0xbc, 0x0, 0xf8, 0x3, 0xf0,
    0x2, 0xf0, 0x2f, 0xc0, 0x3, 0xff, 0xdf, 0x0,
    0x3, 0xf8, 0x3c, 0x0,

    /* U+01F0 "ǰ" */
    0x7, 0x80, 0x78, 0x7, 0xcb, 0x80, 0x7, 0xf8,
    0x0, 0x5, 0x40, 0x0, 0x0, 0x0, 0x3f, 0xff,
    0xc0, 0xaa, 0xbf, 0x0, 0x0, 0x7c, 0x0, 0x1,
    0xf0, 0x0, 0x7, 0xc0, 0x0, 0x1f, 0x0, 0x0,
    0x7c, 0x0, 0x1, 0xf0, 0x0, 0x7, 0xc0, 0x0,
    0x1f, 0x0, 0x0, 0x7c, 0x0, 0x1, 0xf0, 0x0,
    0x7, 0xc0, 0x0, 0x1f, 0x0, 0x0, 0x7c, 0x0,
    0x2, 0xf0, 0x0, 0xb, 0x80, 0x0, 0xbd, 0x1f,
    0xff, 0xe0, 0x2f, 0xf9, 0x0,

    /* U+01FA "Ǻ" */
    0x0, 0x0, 0xfc, 0x0, 0x0, 0x1, 0xf0, 0x0,
    0x0, 0x3, 0xd0, 0x0, 0x0, 0xb, 0x40, 0x0,
    0x0, 0x0, 0x0, 0x0, 0x0, 0xf, 0xe0, 0x0,
    0x0, 0x3d, 0x74, 0x0, 0x0, 0x34, 0x38, 0x0,
    0x0, 0x38, 0x34, 0x0, 0x0, 0x1f, 0xf0, 0x0,
    0x0, 0xf, 0xe0, 0x0, 0x0, 0x1f, 0xf0, 0x0,
    0x0, 0x2d, 0xf0, 0x0, 0x0, 0x3c, 0xb8, 0x0,
    0x0, 0x7c, 0x7c, 0x0, 0x0, 0xb8, 0x3d, 0x0,
    0x0, 0xf0, 0x2e, 0x0, 0x1, 0xf0, 0x1f, 0x0,
    0x2, 0xe0, 0xf, 0x40, 0x3, 0xff, 0xff, 0x80,
    0x7, 0xff, 0xff, 0xc0, 0xb, 0x80, 0x3, 0xd0,
    0xf, 0x0, 0x2, 0xe0, 0x1f, 0x0, 0x1, 0xf0,
    0x2e, 0x0, 0x0, 0xf4, 0x3d, 0x0, 0x0, 0xb8,
    0x7c, 0x0, 0x0, 0x7c,

    /* U+01FB "ǻ" */
    0x0, 0x2, 0xf4, 0x0, 0x0, 0xf4, 0x0, 0x0,
    0xb8, 0x0, 0x0, 0x78, 0x0, 0x0, 0x0, 0x0,
    0x0, 0xf, 0xe0, 0x0, 0xf, 0x5d, 0x0, 0x3,
    0x43, 0x80, 0x0, 0xe1, 0xd0, 0x0, 0x1f, 0xe0,
    0x0, 0x0, 0x0, 0x0, 0x0, 0x0, 0x0, 0x1,
    0xff, 0xe0, 0x3, 0xff, 0xff, 0x0, 0x90, 0x7,
    0xe0, 0x0, 0x0, 0x7c, 0x0, 0x0, 0x1f, 0x0,
    0x15, 0xab, 0xc0, 0xbf, 0xff, 0xf0, 0xbe, 0x0,
    0x7c, 0x3d, 0x0, 0x1f, 0x1f, 0x0, 0x7, 0xc3,
    0xc0, 0x3, 0xf0, 0xf8, 0x3, 0xfc, 0x1f, 0xff,
    0xcf, 0x1, 0xff, 0x83, 0xc0,

    /* U+01FC "Ǽ" */
    0x0, 0x0, 0xf, 0xc0, 0x0, 0x0, 0x2f, 0x0,
    0x0, 0x0, 0x3c, 0x0, 0x0, 0x0, 0xf0, 0x0,
    0x0, 0x0, 0x0, 0x0, 0x0, 0x0, 0x0, 0x0,
    0x0, 0xff, 0xff, 0xfd, 0x0, 0xff, 0xff, 0xfd,
    0x1, 0xe3, 0xd0, 0x0, 0x2, 0xd3, 0xd0, 0x0,
    0x3, 0xc3, 0xd0, 0x0, 0x3, 0xc3, 0xd0, 0x0,
    0x7, 0x83, 0xd0, 0x0, 0x7, 0x43, 0xff, 0xfc,
    0xb, 0x3, 0xff, 0xfc, 0xf, 0x3, 0xd0, 0x0,
    0xf, 0xff, 0xd0, 0x0, 0x1f, 0xff, 0xd0, 0x0,
    0x2d, 0x3, 0xd0, 0x0, 0x3c, 0x3, 0xd0, 0x0,
    0x3c, 0x3, 0xd0, 0x0, 0x78, 0x3, 0xd0, 0x0,
    0xb4, 0x3, 0xff, 0xfd, 0xf4, 0x3, 0xff, 0xfd,

    /* U+01FD "ǽ" */
    0x0, 0x0, 0x7d, 0x0, 0x0, 0x0, 0xf8, 0x0,
    0x0, 0x2, 0xe0, 0x0, 0x0, 0x2, 0x40, 0x0,
    0x0, 0x0, 0x0, 0x0, 0x7, 0xf8, 0x1f, 0x80,
    0x1f, 0xfe, 0x7f, 0xf0, 0x8, 0xf, 0xe0, 0xf4,
    0x0, 0x7, 0xc0, 0x7c, 0x0, 0x7, 0xc0, 0x3c,
    0x2, 0xaf, 0xea, 0xfc, 0x1f, 0xff, 0xff, 0xfc,
    0x3e, 0x7, 0xc0, 0x0, 0x7c, 0x7, 0xc0, 0x0,
    0x7c, 0xb, 0xc0, 0x0, 0x7c, 0xf, 0xd0, 0x0,
    0x3d, 0x2e, 0xf4, 0x18, 0x2f, 0xf8, 0x7f, 0xf8,
    0xb, 0xe0, 0x1f, 0xe0,

    /* U+01FE "Ǿ" */
    0x0, 0x3, 0xf0, 0x0, 0x0, 0xbc, 0x0, 0x0,
    0xf, 0x0, 0x0, 0x3, 0xc0, 0x0, 0x0, 0x0,
    0x0, 0x0, 0x0, 0x0, 0x18, 0x0, 0xbf, 0xd3,
    0xd0, 0xbf, 0xff, 0xfc, 0x1f, 0xd0, 0x7f, 0x43,
    0xf0, 0x2, 0xf4, 0x7d, 0x0, 0x3f, 0xcb, 0xc0,
    0xf, 0x3c, 0xfc, 0x1, 0xd3, 0xdf, 0x80, 0x38,
    0x3d, 0xf8, 0xb, 0x3, 0xef, 0x81, 0xd0, 0x3e,
    0xf8, 0x3c, 0x3, 0xdf, 0x8b, 0x0, 0x3d, 0xbc,
    0xe0, 0x7, 0xc7, 0xfc, 0x0, 0xbc, 0x3f, 0x40,
    0xf, 0x42, 0xfd, 0x7, 0xf0, 0x3f, 0xff, 0xfc,
    0xf, 0x8b, 0xfd, 0x0, 0x10, 0x0, 0x0, 0x0,

    /* U+01FF "ǿ" */
    0x0, 0x3, 0xf0, 0x0, 0x0, 0x7c, 0x0, 0x0,
    0xf, 0x40, 0x0, 0x1, 0x80, 0x0, 0x0, 0x0,
    0x5, 0x0, 0xb, 0xfd, 0xf0, 0x7, 0xff, 0xfe,
    0x1, 0xf8, 0xb, 0xf0, 0x3e, 0x0, 0xff, 0x43,
    0xc0, 0x2d, 0xbc, 0x7c, 0x7, 0xc7, 0xcb, 0xc0,
    0xf0, 0x7c, 0xbc, 0x2e, 0x7, 0xc7, 0xc3, 0xc0,
    0x7c, 0x3c, 0xf4, 0xb, 0xc3, 0xfe, 0x0, 0xf4,
    0x1f, 0xc0, 0x3f, 0x0, 0xff, 0xff, 0xc0, 0x2e,
    0xbf, 0xd0, 0x0, 0x80, 0x0, 0x0,

    /* U+0218 "Ș" */
    0x1, 0xbf, 0xf9, 0x2, 0xff, 0xff, 0xc1, 0xf8,
    0x1, 0xa0, 0xf8, 0x0, 0x0, 0x3d, 0x0, 0x0,
    0xf, 0x80, 0x0, 0x2, 0xf4, 0x0, 0x0, 0x3f,
    0x90, 0x0, 0x2, 0xff, 0x80, 0x0, 0x7, 0xfe,
    0x0, 0x0, 0xb, 0xf0, 0x0, 0x0, 0x3d, 0x0,
    0x0, 0xb, 0x80, 0x0, 0x2, 0xf0, 0x0, 0x0,
    0xf8, 0xd4, 0x1, 0xfc, 0x3f, 0xff, 0xfd, 0x6,
    0xff, 0xf4, 0x0, 0x0, 0x0, 0x0, 0x0, 0x0,
    0x0, 0x0, 0xf, 0x40, 0x0, 0x3, 0xc0, 0x0,
    0x1, 0xd0, 0x0, 0x0, 0xe0, 0x0,

    /* U+0219 "ș" */
    0x2, 0xff, 0x90, 0x1f, 0xff, 0xf8, 0x3e, 0x0,
    0x60, 0x3c, 0x0, 0x0, 0x3d, 0x0, 0x0, 0x2f,
    0xd0, 0x0, 0x7, 0xfe, 0x0, 0x0, 0x6f, 0xe0,
    0x0, 0x2, 0xf8, 0x0, 0x0, 0x7c, 0x0, 0x0,
    0x7c, 0x64, 0x0, 0xf8, 0x7f, 0xff, 0xf0, 0x2f,
    0xff, 0x40, 0x0, 0x0, 0x0, 0x0, 0x0, 0x0,
    0x0, 0x7c, 0x0, 0x0, 0x78, 0x0, 0x0, 0xf0,
    0x0, 0x0, 0xd0, 0x0,

    /* U+021A "Ț" */
    0xbf, 0xff, 0xff, 0xdb, 0xff, 0xff, 0xfd, 0x0,
    0x1f, 0x0, 0x0, 0x1, 0xf0, 0x0, 0x0, 0x1f,
    0x0, 0x0, 0x1, 0xf0, 0x0, 0x0, 0x1f, 0x0,
    0x0, 0x1, 0xf0, 0x0, 0x0, 0x1f, 0x0, 0x0,
    0x1, 0xf0, 0x0, 0x0, 0x1f, 0x0, 0x0, 0x1,
    0xf0, 0x0, 0x0, 0x1f, 0x0, 0x0, 0x1, 0xf0,
    0x0, 0x0, 0x1f, 0x0, 0x0, 0x1, 0xf0, 0x0,
    0x0, 0x1f, 0x0, 0x0, 0x1, 0xf0, 0x0, 0x0,
    0x0, 0x0, 0x0, 0x0, 0x0, 0x0, 0x0, 0x1f,
    0x0, 0x0, 0x2, 0xe0, 0x0, 0x0, 0x3c, 0x0,
    0x0, 0x3, 0x40, 0x0,

    /* U+021B "ț" */
    0x0, 0x34, 0x0, 0x0, 0x1d, 0x0, 0x0, 0xb,
    0x40, 0x0, 0xaf, 0xff, 0xfc, 0x2a, 0xfe, 0xaa,
    0x0, 0x3d, 0x0, 0x0, 0xf, 0x40, 0x0, 0x3,
    0xd0, 0x0, 0x0, 0xf4, 0x0, 0x0, 0x3d, 0x0,
    0x0, 0xf, 0x40, 0x0, 0x3, 0xd0, 0x0, 0x0,
    0xf4, 0x0, 0x0, 0x3e, 0x0, 0x0, 0xb, 0xc0,
    0x0, 0x0, 0xff, 0xfc, 0x0, 0xb, 0xfe, 0x0,
    0x0, 0x0, 0x0, 0x0, 0x0, 0x0, 0x0, 0x3d,
    0x0, 0x0, 0xf, 0x0, 0x0, 0x7, 0x40, 0x0,
    0x2, 0xc0, 0x0,

    /* U+02BC "ʼ" */
    0x5, 0x3, 0xe1, 0xf4, 0xbc, 0x3e, 0xf, 0x43,
    0xc0,

    /* U+02C6 "ˆ" */
    0x2, 0xf4, 0x0, 0x7f, 0xc0, 0x1f, 0x1f, 0x3,
    0x80, 0x7c,

    /* U+02C7 "ˇ" */
    0x38, 0x7, 0xc1, 0xf1, 0xf0, 0x7, 0xfc, 0x0,
    0x2f, 0x40,

    /* U+02C9 "ˉ" */
    0xff, 0xfd, 0xff, 0xfd,

    /* U+02D8 "˘" */
    0x10, 0x1, 0x4e, 0x1, 0xd1, 0xff, 0xf0, 0x1f,
    0xe0,

    /* U+02D9 "˙" */
    0x38, 0xbc, 0x7c,

    /* U+02DA "˚" */
    0x0, 0x0, 0x3f, 0x83, 0xd7, 0x4d, 0xe, 0x38,
    0x74, 0x7f, 0x80, 0x0, 0x0,

    /* U+02DB "˛" */
    0x5, 0x2, 0xc0, 0x74, 0xb, 0x0, 0xbe, 0x82,
    0xfd,

    /* U+02DC "˜" */
    0x2f, 0x81, 0xc7, 0xff, 0xfc, 0xb0, 0x6f, 0x0,

    /* U+02DD "˝" */
    0x0, 0x0, 0x0, 0xf8, 0x7c, 0x2f, 0xf, 0x43,
    0xc2, 0xe0, 0xb0, 0x38, 0x0,

    /* U+02F3 "˳" */
    0x0, 0x0, 0x3f, 0x83, 0xd7, 0x4d, 0xe, 0x38,
    0x74, 0x7f, 0x80, 0x0, 0x0,

    /* U+0300 "̀" */
    0x7d, 0x2, 0xf0, 0xf, 0x80, 0x2c,

    /* U+0301 "́" */
    0xf, 0xc1, 0xf4, 0x3d, 0xb, 0x40,

    /* U+0303 "̃" */
    0x2f, 0x81, 0xc7, 0xff, 0xfc, 0xb0, 0x6f, 0x0,

    /* U+0309 "̉" */
    0x0, 0xb, 0xf4, 0x17, 0xc0, 0x2c, 0x1b, 0x82,
    0xd0, 0x1c, 0x0,

    /* U+030F "̏" */
    0x0, 0x0, 0x3, 0xd2, 0xf0, 0x1f, 0xb, 0x80,
    0xb8, 0x3c, 0x2, 0xc0, 0xf0,

    /* U+0323 "̣" */
    0x38, 0xbc, 0x38,

    /* U+0384 "΄" */
    0x0, 0x3d, 0x7c, 0xb4, 0xf0,

    /* U+0385 "΅" */
    0x0, 0x28, 0x0, 0x1f, 0x0, 0xb, 0x40, 0x53,
    0x88, 0x3d, 0xcb, 0x8f, 0x1, 0xe0,

    /* U+0386 "Ά" */
    0x2f, 0xb, 0xc0, 0x0, 0x3d, 0xf, 0xe0, 0x0,
    0x3c, 0x1f, 0xf0, 0x0, 0x74, 0x2e, 0xf0, 0x0,
    0x0, 0x3c, 0xb8, 0x0, 0x0, 0x7c, 0x7c, 0x0,
    0x0, 0xb8, 0x3d, 0x0, 0x0, 0xf0, 0x2e, 0x0,
    0x1, 0xf0, 0x1f, 0x0, 0x2, 0xe0, 0xf, 0x40,
    0x3, 0xff, 0xff, 0x80, 0x7, 0xff, 0xff, 0xc0,
    0xb, 0x80, 0x3, 0xd0, 0xf, 0x0, 0x2, 0xe0,
    0x1f, 0x0, 0x1, 0xf0, 0x2e, 0x0, 0x0, 0xf4,
    0x3d, 0x0, 0x0, 0xb8, 0x7c, 0x0, 0x0, 0x7c,

    /* U+0387 "·" */
    0x14, 0xbd, 0xfd, 0x7c,

    /* U+0388 "Έ" */
    0x2f, 0x7f, 0xff, 0xfd, 0x3d, 0x7f, 0xff, 0xfd,
    0x3c, 0x7c, 0x0, 0x0, 0x74, 0x7c, 0x0, 0x0,
    0x0, 0x7c, 0x0, 0x0, 0x0, 0x7c, 0x0, 0x0,
    0x0, 0x7c, 0x0, 0x0, 0x0, 0x7f, 0xff, 0xfc,
    0x0, 0x7f, 0xff, 0xfc, 0x0, 0x7c, 0x0, 0x0,
    0x0, 0x7c, 0x0, 0x0, 0x0, 0x7c, 0x0, 0x0,
    0x0, 0x7c, 0x0, 0x0, 0x0, 0x7c, 0x0, 0x0,
    0x0, 0x7c, 0x0, 0x0, 0x0, 0x7c, 0x0, 0x0,
    0x0, 0x7f, 0xff, 0xfd, 0x0, 0x7f, 0xff, 0xfd,

    /* U+0389 "Ή" */
    0x3e, 0xf0, 0x0, 0x1f, 0x7d, 0xf0, 0x0, 0x1f,
    0xb5, 0xf0, 0x0, 0x1f, 0xf1, 0xf0, 0x0, 0x1f,
    0x1, 0xf0, 0x0, 0x1f, 0x1, 0xf0, 0x0, 0x1f,
    0x1, 0xf0, 0x0, 0x1f, 0x1, 0xff, 0xff, 0xff,
    0x1, 0xff, 0xff, 0xff, 0x1, 0xf0, 0x0, 0x2f,
    0x1, 0xf0, 0x0, 0x1f, 0x1, 0xf0, 0x0, 0x1f,
    0x1, 0xf0, 0x0, 0x1f, 0x1, 0xf0, 0x0, 0x1f,
    0x1, 0xf0, 0x0, 0x1f, 0x1, 0xf0, 0x0, 0x1f,
    0x1, 0xf0, 0x0, 0x1f, 0x1, 0xf0, 0x0, 0x1f,

    /* U+038A "Ί" */
    0x1f, 0x7f, 0xff, 0xf8, 0xb8, 0xab, 0xfa, 0x93,
    0xc0, 0x7, 0xc0, 0xe, 0x0, 0x1f, 0x0, 0x0,
    0x0, 0x7c, 0x0, 0x0, 0x1, 0xf0, 0x0, 0x0,
    0x7, 0xc0, 0x0, 0x0, 0x1f, 0x0, 0x0, 0x0,
    0x7c, 0x0, 0x0, 0x1, 0xf0, 0x0, 0x0, 0x7,
    0xc0, 0x0, 0x0, 0x1f, 0x0, 0x0, 0x0, 0x7c,
    0x0, 0x0, 0x1, 0xf0, 0x0, 0x0, 0x7, 0xc0,
    0x0, 0x0, 0x1f, 0x0, 0x0, 0x2a, 0xfe, 0xa4,
    0x0, 0xff, 0xff, 0xe0,

    /* U+038C "Ό" */
    0x3e, 0x2, 0xff, 0x40, 0xf, 0x7, 0xff, 0xfc,
    0x7, 0x87, 0xf4, 0x1f, 0xc2, 0xc3, 0xf0, 0x0,
    0xf4, 0x1, 0xf4, 0x0, 0x2f, 0x0, 0xbc, 0x0,
    0x7, 0xc0, 0x3f, 0x0, 0x0, 0xf4, 0xf, 0x80,
    0x0, 0x3d, 0x3, 0xe0, 0x0, 0xf, 0x80, 0xf8,
    0x0, 0x3, 0xe0, 0x3e, 0x0, 0x0, 0xf4, 0xf,
    0xc0, 0x0, 0x3d, 0x2, 0xf0, 0x0, 0x1f, 0x0,
    0x7d, 0x0, 0xb, 0xc0, 0xf, 0xc0, 0x3, 0xd0,
    0x1, 0xfd, 0x7, 0xf0, 0x0, 0x2f, 0xff, 0xf0,
    0x0, 0x0, 0xbf, 0xd0, 0x0,

    /* U+038E "Ύ" */
    0xf, 0xbd, 0x0, 0x0, 0xbc, 0x1f, 0x2f, 0x0,
    0x0, 0xf4, 0x2d, 0xf, 0x40, 0x2, 0xf0, 0x3c,
    0xb, 0xc0, 0x3, 0xc0, 0x0, 0x3, 0xd0, 0xb,
    0x80, 0x0, 0x2, 0xf0, 0x1f, 0x0, 0x0, 0x0,
    0xf4, 0x3e, 0x0, 0x0, 0x0, 0x7c, 0x7c, 0x0,
    0x0, 0x0, 0x3d, 0xf4, 0x0, 0x0, 0x0, 0x1f,
    0xf0, 0x0, 0x0, 0x0, 0xf, 0xd0, 0x0, 0x0,
    0x0, 0x7, 0xc0, 0x0, 0x0, 0x0, 0x7, 0xc0,
    0x0, 0x0, 0x0, 0x7, 0xc0, 0x0, 0x0, 0x0,
    0x7, 0xc0, 0x0, 0x0, 0x0, 0x7, 0xc0, 0x0,
    0x0, 0x0, 0x7, 0xc0, 0x0, 0x0, 0x0, 0x7,
    0xc0, 0x0,

    /* U+038F "Ώ" */
    0x3e, 0x2, 0xff, 0x40, 0xf, 0x7, 0xff, 0xfc,
    0x7, 0x87, 0xe4, 0x1f, 0xc2, 0xc3, 0xe0, 0x0,
    0xf8, 0x1, 0xf0, 0x0, 0x2f, 0x0, 0xbc, 0x0,
    0x3, 0xd0, 0x3e, 0x0, 0x0, 0xf4, 0xf, 0x80,
    0x0, 0x3e, 0x3, 0xe0, 0x0, 0xf, 0x80, 0xf8,
    0x0, 0x3, 0xd0, 0x2f, 0x0, 0x0, 0xf4, 0x7,
    0xc0, 0x0, 0x7c, 0x0, 0xf4, 0x0, 0x2e, 0x0,
    0x2f, 0x0, 0xf, 0x0, 0x3, 0xd0, 0xb, 0x80,
    0x0, 0x3d, 0xb, 0x80, 0x3, 0xff, 0xc3, 0xff,
    0x80, 0xff, 0xf0, 0xff, 0xe0,

    /* U+0390 "ΐ" */
    0x0, 0xf8, 0x0, 0xf, 0x0, 0x1, 0xe0, 0x0,
    0x2c, 0x0, 0xb7, 0x8f, 0xf, 0x51, 0xf0, 0x50,
    0x5, 0x0, 0x0, 0x0, 0xb, 0xc0, 0x0, 0xbc,
    0x0, 0xb, 0xc0, 0x0, 0xbc, 0x0, 0xb, 0xc0,
    0x0, 0xbc, 0x0, 0xb, 0xc0, 0x0, 0xbc, 0x0,
    0xb, 0xc0, 0x0, 0xbc, 0x0, 0x7, 0xc0, 0x0,
    0x7d, 0x0, 0x2, 0xff, 0xf0, 0xb, 0xfe,

    /* U+0391 "Α" */
    0x0, 0xb, 0xc0, 0x0, 0x0, 0xf, 0xe0, 0x0,
    0x0, 0x1f, 0xf0, 0x0, 0x0, 0x2d, 0xf0, 0x0,
    0x0, 0x3c, 0xb8, 0x0, 0x0, 0x7c, 0x7c, 0x0,
    0x0, 0xb8, 0x3d, 0x0, 0x0, 0xf0, 0x2e, 0x0,
    0x1, 0xf0, 0x1f, 0x0, 0x2, 0xe0, 0xf, 0x40,
    0x3, 0xff, 0xff, 0x80, 0x7, 0xff, 0xff, 0xc0,
    0xb, 0x80, 0x3, 0xd0, 0xf, 0x0, 0x2, 0xe0,
    0x1f, 0x0, 0x1, 0xf0, 0x2e, 0x0, 0x0, 0xf4,
    0x3d, 0x0, 0x0, 0xb8, 0x7c, 0x0, 0x0, 0x7c,

    /* U+0392 "Β" */
    0x7f, 0xff, 0xe4, 0x7, 0xff, 0xff, 0xf0, 0x7c,
    0x0, 0x2f, 0x87, 0xc0, 0x0, 0xfc, 0x7c, 0x0,
    0xb, 0xc7, 0xc0, 0x0, 0xf8, 0x7c, 0x0, 0x2f,
    0x7, 0xff, 0xff, 0x80, 0x7f, 0xff, 0xf8, 0x7,
    0xc0, 0x2, 0xf4, 0x7c, 0x0, 0xb, 0xc7, 0xc0,
    0x0, 0x3d, 0x7c, 0x0, 0x3, 0xd7, 0xc0, 0x0,
    0x3d, 0x7c, 0x0, 0xb, 0xc7, 0xc0, 0x2, 0xf8,
    0x7f, 0xff, 0xfe, 0x7, 0xff, 0xfe, 0x40,

    /* U+0393 "Γ" */
    0xff, 0xff, 0xfb, 0xff, 0xff, 0xef, 0x80, 0x0,
    0x3d, 0x0, 0x0, 0xf4, 0x0, 0x3, 0xd0, 0x0,
    0xf, 0x40, 0x0, 0x3d, 0x0, 0x0, 0xf4, 0x0,
    0x3, 0xd0, 0x0, 0xf, 0x40, 0x0, 0x3d, 0x0,
    0x0, 0xf4, 0x0, 0x3, 0xd0, 0x0, 0xf, 0x40,
    0x0, 0x3d, 0x0, 0x0, 0xf4, 0x0, 0x3, 0xd0,
    0x0, 0x0,

    /* U+0394 "Δ" */
    0x0, 0xb, 0xc0, 0x0, 0x0, 0x3f, 0x40, 0x0,
    0x1, 0xff, 0x0, 0x0, 0xb, 0x7c, 0x0, 0x0,
    0x3c, 0xb8, 0x0, 0x1, 0xf1, 0xf0, 0x0, 0xb,
    0x83, 0xc0, 0x0, 0x3d, 0xf, 0x80, 0x1, 0xf0,
    0x1f, 0x0, 0xf, 0x80, 0x3d, 0x0, 0x3c, 0x0,
    0xb8, 0x1, 0xf0, 0x1, 0xf0, 0xf, 0x80, 0x3,
    0xd0, 0x3c, 0x0, 0xb, 0x82, 0xf0, 0x0, 0x1f,
    0xf, 0x80, 0x0, 0x3d, 0x3f, 0xff, 0xff, 0xf8,
    0xff, 0xff, 0xff, 0xe0,

    /* U+0395 "Ε" */
    0x7f, 0xff, 0xfd, 0x7f, 0xff, 0xfd, 0x7c, 0x0,
    0x0, 0x7c, 0x0, 0x0, 0x7c, 0x0, 0x0, 0x7c,
    0x0, 0x0, 0x7c, 0x0, 0x0, 0x7f, 0xff, 0xfc,
    0x7f, 0xff, 0xfc, 0x7c, 0x0, 0x0, 0x7c, 0x0,
    0x0, 0x7c, 0x0, 0x0, 0x7c, 0x0, 0x0, 0x7c,
    0x0, 0x0, 0x7c, 0x0, 0x0, 0x7c, 0x0, 0x0,
    0x7f, 0xff, 0xfd, 0x7f, 0xff, 0xfd,

    /* U+0396 "Ζ" */
    0x7f, 0xff, 0xff, 0xc7, 0xff, 0xff, 0xfc, 0x0,
    0x0, 0xf, 0x80, 0x0, 0x2, 0xf0, 0x0, 0x0,
    0x7c, 0x0, 0x0, 0xf, 0x40, 0x0, 0x3, 0xe0,
    0x0, 0x0, 0xbc, 0x0, 0x0, 0xf, 0x40, 0x0,
    0x3, 0xe0, 0x0, 0x0, 0xbc, 0x0, 0x0, 0x1f,
    0x0, 0x0, 0x3, 0xd0, 0x0, 0x0, 0xf8, 0x0,
    0x0, 0x2f, 0x0, 0x0, 0x3, 0xd0, 0x0, 0x0,
    0xbf, 0xff, 0xff, 0xdb, 0xff, 0xff, 0xfd,

    /* U+0397 "Η" */
    0x7c, 0x0, 0x7, 0xdf, 0x0, 0x1, 0xf7, 0xc0,
    0x0, 0x7d, 0xf0, 0x0, 0x1f, 0x7c, 0x0, 0x7,
    0xdf, 0x0, 0x1, 0xf7, 0xc0, 0x0, 0x7d, 0xff,
    0xff, 0xff, 0x7f, 0xff, 0xff, 0xdf, 0x0, 0x2,
    0xf7, 0xc0, 0x0, 0x7d, 0xf0, 0x0, 0x1f, 0x7c,
    0x0, 0x7, 0xdf, 0x0, 0x1, 0xf7, 0xc0, 0x0,
    0x7d, 0xf0, 0x0, 0x1f, 0x7c, 0x0, 0x7, 0xdf,
    0x0, 0x1, 0xf0,

    /* U+0398 "Θ" */
    0x0, 0xbf, 0xd0, 0x0, 0x7f, 0xff, 0xc0, 0x1f,
    0xd0, 0x7f, 0x3, 0xf0, 0x0, 0xf4, 0x7d, 0x0,
    0xb, 0xcb, 0xc0, 0x0, 0x7c, 0xfc, 0x0, 0x3,
    0xdf, 0x8f, 0xfd, 0x3d, 0xf8, 0xff, 0xd3, 0xef,
    0x80, 0x0, 0x3e, 0xf8, 0x0, 0x3, 0xdf, 0xc0,
    0x0, 0x3d, 0xbc, 0x0, 0x7, 0xc7, 0xd0, 0x0,
    0xbc, 0x3f, 0x0, 0xf, 0x41, 0xfd, 0x7, 0xf0,
    0xb, 0xff, 0xfc, 0x0, 0xb, 0xfd, 0x0,

    /* U+0399 "Ι" */
    0x3f, 0xff, 0xf8, 0xab, 0xfa, 0x90, 0x7, 0xc0,
    0x0, 0x1f, 0x0, 0x0, 0x7c, 0x0, 0x1, 0xf0,
    0x0, 0x7, 0xc0, 0x0, 0x1f, 0x0, 0x0, 0x7c,
    0x0, 0x1, 0xf0, 0x0, 0x7, 0xc0, 0x0, 0x1f,
    0x0, 0x0, 0x7c, 0x0, 0x1, 0xf0, 0x0, 0x7,
    0xc0, 0x0, 0x1f, 0x0, 0x2a, 0xfe, 0xa4, 0xff,
    0xff, 0xe0,

    /* U+039A "Κ" */
    0x7c, 0x0, 0xf, 0x87, 0xc0, 0x3, 0xe0, 0x7c,
    0x0, 0xbc, 0x7, 0xc0, 0x2f, 0x0, 0x7c, 0x7,
    0xc0, 0x7, 0xc1, 0xf4, 0x0, 0x7c, 0x3d, 0x0,
    0x7, 0xcf, 0x80, 0x0, 0x7e, 0xfc, 0x0, 0x7,
    0xfb, 0xd0, 0x0, 0x7d, 0x1f, 0x0, 0x7, 0xc0,
    0xfc, 0x0, 0x7c, 0x3, 0xd0, 0x7, 0xc0, 0x1f,
    0x0, 0x7c, 0x0, 0xfc, 0x7, 0xc0, 0x3, 0xe0,
    0x7c, 0x0, 0x1f, 0x7, 0xc0, 0x0, 0xfc,

    /* U+039B "Λ" */
    0x0, 0xb, 0xc0, 0x0, 0x0, 0xf, 0xd0, 0x0,
    0x0, 0x1f, 0xf0, 0x0, 0x0, 0x2e, 0xf0, 0x0,
    0x0, 0x3d, 0xb8, 0x0, 0x0, 0x7c, 0x7c, 0x0,
    0x0, 0xb8, 0x3c, 0x0, 0x0, 0xf4, 0x3e, 0x0,
    0x1, 0xf0, 0x1f, 0x0, 0x2, 0xe0, 0xf, 0x40,
    0x3, 0xd0, 0xf, 0x80, 0x7, 0xc0, 0x7, 0xc0,
    0xb, 0x80, 0x3, 0xd0, 0xf, 0x40, 0x3, 0xe0,
    0x1f, 0x0, 0x1, 0xf0, 0x2e, 0x0, 0x0, 0xf4,
    0x3d, 0x0, 0x0, 0xf8, 0x7c, 0x0, 0x0, 0xbc,

    /* U+039C "Μ" */
    0xbe, 0x0, 0xf, 0xcb, 0xf0, 0x1, 0xfc, 0xbf,
    0x0, 0x2f, 0xcb, 0xb4, 0x3, 0xec, 0xbb, 0x80,
    0x3e, 0xcb, 0x7c, 0x3, 0xac, 0xb7, 0xc0, 0x77,
    0xcb, 0x6c, 0xb, 0x3c, 0xb5, 0xd0, 0xf3, 0xcb,
    0x4e, 0xe, 0x3c, 0xb4, 0xf1, 0xd3, 0xcb, 0x4b,
    0x2c, 0x3c, 0xb4, 0x76, 0xc3, 0xcb, 0x47, 0x78,
    0x3c, 0xb4, 0x3f, 0x83, 0xcb, 0x43, 0xf4, 0x3c,
    0xb4, 0x2f, 0x3, 0xcb, 0x41, 0xf0, 0x3c,

    /* U+039D "Ν" */
    0x7e, 0x0, 0x7, 0xdf, 0xc0, 0x1, 0xf7, 0xf8,
    0x0, 0x7d, 0xff, 0x0, 0x1f, 0x7e, 0xe0, 0x7,
    0xdf, 0x3c, 0x1, 0xf7, 0xcb, 0x80, 0x7d, 0xf0,
    0xf0, 0x1f, 0x7c, 0x2e, 0x7, 0xdf, 0x3, 0xc1,
    0xf7, 0xc0, 0xb8, 0x7d, 0xf0, 0xf, 0x1f, 0x7c,
    0x2, 0xe7, 0xdf, 0x0, 0x3d, 0xf7, 0xc0, 0xb,
    0xfd, 0xf0, 0x0, 0xff, 0x7c, 0x0, 0x2f, 0xdf,
    0x0, 0x3, 0xf0,

    /* U+039E "Ξ" */
    0x3f, 0xff, 0xff, 0x83, 0xff, 0xff, 0xf8, 0x0,
    0x0, 0x0, 0x0, 0x0, 0x0, 0x0, 0x0, 0x0,
    0x0, 0x0, 0x0, 0x0, 0x0, 0x0, 0x0, 0x0,
    0x0, 0xff, 0xff, 0xe0, 0xf, 0xff, 0xfe, 0x0,
    0x0, 0x0, 0x0, 0x0, 0x0, 0x0, 0x0, 0x0,
    0x0, 0x0, 0x0, 0x0, 0x0, 0x0, 0x0, 0x0,
    0x0, 0x0, 0x0, 0x0, 0x0, 0x0, 0x0, 0x0,
    0xbf, 0xff, 0xff, 0xcb, 0xff, 0xff, 0xfc,

    /* U+039F "Ο" */
    0x0, 0xbf, 0xd0, 0x0, 0x7f, 0xff, 0xc0, 0x1f,
    0xd0, 0x7f, 0x3, 0xf0, 0x0, 0xf4, 0x7d, 0x0,
    0xb, 0xcb, 0xc0, 0x0, 0x7c, 0xfc, 0x0, 0x3,
    0xdf, 0x80, 0x0, 0x3d, 0xf8, 0x0, 0x3, 0xef,
    0x80, 0x0, 0x3e, 0xf8, 0x0, 0x3, 0xdf, 0xc0,
    0x0, 0x3d, 0xbc, 0x0, 0x7, 0xc7, 0xd0, 0x0,
    0xbc, 0x3f, 0x0, 0xf, 0x41, 0xfd, 0x7, 0xf0,
    0xb, 0xff, 0xfc, 0x0, 0xb, 0xfd, 0x0,

    /* U+03A0 "Π" */
    0x7f, 0xff, 0xff, 0xdf, 0xff, 0xff, 0xf7, 0xc0,
    0x0, 0xbd, 0xf0, 0x0, 0x1f, 0x7c, 0x0, 0x7,
    0xdf, 0x0, 0x1, 0xf7, 0xc0, 0x0, 0x7d, 0xf0,
    0x0, 0x1f, 0x7c, 0x0, 0x7, 0xdf, 0x0, 0x1,
    0xf7, 0xc0, 0x0, 0x7d, 0xf0, 0x0, 0x1f, 0x7c,
    0x0, 0x7, 0xdf, 0x0, 0x1, 0xf7, 0xc0, 0x0,
    0x7d, 0xf0, 0x0, 0x1f, 0x7c, 0x0, 0x7, 0xdf,
    0x0, 0x1, 0xf0,

    /* U+03A1 "Ρ" */
    0xff, 0xff, 0x80, 0xff, 0xff, 0xf4, 0xf8, 0x1,
    0xfc, 0xf8, 0x0, 0x3e, 0xf8, 0x0, 0x2f, 0xf8,
    0x0, 0x2f, 0xf8, 0x0, 0x2f, 0xf8, 0x0, 0x3d,
    0xf8, 0x1, 0xfc, 0xff, 0xff, 0xf0, 0xff, 0xfe,
    0x40, 0xf8, 0x0, 0x0, 0xf8, 0x0, 0x0, 0xf8,
    0x0, 0x0, 0xf8, 0x0, 0x0, 0xf8, 0x0, 0x0,
    0xf8, 0x0, 0x0, 0xf8, 0x0, 0x0,

    /* U+03A3 "Σ" */
    0x3f, 0xff, 0xff, 0xf, 0xff, 0xff, 0xc2, 0xf0,
    0x0, 0x0, 0x3e, 0x0, 0x0, 0x3, 0xd0, 0x0,
    0x0, 0x7c, 0x0, 0x0, 0xb, 0xc0, 0x0, 0x0,
    0xf8, 0x0, 0x0, 0x1f, 0x40, 0x0, 0xb, 0xc0,
    0x0, 0x7, 0xc0, 0x0, 0x3, 0xd0, 0x0, 0x3,
    0xe0, 0x0, 0x2, 0xf0, 0x0, 0x0, 0xf4, 0x0,
    0x0, 0xf8, 0x0, 0x0, 0x7f, 0xff, 0xff, 0xdf,
    0xff, 0xff, 0xf0,

    /* U+03A4 "Τ" */
    0xbf, 0xff, 0xff, 0xdb, 0xff, 0xff, 0xfd, 0x0,
    0x1f, 0x0, 0x0, 0x1, 0xf0, 0x0, 0x0, 0x1f,
    0x0, 0x0, 0x1, 0xf0, 0x0, 0x0, 0x1f, 0x0,
    0x0, 0x1, 0xf0, 0x0, 0x0, 0x1f, 0x0, 0x0,
    0x1, 0xf0, 0x0, 0x0, 0x1f, 0x0, 0x0, 0x1,
    0xf0, 0x0, 0x0, 0x1f, 0x0, 0x0, 0x1, 0xf0,
    0x0, 0x0, 0x1f, 0x0, 0x0, 0x1, 0xf0, 0x0,
    0x0, 0x1f, 0x0, 0x0, 0x1, 0xf0, 0x0,

    /* U+03A5 "Υ" */
    0x7d, 0x0, 0x0, 0xbc, 0x2f, 0x0, 0x0, 0xf4,
    0xf, 0x40, 0x2, 0xe0, 0xb, 0xc0, 0x3, 0xc0,
    0x3, 0xd0, 0xb, 0x80, 0x2, 0xf0, 0x1f, 0x0,
    0x0, 0xf4, 0x3e, 0x0, 0x0, 0x7c, 0x7c, 0x0,
    0x0, 0x3d, 0xf4, 0x0, 0x0, 0x1f, 0xf0, 0x0,
    0x0, 0xb, 0xd0, 0x0, 0x0, 0x7, 0xc0, 0x0,
    0x0, 0x7, 0xc0, 0x0, 0x0, 0x7, 0xc0, 0x0,
    0x0, 0x7, 0xc0, 0x0, 0x0, 0x7, 0xc0, 0x0,
    0x0, 0x7, 0xc0, 0x0, 0x0, 0x7, 0xc0, 0x0,

    /* U+03A6 "Φ" */
    0x0, 0x7, 0xc0, 0x0, 0x1, 0xbf, 0xfe, 0x0,
    0xb, 0xff, 0xff, 0xd0, 0x1f, 0x87, 0xc3, 0xf0,
    0x3d, 0x7, 0xc0, 0xf8, 0x7c, 0x7, 0xc0, 0x7c,
    0xb8, 0x7, 0xc0, 0x3c, 0xb8, 0x7, 0xc0, 0x3c,
    0xb8, 0x7, 0xc0, 0x3c, 0xb8, 0x7, 0xc0, 0x3c,
    0x7c, 0x7, 0xc0, 0x7c, 0x3e, 0x7, 0xc0, 0xf8,
    0x1f, 0x87, 0xc7, 0xf0, 0xb, 0xff, 0xff, 0xc0,
    0x1, 0xbf, 0xfe, 0x0, 0x0, 0x7, 0xc0, 0x0,
    0x0, 0x7, 0xc0, 0x0, 0x0, 0x7, 0xc0, 0x0,

    /* U+03A7 "Χ" */
    0x2f, 0x0, 0x1, 0xf0, 0x3e, 0x0, 0xf, 0x80,
    0x7c, 0x0, 0xbc, 0x0, 0xf8, 0x3, 0xd0, 0x0,
    0xf4, 0x2e, 0x0, 0x2, 0xf1, 0xf0, 0x0, 0x3,
    0xef, 0x40, 0x0, 0x7, 0xf8, 0x0, 0x0, 0xb,
    0xd0, 0x0, 0x0, 0x3f, 0x80, 0x0, 0x2, 0xef,
    0x40, 0x0, 0x1f, 0x2f, 0x0, 0x0, 0xf4, 0x3e,
    0x0, 0xb, 0x80, 0x7c, 0x0, 0x3c, 0x0, 0xfc,
    0x3, 0xe0, 0x0, 0xf4, 0x1f, 0x0, 0x2, 0xf0,
    0xf4, 0x0, 0x3, 0xe0,

    /* U+03A8 "Ψ" */
    0x7c, 0x7, 0xc0, 0x7d, 0xf0, 0x1f, 0x1, 0xf7,
    0xc0, 0x7c, 0x7, 0xdf, 0x1, 0xf0, 0x1f, 0x7c,
    0x7, 0xc0, 0x7d, 0xf0, 0x1f, 0x1, 0xf3, 0xc0,
    0x7c, 0x7, 0xcf, 0x1, 0xf0, 0x1f, 0x3d, 0x7,
    0xc0, 0xf8, 0xbd, 0x1f, 0xb, 0xc0, 0xff, 0xff,
    0xfd, 0x0, 0x7f, 0xff, 0x80, 0x0, 0x7, 0xc0,
    0x0, 0x0, 0x1f, 0x0, 0x0, 0x0, 0x7c, 0x0,
    0x0, 0x1, 0xf0, 0x0, 0x0, 0x7, 0xc0, 0x0,
    0x0, 0x1f, 0x0, 0x0,

    /* U+03A9 "Ω" */
    0x0, 0x2f, 0xf4, 0x0, 0x7, 0xff, 0xfc, 0x0,
    0x7e, 0x41, 0xfc, 0x3, 0xe0, 0x0, 0xf8, 0x1f,
    0x0, 0x2, 0xf0, 0xbc, 0x0, 0x3, 0xd3, 0xe0,
    0x0, 0xf, 0x4f, 0x80, 0x0, 0x3e, 0x3e, 0x0,
    0x0, 0xf8, 0xf8, 0x0, 0x3, 0xd2, 0xf0, 0x0,
    0xf, 0x47, 0xc0, 0x0, 0x7c, 0xf, 0x40, 0x2,
    0xe0, 0x2f, 0x0, 0xf, 0x0, 0x3d, 0x0, 0xb8,
    0x0, 0x3d, 0xb, 0x80, 0x3f, 0xfc, 0x3f, 0xf8,
    0xff, 0xf0, 0xff, 0xe0,

    /* U+03AA "Ϊ" */
    0xb, 0x42, 0xc0, 0x2e, 0xf, 0x40, 0x20, 0x14,
    0x0, 0x0, 0x0, 0x0, 0x0, 0x0, 0xff, 0xff,
    0xe2, 0xaf, 0xea, 0x40, 0x1f, 0x0, 0x0, 0x7c,
    0x0, 0x1, 0xf0, 0x0, 0x7, 0xc0, 0x0, 0x1f,
    0x0, 0x0, 0x7c, 0x0, 0x1, 0xf0, 0x0, 0x7,
    0xc0, 0x0, 0x1f, 0x0, 0x0, 0x7c, 0x0, 0x1,
    0xf0, 0x0, 0x7, 0xc0, 0x0, 0x1f, 0x0, 0x0,
    0x7c, 0x0, 0xab, 0xfa, 0x93, 0xff, 0xff, 0x80,

    /* U+03AB "Ϋ" */
    0x0, 0xb4, 0x2c, 0x0, 0x0, 0xb8, 0x3d, 0x0,
    0x0, 0x20, 0x14, 0x0, 0x0, 0x0, 0x0, 0x0,
    0x0, 0x0, 0x0, 0x0, 0x7d, 0x0, 0x0, 0xbc,
    0x2f, 0x0, 0x0, 0xf4, 0xf, 0x40, 0x2, 0xe0,
    0xb, 0xc0, 0x3, 0xc0, 0x3, 0xd0, 0xb, 0x80,
    0x2, 0xf0, 0x1f, 0x0, 0x0, 0xf4, 0x3e, 0x0,
    0x0, 0x7c, 0x7c, 0x0, 0x0, 0x3d, 0xf4, 0x0,
    0x0, 0x1f, 0xf0, 0x0, 0x0, 0xb, 0xd0, 0x0,
    0x0, 0x7, 0xc0, 0x0, 0x0, 0x7, 0xc0, 0x0,
    0x0, 0x7, 0xc0, 0x0, 0x0, 0x7, 0xc0, 0x0,
    0x0, 0x7, 0xc0, 0x0, 0x0, 0x7, 0xc0, 0x0,
    0x0, 0x7, 0xc0, 0x0,

    /* U+03AC "ά" */
    0x0, 0xf, 0x80, 0x0, 0x0, 0xf0, 0x0, 0x0,
    0x1e, 0x0, 0x0, 0x2, 0xc0, 0x0, 0x0, 0x0,
    0x0, 0x0, 0x0, 0x0, 0x0, 0x1, 0xff, 0x47,
    0x80, 0xbf, 0xfe, 0xf4, 0x1f, 0x40, 0xbf, 0x43,
    0xe0, 0x3, 0xf0, 0x3c, 0x0, 0x1f, 0x7, 0xc0,
    0x1, 0xf0, 0x7c, 0x0, 0xf, 0x7, 0xc0, 0x0,
    0xf0, 0x7c, 0x0, 0x1f, 0x3, 0xc0, 0x1, 0xf0,
    0x3e, 0x0, 0x3f, 0x1, 0xf4, 0xb, 0xf4, 0xb,
    0xff, 0xdf, 0xf0, 0x1f, 0xe0, 0x3f,

    /* U+03AD "έ" */
    0x0, 0xf, 0x80, 0x0, 0xf, 0x0, 0x0, 0x1e,
    0x0, 0x0, 0x2c, 0x0, 0x0, 0x0, 0x0, 0x0,
    0x0, 0x0, 0x1, 0xff, 0xe0, 0xf, 0xff, 0xfc,
    0x3f, 0x0, 0x24, 0x3d, 0x0, 0x0, 0x3d, 0x0,
    0x0, 0x1f, 0x40, 0x0, 0x7, 0xff, 0x80, 0xb,
    0xff, 0x80, 0x3e, 0x0, 0x0, 0x7c, 0x0, 0x0,
    0x7c, 0x0, 0x0, 0x3e, 0x0, 0x18, 0x1f, 0xff,
    0xfc, 0x2, 0xff, 0xe4,

    /* U+03AE "ή" */
    0x0, 0xf, 0x40, 0x0, 0x1f, 0x0, 0x0, 0x2d,
    0x0, 0x0, 0x3c, 0x0, 0x0, 0x0, 0x0, 0x0,
    0x0, 0x0, 0xf0, 0xbf, 0xd0, 0xf7, 0xff, 0xf8,
    0xff, 0x40, 0xbc, 0xfc, 0x0, 0x3d, 0xf8, 0x0,
    0x3e, 0xf4, 0x0, 0x2e, 0xf4, 0x0, 0x2e, 0xf4,
    0x0, 0x2e, 0xf4, 0x0, 0x2e, 0xf4, 0x0, 0x2e,
    0xf4, 0x0, 0x2e, 0xf4, 0x0, 0x2e, 0xf4, 0x0,
    0x2e, 0xf4, 0x0, 0x2e, 0x0, 0x0, 0x2e, 0x0,
    0x0, 0x2e, 0x0, 0x0, 0x2e, 0x0, 0x0, 0x2e,
    0x0, 0x0, 0x2e, 0x0, 0x0, 0x2e,

    /* U+03AF "ί" */
    0xf, 0x40, 0x1f, 0x0, 0x2d, 0x0, 0x38, 0x0,
    0x0, 0x0, 0x0, 0x0, 0xbc, 0x0, 0xbc, 0x0,
    0xbc, 0x0, 0xbc, 0x0, 0xbc, 0x0, 0xbc, 0x0,
    0xbc, 0x0, 0xbc, 0x0, 0xbc, 0x0, 0xbc, 0x0,
    0x7c, 0x0, 0x7d, 0x0, 0x2f, 0xff, 0xb, 0xfe,

    /* U+03B0 "ΰ" */
    0x0, 0xf, 0x40, 0x0, 0x1f, 0x0, 0x0, 0x2d,
    0x0, 0x0, 0x3c, 0x0, 0xf, 0x35, 0xd0, 0xf,
    0x12, 0xe0, 0x5, 0x0, 0x80, 0x0, 0x0, 0x0,
    0xf4, 0x0, 0x7c, 0xf4, 0x0, 0x3c, 0xf4, 0x0,
    0x3d, 0xf4, 0x0, 0x2e, 0xf4, 0x0, 0x2e, 0xf4,
    0x0, 0x2e, 0xf4, 0x0, 0x2e, 0xf4, 0x0, 0x2e,
    0xf4, 0x0, 0x2e, 0xf8, 0x0, 0x3d, 0xbc, 0x0,
    0x7c, 0x3e, 0x1, 0xf8, 0x1f, 0xff, 0xf0, 0x2,
    0xff, 0x40,

    /* U+03B1 "α" */
    0x1, 0xff, 0x47, 0x80, 0xbf, 0xfe, 0xf4, 0x1f,
    0x40, 0xbf, 0x43, 0xe0, 0x3, 0xf0, 0x3c, 0x0,
    0x1f, 0x7, 0xc0, 0x1, 0xf0, 0x7c, 0x0, 0xf,
    0x7, 0xc0, 0x0, 0xf0, 0x7c, 0x0, 0x1f, 0x3,
    0xc0, 0x1, 0xf0, 0x3e, 0x0, 0x3f, 0x1, 0xf4,
    0xb, 0xf4, 0xb, 0xff, 0xdf, 0xf0, 0x1f, 0xe0,
    0x3f,

    /* U+03B2 "β" */
    0x2, 0xff, 0x40, 0x7, 0xff, 0xfc, 0x3, 0xe0,
    0x1f, 0x82, 0xf0, 0x2, 0xf0, 0xf4, 0x0, 0x7c,
    0x3d, 0x0, 0xf, 0xf, 0x40, 0x7, 0xc3, 0xd0,
    0x3, 0xd0, 0xf4, 0x7, 0xd0, 0x3d, 0x3f, 0xd0,
    0xf, 0x4f, 0xff, 0x43, 0xd0, 0x7, 0xf0, 0xf4,
    0x0, 0x3e, 0x3d, 0x0, 0x7, 0xcf, 0x40, 0x1,
    0xf3, 0xd0, 0x0, 0x7c, 0xf4, 0x0, 0x3e, 0x3f,
    0x40, 0x2f, 0x4f, 0xff, 0xff, 0x43, 0xeb, 0xfe,
    0x0, 0xf4, 0x0, 0x0, 0x3d, 0x0, 0x0, 0xf,
    0x40, 0x0, 0x3, 0xd0, 0x0, 0x0, 0xf4, 0x0,
    0x0, 0x3d, 0x0, 0x0, 0x0,

    /* U+03B3 "γ" */
    0xb8, 0x0, 0x3, 0xd7, 0xc0, 0x0, 0x7c, 0x3e,
    0x0, 0xf, 0x81, 0xf0, 0x0, 0xf0, 0xf, 0x40,
    0x2e, 0x0, 0xb8, 0x3, 0xd0, 0x3, 0xc0, 0x7c,
    0x0, 0x3e, 0xb, 0x80, 0x1, 0xf0, 0xf0, 0x0,
    0xf, 0x5f, 0x0, 0x0, 0x7a, 0xd0, 0x0, 0x3,
    0xfc, 0x0, 0x0, 0x2f, 0x80, 0x0, 0x1, 0xf0,
    0x0, 0x0, 0x1f, 0x0, 0x0, 0x2, 0xe0, 0x0,
    0x0, 0x3d, 0x0, 0x0, 0x3, 0xc0, 0x0, 0x0,
    0x7c, 0x0, 0x0, 0x7, 0xc0, 0x0,

    /* U+03B4 "δ" */
    0x0, 0x7f, 0xe4, 0x0, 0xbf, 0xff, 0xc0, 0x3e,
    0x1, 0xe0, 0xf, 0x0, 0x0, 0x3, 0xd0, 0x0,
    0x0, 0xbc, 0x0, 0x0, 0xb, 0xe0, 0x0, 0x0,
    0xbf, 0x40, 0x0, 0x7f, 0xf4, 0x0, 0xfd, 0x2f,
    0x40, 0xfc, 0x2, 0xf0, 0xbc, 0x0, 0x3e, 0x3d,
    0x0, 0xb, 0xcf, 0x0, 0x2, 0xf7, 0xc0, 0x0,
    0xbc, 0xf4, 0x0, 0x2e, 0x3f, 0x0, 0xf, 0x47,
    0xe0, 0xf, 0xc0, 0xbf, 0xff, 0xc0, 0x2, 0xff,
    0x40,

    /* U+03B5 "ε" */
    0x1, 0xff, 0xe0, 0xf, 0xff, 0xfc, 0x3f, 0x0,
    0x24, 0x3d, 0x0, 0x0, 0x3d, 0x0, 0x0, 0x1f,
    0x40, 0x0, 0x7, 0xff, 0x80, 0xb, 0xff, 0x80,
    0x3e, 0x0, 0x0, 0x7c, 0x0, 0x0, 0x7c, 0x0,
    0x0, 0x3e, 0x0, 0x18, 0x1f, 0xff, 0xfc, 0x2,
    0xff, 0xe4,

    /* U+03B6 "ζ" */
    0x3f, 0xff, 0xfd, 0x3f, 0xff, 0xfd, 0x0, 0x0,
    0xf4, 0x0, 0x7, 0xc0, 0x0, 0x2f, 0x0, 0x0,
    0xf8, 0x0, 0x3, 0xe0, 0x0, 0xf, 0x80, 0x0,
    0x1f, 0x0, 0x0, 0x3d, 0x0, 0x0, 0x7c, 0x0,
    0x0, 0xb8, 0x0, 0x0, 0xf8, 0x0, 0x0, 0xf4,
    0x0, 0x0, 0xf8, 0x0, 0x0, 0xbc, 0x0, 0x0,
    0x7f, 0x40, 0x0, 0x2f, 0xfe, 0x40, 0x6, 0xff,
    0xf8, 0x0, 0x6, 0xfd, 0x0, 0x0, 0x3e, 0x0,
    0x0, 0x2d, 0x0, 0x0, 0x3c, 0x0, 0x0, 0xb8,
    0x0, 0x0, 0x50,

    /* U+03B7 "η" */
    0xf0, 0xbf, 0xd0, 0xf7, 0xff, 0xf8, 0xff, 0x40,
    0xbc, 0xfc, 0x0, 0x3d, 0xf8, 0x0, 0x3e, 0xf4,
    0x0, 0x2e, 0xf4, 0x0, 0x2e, 0xf4, 0x0, 0x2e,
    0xf4, 0x0, 0x2e, 0xf4, 0x0, 0x2e, 0xf4, 0x0,
    0x2e, 0xf4, 0x0, 0x2e, 0xf4, 0x0, 0x2e, 0xf4,
    0x0, 0x2e, 0x0, 0x0, 0x2e, 0x0, 0x0, 0x2e,
    0x0, 0x0, 0x2e, 0x0, 0x0, 0x2e, 0x0, 0x0,
    0x2e, 0x0, 0x0, 0x2e,

    /* U+03B8 "θ" */
    0x0, 0xbf, 0x90, 0x0, 0xff, 0xfe, 0x0, 0xfc,
    0x7, 0xd0, 0x7c, 0x0, 0xbc, 0x2e, 0x0, 0xf,
    0xf, 0x40, 0x3, 0xd3, 0xd0, 0x0, 0xb8, 0xf4,
    0x0, 0x2e, 0x3f, 0xff, 0xff, 0x8f, 0xea, 0xab,
    0xe3, 0xd0, 0x0, 0xb8, 0xf4, 0x0, 0x3e, 0x3d,
    0x0, 0xf, 0x4b, 0x80, 0x3, 0xc0, 0xf0, 0x2,
    0xf0, 0x2f, 0x1, 0xf4, 0x3, 0xff, 0xf8, 0x0,
    0x2f, 0xe4, 0x0,

    /* U+03B9 "ι" */
    0xbc, 0x0, 0xbc, 0x0, 0xbc, 0x0, 0xbc, 0x0,
    0xbc, 0x0, 0xbc, 0x0, 0xbc, 0x0, 0xbc, 0x0,
    0xbc, 0x0, 0xbc, 0x0, 0x7c, 0x0, 0x7d, 0x0,
    0x2f, 0xff, 0xb, 0xfe,

    /* U+03BA "κ" */
    0x7c, 0x0, 0x2f, 0x1f, 0x0, 0x2f, 0x7, 0xc0,
    0x2f, 0x1, 0xf0, 0x2f, 0x0, 0x7c, 0x2f, 0x0,
    0x1f, 0x1f, 0x0, 0x7, 0xdf, 0x40, 0x1, 0xff,
    0xf0, 0x0, 0x7f, 0x3f, 0x0, 0x1f, 0x3, 0xf0,
    0x7, 0xc0, 0x3e, 0x1, 0xf0, 0x3, 0xe0, 0x7c,
    0x0, 0x7d, 0x1f, 0x0, 0x7, 0xd0,

    /* U+03BB "λ" */
    0x3, 0xf4, 0x0, 0x0, 0x7, 0xfe, 0x0, 0x0,
    0x0, 0x1f, 0x0, 0x0, 0x0, 0xf, 0x80, 0x0,
    0x0, 0x7, 0xc0, 0x0, 0x0, 0x3, 0xc0, 0x0,
    0x0, 0x3, 0xe0, 0x0, 0x0, 0x7, 0xf0, 0x0,
    0x0, 0xf, 0xf0, 0x0, 0x0, 0x1e, 0xb8, 0x0,
    0x0, 0x3d, 0x7c, 0x0, 0x0, 0x7c, 0x3c, 0x0,
    0x0, 0xf8, 0x2e, 0x0, 0x0, 0xf0, 0x1f, 0x0,
    0x2, 0xe0, 0xf, 0x0, 0x3, 0xc0, 0xb, 0x80,
    0xb, 0xc0, 0x7, 0xc0, 0xf, 0x40, 0x3, 0xd0,
    0x2f, 0x0, 0x2, 0xfc, 0x3d, 0x0, 0x0, 0xfc,

    /* U+03BC "μ" */
    0xf4, 0x0, 0x2e, 0xf4, 0x0, 0x2e, 0xf4, 0x0,
    0x2e, 0xf4, 0x0, 0x2e, 0xf4, 0x0, 0x2e, 0xf4,
    0x0, 0x2e, 0xf4, 0x0, 0x2e, 0xf4, 0x0, 0x3e,
    0xf4, 0x0, 0x3e, 0xf4, 0x0, 0x3e, 0xf8, 0x0,
    0x7e, 0xfd, 0x1, 0xfe, 0xff, 0xff, 0xee, 0xf6,
    0xfe, 0x1e, 0xf4, 0x0, 0x0, 0xf4, 0x0, 0x0,
    0xf4, 0x0, 0x0, 0xf4, 0x0, 0x0, 0xf4, 0x0,
    0x0, 0xf4, 0x0, 0x0,

    /* U+03BD "ν" */
    0x3d, 0x0, 0x1, 0xf2, 0xe0, 0x0, 0x1f, 0x1f,
    0x0, 0x1, 0xf0, 0xf4, 0x0, 0x2e, 0x7, 0xc0,
    0x2, 0xe0, 0x3d, 0x0, 0x3d, 0x2, 0xe0, 0x3,
    0xc0, 0x1f, 0x0, 0x78, 0x0, 0xf4, 0xf, 0x40,
    0xb, 0xc1, 0xf0, 0x0, 0x3c, 0x3c, 0x0, 0x3,
    0xdf, 0x80, 0x0, 0x1f, 0xf0, 0x0, 0x0, 0xfc,
    0x0,

    /* U+03BE "ξ" */
    0x3f, 0xff, 0xf8, 0x3f, 0xff, 0xf8, 0x2, 0xe4,
    0x0, 0xf, 0x40, 0x0, 0x2e, 0x0, 0x0, 0x3d,
    0x0, 0x0, 0x3d, 0x0, 0x0, 0x1f, 0x40, 0x0,
    0xb, 0xfe, 0xa4, 0x2, 0xff, 0xf8, 0x1f, 0x90,
    0x0, 0x3d, 0x0, 0x0, 0xbc, 0x0, 0x0, 0xb8,
    0x0, 0x0, 0xf8, 0x0, 0x0, 0xbc, 0x0, 0x0,
    0x3f, 0x40, 0x0, 0x1f, 0xfe, 0x40, 0x2, 0xff,
    0xf8, 0x0, 0x6, 0xfd, 0x0, 0x0, 0x3e, 0x0,
    0x0, 0x2d, 0x0, 0x0, 0x3c, 0x0, 0x0, 0xb8,
    0x0, 0x0, 0x50,

    /* U+03BF "ο" */
    0x0, 0xbf, 0xd0, 0x0, 0x7f, 0xff, 0xc0, 0x1f,
    0x80, 0x3f, 0x3, 0xe0, 0x0, 0xf4, 0x3c, 0x0,
    0xb, 0xc7, 0xc0, 0x0, 0x7c, 0xbc, 0x0, 0x7,
    0xcb, 0xc0, 0x0, 0x7c, 0x7c, 0x0, 0x7, 0xc3,
    0xc0, 0x0, 0xbc, 0x3e, 0x0, 0xf, 0x40, 0xf8,
    0x3, 0xf0, 0x7, 0xff, 0xfc, 0x0, 0xb, 0xfd,
    0x0,

    /* U+03C0 "π" */
    0x3f, 0xff, 0xff, 0xfd, 0xff, 0xff, 0xff, 0xfd,
    0x3, 0xd0, 0xb, 0xc0, 0x3, 0xd0, 0xb, 0xc0,
    0x3, 0xd0, 0xb, 0xc0, 0x3, 0xd0, 0xb, 0xc0,
    0x3, 0xd0, 0xb, 0xc0, 0x3, 0xd0, 0xb, 0xc0,
    0x3, 0xd0, 0xb, 0xc0, 0x3, 0xd0, 0xb, 0xc0,
    0x3, 0xd0, 0xb, 0xc0, 0x3, 0xd0, 0x7, 0xc0,
    0x3, 0xd0, 0x3, 0xfc, 0x3, 0xd0, 0x1, 0xfc,

    /* U+03C1 "ρ" */
    0x1, 0xff, 0x40, 0xf, 0xff, 0xe0, 0x3f, 0x1,
    0xf8, 0x7c, 0x0, 0x7c, 0xb8, 0x0, 0x3d, 0xf4,
    0x0, 0x2e, 0xf4, 0x0, 0x2e, 0xf4, 0x0, 0x2e,
    0xf4, 0x0, 0x2e, 0xf4, 0x0, 0x3d, 0xf4, 0x0,
    0x7c, 0xfd, 0x1, 0xf8, 0xff, 0xff, 0xf0, 0xf6,
    0xff, 0x40, 0xf4, 0x0, 0x0, 0xf4, 0x0, 0x0,
    0xf4, 0x0, 0x0, 0xf4, 0x0, 0x0, 0xf4, 0x0,
    0x0, 0xf4, 0x0, 0x0,

    /* U+03C2 "ς" */
    0x0, 0xbf, 0xf8, 0xb, 0xff, 0xfc, 0x1f, 0x90,
    0x18, 0x3e, 0x0, 0x0, 0x7c, 0x0, 0x0, 0xbc,
    0x0, 0x0, 0xf8, 0x0, 0x0, 0xf8, 0x0, 0x0,
    0xb8, 0x0, 0x0, 0xbc, 0x0, 0x0, 0x7d, 0x0,
    0x0, 0x2f, 0xd0, 0x0, 0xb, 0xff, 0x90, 0x1,
    0xbf, 0xf8, 0x0, 0x1, 0xbd, 0x0, 0x0, 0x2d,
    0x0, 0x0, 0x3d, 0x0, 0x0, 0x3c, 0x0, 0x0,
    0xf4,

    /* U+03C3 "σ" */
    0x0, 0x7f, 0xff, 0xf0, 0x7f, 0xff, 0xff, 0xf,
    0xd0, 0x3c, 0x2, 0xf0, 0x2, 0xe0, 0x3d, 0x0,
    0xf, 0x3, 0xc0, 0x0, 0xf8, 0x7c, 0x0, 0xb,
    0x87, 0xc0, 0x0, 0xbc, 0x7c, 0x0, 0xb, 0x83,
    0xd0, 0x0, 0xf8, 0x3f, 0x0, 0x1f, 0x1, 0xf8,
    0x7, 0xe0, 0x7, 0xff, 0xf8, 0x0, 0xb, 0xfd,
    0x0,

    /* U+03C4 "τ" */
    0x2f, 0xff, 0xff, 0xaf, 0xff, 0xff, 0xe0, 0xb,
    0x80, 0x0, 0x2, 0xe0, 0x0, 0x0, 0xb8, 0x0,
    0x0, 0x2e, 0x0, 0x0, 0xb, 0x80, 0x0, 0x2,
    0xe0, 0x0, 0x0, 0xb8, 0x0, 0x0, 0x2e, 0x0,
    0x0, 0xb, 0xc0, 0x0, 0x1, 0xf8, 0x0, 0x0,
    0x3f, 0xff, 0x0, 0x2, 0xff, 0x80,

    /* U+03C5 "υ" */
    0xf4, 0x0, 0x7c, 0xf4, 0x0, 0x3c, 0xf4, 0x0,
    0x3d, 0xf4, 0x0, 0x2e, 0xf4, 0x0, 0x2e, 0xf4,
    0x0, 0x2e, 0xf4, 0x0, 0x2e, 0xf4, 0x0, 0x2e,
    0xf4, 0x0, 0x2e, 0xf8, 0x0, 0x3d, 0xbc, 0x0,
    0x7c, 0x3e, 0x1, 0xf8, 0x1f, 0xff, 0xf0, 0x2,
    0xff, 0x40,

    /* U+03C6 "φ" */
    0x2, 0x0, 0xbf, 0x0, 0x1f, 0xb, 0xff, 0x0,
    0xf4, 0x3c, 0x1f, 0x7, 0x81, 0xf0, 0x3c, 0x2d,
    0x7, 0x80, 0xb4, 0xf0, 0x1e, 0x2, 0xe3, 0xc0,
    0x78, 0x7, 0x8f, 0x1, 0xe0, 0x2e, 0x3c, 0x7,
    0x80, 0xb8, 0xf4, 0x1e, 0x3, 0xd2, 0xe0, 0x78,
    0x1f, 0x3, 0xe1, 0xe1, 0xf4, 0x7, 0xff, 0xff,
    0x80, 0x2, 0xff, 0xe4, 0x0, 0x0, 0x78, 0x0,
    0x0, 0x1, 0xe0, 0x0, 0x0, 0x7, 0x80, 0x0,
    0x0, 0x1e, 0x0, 0x0, 0x0, 0x78, 0x0, 0x0,
    0x1, 0xe0, 0x0,

    /* U+03C7 "χ" */
    0x1f, 0x80, 0x0, 0xf0, 0x7f, 0x80, 0xf, 0x40,
    0x2f, 0x0, 0x7c, 0x0, 0x3e, 0x3, 0xd0, 0x0,
    0x7c, 0x1f, 0x0, 0x0, 0xf4, 0xf4, 0x0, 0x2,
    0xe7, 0xc0, 0x0, 0x7, 0xfc, 0x0, 0x0, 0xf,
    0xe0, 0x0, 0x0, 0x2f, 0x0, 0x0, 0x0, 0xfd,
    0x0, 0x0, 0xb, 0xf8, 0x0, 0x0, 0x3d, 0xf0,
    0x0, 0x2, 0xe3, 0xe0, 0x0, 0x1f, 0x7, 0xc0,
    0x0, 0xf8, 0xf, 0x40, 0x7, 0xc0, 0x2f, 0x0,
    0x3d, 0x0, 0x3d, 0x2, 0xf0, 0x0, 0xbf, 0x8f,
    0x40, 0x0, 0xbe,

    /* U+03C8 "ψ" */
    0x0, 0x1e, 0x0, 0x0, 0x1, 0xe0, 0x0, 0x0,
    0x1e, 0x0, 0x0, 0x1, 0xe0, 0x0, 0x0, 0x1e,
    0x0, 0x0, 0x1, 0xe0, 0x0, 0xf0, 0x1e, 0x3,
    0xcf, 0x1, 0xe0, 0x3c, 0xf0, 0x1e, 0x3, 0xdf,
    0x1, 0xe0, 0x2d, 0xf0, 0x1e, 0x2, 0xef, 0x1,
    0xe0, 0x2e, 0xf0, 0x1e, 0x2, 0xef, 0x1, 0xe0,
    0x2e, 0xf4, 0x1e, 0x2, 0xef, 0x81, 0xe0, 0x3d,
    0xbc, 0x1e, 0x7, 0xc3, 0xe1, 0xe1, 0xf8, 0x1f,
    0xff, 0xff, 0x0, 0x6f, 0xff, 0x40, 0x0, 0x1e,
    0x0, 0x0, 0x1, 0xe0, 0x0, 0x0, 0x1e, 0x0,
    0x0, 0x1, 0xe0, 0x0, 0x0, 0x1e, 0x0, 0x0,
    0x1, 0xe0, 0x0,

    /* U+03C9 "ω" */
    0x2d, 0x0, 0xf, 0x43, 0xc0, 0x0, 0x78, 0x7c,
    0x0, 0x3, 0xcb, 0x80, 0x0, 0x3c, 0xb4, 0x0,
    0x3, 0xdf, 0x40, 0xf0, 0x2d, 0xf4, 0xf, 0x2,
    0xdf, 0x40, 0xf0, 0x2d, 0xf4, 0xf, 0x2, 0xdb,
    0x41, 0xf0, 0x3d, 0xb8, 0x1f, 0x3, 0xc7, 0xc3,
    0xf8, 0x7c, 0x3f, 0xf7, 0xff, 0x40, 0xbe, 0xb,
    0xd0,

    /* U+03CA "ϊ" */
    0x74, 0x2c, 0xb, 0x83, 0xd0, 0x20, 0x18, 0x0,
    0x0, 0x0, 0xb, 0xc0, 0x0, 0xbc, 0x0, 0xb,
    0xc0, 0x0, 0xbc, 0x0, 0xb, 0xc0, 0x0, 0xbc,
    0x0, 0xb, 0xc0, 0x0, 0xbc, 0x0, 0xb, 0xc0,
    0x0, 0xbc, 0x0, 0x7, 0xc0, 0x0, 0x7d, 0x0,
    0x2, 0xff, 0xf0, 0xb, 0xfe,

    /* U+03CB "ϋ" */
    0xb, 0x43, 0xc0, 0xf, 0x83, 0xd0, 0x2, 0x1,
    0x40, 0x0, 0x0, 0x0, 0xf4, 0x0, 0x7c, 0xf4,
    0x0, 0x3c, 0xf4, 0x0, 0x3d, 0xf4, 0x0, 0x2e,
    0xf4, 0x0, 0x2e, 0xf4, 0x0, 0x2e, 0xf4, 0x0,
    0x2e, 0xf4, 0x0, 0x2e, 0xf4, 0x0, 0x2e, 0xf8,
    0x0, 0x3d, 0xbc, 0x0, 0x7c, 0x3e, 0x1, 0xf8,
    0x1f, 0xff, 0xf0, 0x2, 0xff, 0x40,

    /* U+03CC "ό" */
    0x0, 0x3, 0xd0, 0x0, 0x0, 0x7c, 0x0, 0x0,
    0xb, 0x40, 0x0, 0x0, 0xe0, 0x0, 0x0, 0x0,
    0x0, 0x0, 0x0, 0x0, 0x0, 0x0, 0xbf, 0xd0,
    0x0, 0x7f, 0xff, 0xc0, 0x1f, 0x80, 0x3f, 0x3,
    0xe0, 0x0, 0xf4, 0x3c, 0x0, 0xb, 0xc7, 0xc0,
    0x0, 0x7c, 0xbc, 0x0, 0x7, 0xcb, 0xc0, 0x0,
    0x7c, 0x7c, 0x0, 0x7, 0xc3, 0xc0, 0x0, 0xbc,
    0x3e, 0x0, 0xf, 0x40, 0xf8, 0x3, 0xf0, 0x7,
    0xff, 0xfc, 0x0, 0xb, 0xfd, 0x0,

    /* U+03CD "ύ" */
    0x0, 0x2f, 0x0, 0x0, 0x3d, 0x0, 0x0, 0x3c,
    0x0, 0x0, 0x74, 0x0, 0x0, 0x0, 0x0, 0x0,
    0x0, 0x0, 0xf4, 0x0, 0x7c, 0xf4, 0x0, 0x3c,
    0xf4, 0x0, 0x3d, 0xf4, 0x0, 0x2e, 0xf4, 0x0,
    0x2e, 0xf4, 0x0, 0x2e, 0xf4, 0x0, 0x2e, 0xf4,
    0x0, 0x2e, 0xf4, 0x0, 0x2e, 0xf8, 0x0, 0x3d,
    0xbc, 0x0, 0x7c, 0x3e, 0x1, 0xf8, 0x1f, 0xff,
    0xf0, 0x2, 0xff, 0x40,

    /* U+03CE "ώ" */
    0x0, 0x7, 0xc0, 0x0, 0x0, 0xb8, 0x0, 0x0,
    0xf, 0x0, 0x0, 0x0, 0xd0, 0x0, 0x0, 0x0,
    0x0, 0x0, 0x0, 0x0, 0x0, 0x2d, 0x0, 0xf,
    0x43, 0xc0, 0x0, 0x78, 0x7c, 0x0, 0x3, 0xcb,
    0x80, 0x0, 0x3c, 0xb4, 0x0, 0x3, 0xdf, 0x40,
    0xf0, 0x2d, 0xf4, 0xf, 0x2, 0xdf, 0x40, 0xf0,
    0x2d, 0xf4, 0xf, 0x2, 0xdb, 0x41, 0xf0, 0x3d,
    0xb8, 0x1f, 0x3, 0xc7, 0xc3, 0xf8, 0x7c, 0x3f,
    0xf7, 0xff, 0x40, 0xbe, 0xb, 0xd0,

    /* U+03D1 "ϑ" */
    0x0, 0x2f, 0xe0, 0x0, 0x0, 0xff, 0xfc, 0x0,
    0x2, 0xf0, 0x3f, 0x0, 0x3, 0xd0, 0xf, 0x40,
    0x3, 0xe0, 0xb, 0xc0, 0x1, 0xf0, 0x7, 0xc0,
    0x0, 0xfd, 0x3, 0xd0, 0x0, 0x2f, 0xfb, 0xf8,
    0x0, 0x2, 0xff, 0xfd, 0xbf, 0x0, 0x3, 0xe0,
    0xbf, 0x80, 0x3, 0xe0, 0x7, 0xc0, 0x3, 0xe0,
    0x7, 0xc0, 0x3, 0xd0, 0xb, 0x80, 0x3, 0xd0,
    0xb, 0x80, 0x3, 0xc0, 0xf, 0x40, 0xb, 0xc0,
    0xb, 0x80, 0xf, 0x40, 0xb, 0xc0, 0x3e, 0x0,
    0x3, 0xff, 0xfc, 0x0, 0x0, 0xbf, 0xd0, 0x0,

    /* U+03D2 "ϒ" */
    0x7c, 0x0, 0x0, 0xbd, 0x3e, 0x0, 0x2, 0xfd,
    0xf, 0x40, 0x3, 0xe0, 0xb, 0xc0, 0xb, 0xc0,
    0x3, 0xd0, 0xf, 0x40, 0x2, 0xf0, 0x2e, 0x0,
    0x0, 0xf4, 0x3c, 0x0, 0x0, 0x7c, 0xb8, 0x0,
    0x0, 0x3d, 0xf0, 0x0, 0x0, 0x1f, 0xe0, 0x0,
    0x0, 0xf, 0xd0, 0x0, 0x0, 0x7, 0xc0, 0x0,
    0x0, 0x7, 0xc0, 0x0, 0x0, 0x7, 0xc0, 0x0,
    0x0, 0x7, 0xc0, 0x0, 0x0, 0x7, 0xc0, 0x0,
    0x0, 0x7, 0xc0, 0x0, 0x0, 0x7, 0xc0, 0x0,

    /* U+03D6 "ϖ" */
    0x2f, 0xff, 0xff, 0xfd, 0xbf, 0xff, 0xff, 0xfd,
    0xf, 0x0, 0x2, 0xe0, 0xf, 0x0, 0x1, 0xf0,
    0x1e, 0x0, 0x0, 0xf0, 0x2d, 0x0, 0x0, 0xf4,
    0x3d, 0x3, 0x80, 0xb4, 0x3d, 0x3, 0xc0, 0xb4,
    0x3d, 0x3, 0xc0, 0xb4, 0x3d, 0x7, 0xc0, 0xb4,
    0x2d, 0x7, 0xc0, 0xf4, 0x1f, 0xf, 0xe1, 0xf0,
    0xf, 0xfd, 0xff, 0xe0, 0x2, 0xf8, 0x2f, 0x80,

    /* U+0400 "Ѐ" */
    0x7, 0xd0, 0x0, 0x2, 0xf0, 0x0, 0x0, 0xb8,
    0x0, 0x0, 0x2c, 0x0, 0x0, 0x0, 0x0, 0x0,
    0x0, 0x0, 0x7f, 0xff, 0xfd, 0x7f, 0xff, 0xfd,
    0x7c, 0x0, 0x0, 0x7c, 0x0, 0x0, 0x7c, 0x0,
    0x0, 0x7c, 0x0, 0x0, 0x7c, 0x0, 0x0, 0x7f,
    0xff, 0xfc, 0x7f, 0xff, 0xfc, 0x7c, 0x0, 0x0,
    0x7c, 0x0, 0x0, 0x7c, 0x0, 0x0, 0x7c, 0x0,
    0x0, 0x7c, 0x0, 0x0, 0x7c, 0x0, 0x0, 0x7c,
    0x0, 0x0, 0x7f, 0xff, 0xfd, 0x7f, 0xff, 0xfd,

    /* U+0401 "Ё" */
    0x7, 0x81, 0xd0, 0x7, 0xc2, 0xe0, 0x2, 0x40,
    0x80, 0x0, 0x0, 0x0, 0x0, 0x0, 0x0, 0x7f,
    0xff, 0xfd, 0x7f, 0xff, 0xfd, 0x7c, 0x0, 0x0,
    0x7c, 0x0, 0x0, 0x7c, 0x0, 0x0, 0x7c, 0x0,
    0x0, 0x7c, 0x0, 0x0, 0x7f, 0xff, 0xfc, 0x7f,
    0xff, 0xfc, 0x7c, 0x0, 0x0, 0x7c, 0x0, 0x0,
    0x7c, 0x0, 0x0, 0x7c, 0x0, 0x0, 0x7c, 0x0,
    0x0, 0x7c, 0x0, 0x0, 0x7c, 0x0, 0x0, 0x7f,
    0xff, 0xfd, 0x7f, 0xff, 0xfd,

    /* U+0402 "Ђ" */
    0xbf, 0xff, 0xfc, 0x2, 0xff, 0xff, 0xf0, 0x0,
    0xf, 0x40, 0x0, 0x0, 0x3d, 0x0, 0x0, 0x0,
    0xf4, 0x0, 0x0, 0x3, 0xd0, 0x0, 0x0, 0xf,
    0x40, 0x0, 0x0, 0x3f, 0xff, 0xd0, 0x0, 0xff,
    0xff, 0xf0, 0x3, 0xd0, 0xb, 0xd0, 0xf, 0x40,
    0xf, 0x80, 0x3d, 0x0, 0x2f, 0x0, 0xf4, 0x0,
    0xbc, 0x3, 0xd0, 0x2, 0xf0, 0xf, 0x40, 0xf,
    0x80, 0x3d, 0x0, 0x7d, 0x0, 0xf4, 0xbf, 0xe0,
    0x3, 0xd2, 0xfd, 0x0,

    /* U+0403 "Ѓ" */
    0x0, 0x1f, 0x40, 0x0, 0xf8, 0x0, 0xb, 0xc0,
    0x0, 0x38, 0x0, 0x0, 0x0, 0x0, 0x0, 0x0,
    0xf, 0xff, 0xff, 0xbf, 0xff, 0xfe, 0xf8, 0x0,
    0x3, 0xd0, 0x0, 0xf, 0x40, 0x0, 0x3d, 0x0,
    0x0, 0xf4, 0x0, 0x3, 0xd0, 0x0, 0xf, 0x40,
    0x0, 0x3d, 0x0, 0x0, 0xf4, 0x0, 0x3, 0xd0,
    0x0, 0xf, 0x40, 0x0, 0x3d, 0x0, 0x0, 0xf4,
    0x0, 0x3, 0xd0, 0x0, 0xf, 0x40, 0x0, 0x3d,
    0x0, 0x0,

    /* U+0404 "Є" */
    0x0, 0x1b, 0xff, 0x80, 0xf, 0xff, 0xfe, 0x3,
    0xf8, 0x1, 0x80, 0xfc, 0x0, 0x0, 0x1f, 0x0,
    0x0, 0x3, 0xe0, 0x0, 0x0, 0x3d, 0x0, 0x0,
    0x7, 0xff, 0xff, 0xc0, 0x7f, 0xff, 0xfc, 0x7,
    0xc0, 0x0, 0x0, 0x7d, 0x0, 0x0, 0x3, 0xd0,
    0x0, 0x0, 0x3f, 0x0, 0x0, 0x2, 0xf4, 0x0,
    0x0, 0xf, 0xc0, 0x0, 0x0, 0x7f, 0x80, 0x18,
    0x1, 0xff, 0xff, 0xd0, 0x1, 0xff, 0xe4,

    /* U+0405 "Ѕ" */
    0x1, 0xbf, 0xf9, 0x2, 0xff, 0xff, 0xc1, 0xf8,
    0x1, 0xa0, 0xf8, 0x0, 0x0, 0x3d, 0x0, 0x0,
    0xf, 0x80, 0x0, 0x2, 0xf4, 0x0, 0x0, 0x3f,
    0x90, 0x0, 0x2, 0xff, 0x80, 0x0, 0x7, 0xfe,
    0x0, 0x0, 0xb, 0xf0, 0x0, 0x0, 0x3d, 0x0,
    0x0, 0xb, 0x80, 0x0, 0x2, 0xf0, 0x0, 0x0,
    0xf8, 0xd4, 0x1, 0xfc, 0x3f, 0xff, 0xfd, 0x6,
    0xff, 0xf4, 0x0,

    /* U+0406 "І" */
    0x3f, 0xff, 0xf8, 0xab, 0xfa, 0x90, 0x7, 0xc0,
    0x0, 0x1f, 0x0, 0x0, 0x7c, 0x0, 0x1, 0xf0,
    0x0, 0x7, 0xc0, 0x0, 0x1f, 0x0, 0x0, 0x7c,
    0x0, 0x1, 0xf0, 0x0, 0x7, 0xc0, 0x0, 0x1f,
    0x0, 0x0, 0x7c, 0x0, 0x1, 0xf0, 0x0, 0x7,
    0xc0, 0x0, 0x1f, 0x0, 0x2a, 0xfe, 0xa4, 0xff,
    0xff, 0xe0,

    /* U+0407 "Ї" */
    0xb, 0x42, 0xc0, 0x2e, 0xf, 0x40, 0x20, 0x14,
    0x0, 0x0, 0x0, 0x0, 0x0, 0x0, 0xff, 0xff,
    0xe2, 0xaf, 0xea, 0x40, 0x1f, 0x0, 0x0, 0x7c,
    0x0, 0x1, 0xf0, 0x0, 0x7, 0xc0, 0x0, 0x1f,
    0x0, 0x0, 0x7c, 0x0, 0x1, 0xf0, 0x0, 0x7,
    0xc0, 0x0, 0x1f, 0x0, 0x0, 0x7c, 0x0, 0x1,
    0xf0, 0x0, 0x7, 0xc0, 0x0, 0x1f, 0x0, 0x0,
    0x7c, 0x0, 0xab, 0xfa, 0x93, 0xff, 0xff, 0x80,

    /* U+0408 "Ј" */
    0x0, 0x0, 0x3d, 0x0, 0x0, 0x3d, 0x0, 0x0,
    0x3d, 0x0, 0x0, 0x3d, 0x0, 0x0, 0x3d, 0x0,
    0x0, 0x3d, 0x0, 0x0, 0x3d, 0x0, 0x0, 0x3d,
    0x0, 0x0, 0x3d, 0x0, 0x0, 0x3d, 0x0, 0x0,
    0x3d, 0x0, 0x0, 0x3d, 0x0, 0x0, 0x3d, 0x0,
    0x0, 0x3d, 0x0, 0x0, 0xbc, 0x24, 0x7, 0xf4,
    0x7f, 0xff, 0xe0, 0x2f, 0xfe, 0x0,

    /* U+0409 "Љ" */
    0x3, 0xff, 0xc0, 0x0, 0x3, 0xff, 0xc0, 0x0,
    0x3, 0xc3, 0xc0, 0x0, 0x7, 0x83, 0xc0, 0x0,
    0x7, 0x83, 0xc0, 0x0, 0x7, 0x83, 0xc0, 0x0,
    0x7, 0x83, 0xc0, 0x0, 0x7, 0x83, 0xff, 0x80,
    0x7, 0x83, 0xff, 0xf0, 0xb, 0x43, 0xc1, 0xf8,
    0xb, 0x43, 0xc0, 0x7c, 0xb, 0x43, 0xc0, 0x3d,
    0xb, 0x43, 0xc0, 0x3d, 0xf, 0x3, 0xc0, 0x3d,
    0xf, 0x3, 0xc0, 0x7c, 0x1f, 0x3, 0xc1, 0xf8,
    0xfe, 0x3, 0xff, 0xf0, 0xf8, 0x3, 0xff, 0x40,

    /* U+040A "Њ" */
    0x3c, 0x3, 0xc0, 0x0, 0x3c, 0x3, 0xc0, 0x0,
    0x3c, 0x3, 0xc0, 0x0, 0x3c, 0x3, 0xc0, 0x0,
    0x3c, 0x3, 0xc0, 0x0, 0x3c, 0x3, 0xc0, 0x0,
    0x3c, 0x3, 0xc0, 0x0, 0x3f, 0xff, 0xff, 0x40,
    0x3f, 0xff, 0xff, 0xf0, 0x3c, 0x3, 0xc1, 0xf8,
    0x3c, 0x3, 0xc0, 0x7c, 0x3c, 0x3, 0xc0, 0x3c,
    0x3c, 0x3, 0xc0, 0x3c, 0x3c, 0x3, 0xc0, 0x3c,
    0x3c, 0x3, 0xc0, 0x7c, 0x3c, 0x3, 0xc1, 0xf8,
    0x3c, 0x3, 0xff, 0xf0, 0x3c, 0x3, 0xff, 0x40,

    /* U+040B "Ћ" */
    0xbf, 0xff, 0xfc, 0x2, 0xff, 0xff, 0xf0, 0x0,
    0xf, 0x40, 0x0, 0x0, 0x3d, 0x0, 0x0, 0x0,
    0xf4, 0x0, 0x0, 0x3, 0xd0, 0x0, 0x0, 0xf,
    0x40, 0x0, 0x0, 0x3f, 0xff, 0xd0, 0x0, 0xff,
    0xff, 0xf0, 0x3, 0xd0, 0xb, 0xd0, 0xf, 0x40,
    0xf, 0x80, 0x3d, 0x0, 0x2f, 0x0, 0xf4, 0x0,
    0xbc, 0x3, 0xd0, 0x2, 0xf0, 0xf, 0x40, 0xb,
    0xc0, 0x3d, 0x0, 0x2f, 0x0, 0xf4, 0x0, 0xbc,
    0x3, 0xd0, 0x2, 0xf0,

    /* U+040C "Ќ" */
    0x0, 0x3, 0xf0, 0x0, 0x0, 0x7d, 0x0, 0x0,
    0xf, 0x40, 0x0, 0x2, 0xd0, 0x0, 0x0, 0x0,
    0x0, 0x0, 0x0, 0x0, 0x0, 0x7c, 0x0, 0xf,
    0x47, 0xc0, 0x3, 0xe0, 0x7c, 0x0, 0xf8, 0x7,
    0xc0, 0x2f, 0x0, 0x7c, 0x7, 0xc0, 0x7, 0xc1,
    0xf4, 0x0, 0x7c, 0x3d, 0x0, 0x7, 0xcf, 0x80,
    0x0, 0x7f, 0xf0, 0x0, 0x7, 0xdf, 0x40, 0x0,
    0x7c, 0xbc, 0x0, 0x7, 0xc3, 0xf0, 0x0, 0x7c,
    0xf, 0xc0, 0x7, 0xc0, 0x3e, 0x0, 0x7c, 0x1,
    0xf4, 0x7, 0xc0, 0xb, 0xc0, 0x7c, 0x0, 0x3f,
    0x7, 0xc0, 0x0, 0xfc,

    /* U+040D "Ѝ" */
    0x1, 0xf4, 0x0, 0x0, 0x2f, 0x0, 0x0, 0x2,
    0xe0, 0x0, 0x0, 0x2c, 0x0, 0x0, 0x0, 0x0,
    0x0, 0x0, 0x0, 0x7, 0xc0, 0x0, 0xfd, 0xf0,
    0x0, 0xbf, 0x7c, 0x0, 0x3f, 0xdf, 0x0, 0x2e,
    0xf7, 0xc0, 0xf, 0x7d, 0xf0, 0xb, 0x8f, 0x7c,
    0x3, 0xc7, 0xdf, 0x2, 0xe1, 0xf7, 0xc0, 0xf0,
    0x7d, 0xf0, 0xb8, 0x1f, 0x7c, 0x3c, 0x7, 0xdf,
    0x2e, 0x1, 0xf7, 0xcf, 0x0, 0x7d, 0xfb, 0x80,
    0x1f, 0x7f, 0xc0, 0x7, 0xdf, 0xe0, 0x1, 0xf7,
    0xf0, 0x0, 0x7d, 0xf8, 0x0, 0x1f,

    /* U+040E "Ў" */
    0x3, 0xd0, 0xb, 0x80, 0x2, 0xe0, 0xf, 0x40,
    0x1, 0xfe, 0xbf, 0x0, 0x0, 0x6f, 0xf4, 0x0,
    0x0, 0x0, 0x0, 0x0, 0x0, 0x0, 0x0, 0x0,
    0x7c, 0x0, 0x0, 0x7c, 0x3e, 0x0, 0x0, 0xf8,
    0x1f, 0x0, 0x1, 0xf0, 0xf, 0x80, 0x2, 0xe0,
    0x7, 0xc0, 0x3, 0xd0, 0x3, 0xe0, 0xb, 0xc0,
    0x1, 0xf0, 0xf, 0x40, 0x0, 0xf8, 0x1f, 0x0,
    0x0, 0x7c, 0x3e, 0x0, 0x0, 0x3e, 0x3c, 0x0,
    0x0, 0x1f, 0xb8, 0x0, 0x0, 0xf, 0xf0, 0x0,
    0x0, 0x7, 0xf0, 0x0, 0x0, 0x3, 0xd0, 0x0,
    0x0, 0xb, 0xc0, 0x0, 0x10, 0x6f, 0x40, 0x0,
    0x3f, 0xfd, 0x0, 0x0, 0x2f, 0xe0, 0x0, 0x0,

    /* U+040F "Џ" */
    0x7c, 0x0, 0x7, 0xdf, 0x0, 0x1, 0xf7, 0xc0,
    0x0, 0x7d, 0xf0, 0x0, 0x1f, 0x7c, 0x0, 0x7,
    0xdf, 0x0, 0x1, 0xf7, 0xc0, 0x0, 0x7d, 0xf0,
    0x0, 0x1f, 0x7c, 0x0, 0x7, 0xdf, 0x0, 0x1,
    0xf7, 0xc0, 0x0, 0x7d, 0xf0, 0x0, 0x1f, 0x7c,
    0x0, 0x7, 0xdf, 0x0, 0x1, 0xf7, 0xc0, 0x0,
    0x7d, 0xf0, 0x0, 0x2f, 0x7f, 0xff, 0xff, 0xdf,
    0xff, 0xff, 0xf0, 0x1, 0xf0, 0x0, 0x0, 0x7c,
    0x0, 0x0, 0x1f, 0x0, 0x0, 0x7, 0xc0, 0x0,
    0x1, 0xf0, 0x0,

    /* U+0410 "А" */
    0x0, 0xb, 0xc0, 0x0, 0x0, 0xf, 0xe0, 0x0,
    0x0, 0x1f, 0xf0, 0x0, 0x0, 0x2d, 0xf0, 0x0,
    0x0, 0x3c, 0xb8, 0x0, 0x0, 0x7c, 0x7c, 0x0,
    0x0, 0xb8, 0x3d, 0x0, 0x0, 0xf0, 0x2e, 0x0,
    0x1, 0xf0, 0x1f, 0x0, 0x2, 0xe0, 0xf, 0x40,
    0x3, 0xff, 0xff, 0x80, 0x7, 0xff, 0xff, 0xc0,
    0xb, 0x80, 0x3, 0xd0, 0xf, 0x0, 0x2, 0xe0,
    0x1f, 0x0, 0x1, 0xf0, 0x2e, 0x0, 0x0, 0xf4,
    0x3d, 0x0, 0x0, 0xb8, 0x7c, 0x0, 0x0, 0x7c,

    /* U+0411 "Б" */
    0x7f, 0xff, 0xff, 0x47, 0xff, 0xff, 0xf4, 0x7c,
    0x0, 0x0, 0x7, 0xc0, 0x0, 0x0, 0x7c, 0x0,
    0x0, 0x7, 0xc0, 0x0, 0x0, 0x7c, 0x0, 0x0,
    0x7, 0xff, 0xfe, 0x40, 0x7f, 0xff, 0xfe, 0x7,
    0xc0, 0x6, 0xf8, 0x7c, 0x0, 0xb, 0xc7, 0xc0,
    0x0, 0x3d, 0x7c, 0x0, 0x3, 0xd7, 0xc0, 0x0,
    0x3d, 0x7c, 0x0, 0xb, 0xc7, 0xc0, 0x2, 0xf8,
    0x7f, 0xff, 0xfe, 0x7, 0xff, 0xfe, 0x40,

    /* U+0412 "В" */
    0x7f, 0xff, 0xe4, 0x7, 0xff, 0xff, 0xf0, 0x7c,
    0x0, 0x2f, 0x87, 0xc0, 0x0, 0xfc, 0x7c, 0x0,
    0xb, 0xc7, 0xc0, 0x0, 0xf8, 0x7c, 0x0, 0x2f,
    0x7, 0xff, 0xff, 0x80, 0x7f, 0xff, 0xf8, 0x7,
    0xc0, 0x2, 0xf4, 0x7c, 0x0, 0xb, 0xc7, 0xc0,
    0x0, 0x3d, 0x7c, 0x0, 0x3, 0xd7, 0xc0, 0x0,
    0x3d, 0x7c, 0x0, 0xb, 0xc7, 0xc0, 0x2, 0xf8,
    0x7f, 0xff, 0xfe, 0x7, 0xff, 0xfe, 0x40,

    /* U+0413 "Г" */
    0xff, 0xff, 0xfb, 0xff, 0xff, 0xef, 0x80, 0x0,
    0x3d, 0x0, 0x0, 0xf4, 0x0, 0x3, 0xd0, 0x0,
    0xf, 0x40, 0x0, 0x3d, 0x0, 0x0, 0xf4, 0x0,
    0x3, 0xd0, 0x0, 0xf, 0x40, 0x0, 0x3d, 0x0,
    0x0, 0xf4, 0x0, 0x3, 0xd0, 0x0, 0xf, 0x40,
    0x0, 0x3d, 0x0, 0x0, 0xf4, 0x0, 0x3, 0xd0,
    0x0, 0x0,

    /* U+0414 "Д" */
    0x0, 0x2f, 0xff, 0xc0, 0x0, 0x2f, 0xff, 0xc0,
    0x0, 0x2e, 0x7, 0xc0, 0x0, 0x3d, 0x7, 0xc0,
    0x0, 0x3d, 0x7, 0xc0, 0x0, 0x3c, 0x7, 0xc0,
    0x0, 0x7c, 0x7, 0xc0, 0x0, 0xb8, 0x7, 0xc0,
    0x0, 0xb8, 0x7, 0xc0, 0x0, 0xf4, 0x7, 0xc0,
    0x1, 0xf0, 0x7, 0xc0, 0x2, 0xe0, 0x7, 0xc0,
    0x3, 0xd0, 0x7, 0xc0, 0x7, 0xc0, 0x7, 0xc0,
    0xf, 0x80, 0x7, 0xc0, 0x1f, 0x0, 0x7, 0xc0,
    0xff, 0xff, 0xff, 0xfe, 0xff, 0xff, 0xff, 0xfe,
    0xf4, 0x0, 0x0, 0x3e, 0xf4, 0x0, 0x0, 0x3e,
    0xf4, 0x0, 0x0, 0x3e, 0xf4, 0x0, 0x0, 0x3e,
    0xf4, 0x0, 0x0, 0x2d,

    /* U+0415 "Е" */
    0x7f, 0xff, 0xfd, 0x7f, 0xff, 0xfd, 0x7c, 0x0,
    0x0, 0x7c, 0x0, 0x0, 0x7c, 0x0, 0x0, 0x7c,
    0x0, 0x0, 0x7c, 0x0, 0x0, 0x7f, 0xff, 0xfc,
    0x7f, 0xff, 0xfc, 0x7c, 0x0, 0x0, 0x7c, 0x0,
    0x0, 0x7c, 0x0, 0x0, 0x7c, 0x0, 0x0, 0x7c,
    0x0, 0x0, 0x7c, 0x0, 0x0, 0x7c, 0x0, 0x0,
    0x7f, 0xff, 0xfd, 0x7f, 0xff, 0xfd,

    /* U+0416 "Ж" */
    0xb8, 0x3, 0xc0, 0x3c, 0x3c, 0x3, 0xc0, 0xb8,
    0x2e, 0x3, 0xc0, 0xf0, 0xf, 0x3, 0xc2, 0xe0,
    0x7, 0x83, 0xc3, 0xc0, 0x3, 0xc3, 0xcb, 0x80,
    0x1, 0xe3, 0xcf, 0x0, 0x0, 0xf7, 0xee, 0x0,
    0x0, 0x7f, 0xfc, 0x0, 0x0, 0xbb, 0xfd, 0x0,
    0x0, 0xf3, 0xdf, 0x0, 0x2, 0xe3, 0xcf, 0x40,
    0x3, 0xc3, 0xc7, 0xc0, 0xb, 0x83, 0xc3, 0xd0,
    0xf, 0x3, 0xc1, 0xf0, 0x2e, 0x3, 0xc0, 0xf4,
    0x3c, 0x3, 0xc0, 0x7c, 0xb8, 0x3, 0xc0, 0x3d,

    /* U+0417 "З" */
    0x2, 0xff, 0xd0, 0xb, 0xff, 0xff, 0x2, 0xd0,
    0x7, 0xf0, 0x0, 0x0, 0x7c, 0x0, 0x0, 0xf,
    0x0, 0x0, 0xb, 0xc0, 0x0, 0x1b, 0xe0, 0x1f,
    0xff, 0xe0, 0x7, 0xff, 0x80, 0x0, 0x0, 0x6e,
    0x0, 0x0, 0x1, 0xf0, 0x0, 0x0, 0x3d, 0x0,
    0x0, 0xf, 0x80, 0x0, 0x3, 0xe0, 0x0, 0x1,
    0xf4, 0xd0, 0x2, 0xfc, 0x3f, 0xff, 0xfc, 0x6,
    0xff, 0xe4, 0x0,

    /* U+0418 "И" */
    0x7c, 0x0, 0xf, 0xdf, 0x0, 0xb, 0xf7, 0xc0,
    0x3, 0xfd, 0xf0, 0x2, 0xef, 0x7c, 0x0, 0xf7,
    0xdf, 0x0, 0xb8, 0xf7, 0xc0, 0x3c, 0x7d, 0xf0,
    0x2e, 0x1f, 0x7c, 0xf, 0x7, 0xdf, 0xb, 0x81,
    0xf7, 0xc3, 0xc0, 0x7d, 0xf2, 0xe0, 0x1f, 0x7c,
    0xf0, 0x7, 0xdf, 0xb8, 0x1, 0xf7, 0xfc, 0x0,
    0x7d, 0xfe, 0x0, 0x1f, 0x7f, 0x0, 0x7, 0xdf,
    0x80, 0x1, 0xf0,

    /* U+0419 "Й" */
    0xf, 0x0, 0x2e, 0x3, 0xe0, 0xf, 0x40, 0x7f,
    0xaf, 0x80, 0x6, 0xff, 0x40, 0x0, 0x0, 0x0,
    0x0, 0x0, 0x0, 0x7, 0xc0, 0x0, 0xfd, 0xf0,
    0x0, 0xbf, 0x7c, 0x0, 0x3f, 0xdf, 0x0, 0x2e,
    0xf7, 0xc0, 0xf, 0x7d, 0xf0, 0xb, 0x8f, 0x7c,
    0x3, 0xc7, 0xdf, 0x2, 0xe1, 0xf7, 0xc0, 0xf0,
    0x7d, 0xf0, 0xb8, 0x1f, 0x7c, 0x3c, 0x7, 0xdf,
    0x2e, 0x1, 0xf7, 0xcf, 0x0, 0x7d, 0xfb, 0x80,
    0x1f, 0x7f, 0xc0, 0x7, 0xdf, 0xe0, 0x1, 0xf7,
    0xf0, 0x0, 0x7d, 0xf8, 0x0, 0x1f,

    /* U+041A "К" */
    0x7c, 0x0, 0xf, 0x47, 0xc0, 0x3, 0xe0, 0x7c,
    0x0, 0xf8, 0x7, 0xc0, 0x2f, 0x0, 0x7c, 0x7,
    0xc0, 0x7, 0xc1, 0xf4, 0x0, 0x7c, 0x3d, 0x0,
    0x7, 0xcf, 0x80, 0x0, 0x7f, 0xf0, 0x0, 0x7,
    0xdf, 0x40, 0x0, 0x7c, 0xbc, 0x0, 0x7, 0xc3,
    0xf0, 0x0, 0x7c, 0xf, 0xc0, 0x7, 0xc0, 0x3e,
    0x0, 0x7c, 0x1, 0xf4, 0x7, 0xc0, 0xb, 0xc0,
    0x7c, 0x0, 0x3f, 0x7, 0xc0, 0x0, 0xfc,

    /* U+041B "Л" */
    0x0, 0x1f, 0xff, 0xf0, 0x1, 0xff, 0xff, 0x0,
    0x2e, 0x2, 0xf0, 0x2, 0xe0, 0x1f, 0x0, 0x3d,
    0x1, 0xf0, 0x3, 0xd0, 0x1f, 0x0, 0x3c, 0x1,
    0xf0, 0x7, 0xc0, 0x1f, 0x0, 0x7c, 0x1, 0xf0,
    0xb, 0x80, 0x1f, 0x0, 0xf8, 0x1, 0xf0, 0xf,
    0x40, 0x1f, 0x0, 0xf0, 0x1, 0xf0, 0x1f, 0x0,
    0x1f, 0x3, 0xe0, 0x1, 0xf0, 0x7d, 0x0, 0x1f,
    0xff, 0x80, 0x1, 0xff, 0xe0, 0x0, 0x1f,

    /* U+041C "М" */
    0xbe, 0x0, 0xf, 0xcb, 0xf0, 0x1, 0xfc, 0xbf,
    0x0, 0x2f, 0xcb, 0xb4, 0x3, 0xec, 0xbb, 0x80,
    0x3e, 0xcb, 0x7c, 0x3, 0xac, 0xb7, 0xc0, 0x77,
    0xcb, 0x6c, 0xb, 0x3c, 0xb5, 0xd0, 0xf3, 0xcb,
    0x4e, 0xe, 0x3c, 0xb4, 0xf1, 0xd3, 0xcb, 0x4b,
    0x2c, 0x3c, 0xb4, 0x76, 0xc3, 0xcb, 0x47, 0x78,
    0x3c, 0xb4, 0x3f, 0x83, 0xcb, 0x43, 0xf4, 0x3c,
    0xb4, 0x2f, 0x3, 0xcb, 0x41, 0xf0, 0x3c,

    /* U+041D "Н" */
    0x7c, 0x0, 0x7, 0xdf, 0x0, 0x1, 0xf7, 0xc0,
    0x0, 0x7d, 0xf0, 0x0, 0x1f, 0x7c, 0x0, 0x7,
    0xdf, 0x0, 0x1, 0xf7, 0xc0, 0x0, 0x7d, 0xff,
    0xff, 0xff, 0x7f, 0xff, 0xff, 0xdf, 0x0, 0x2,
    0xf7, 0xc0, 0x0, 0x7d, 0xf0, 0x0, 0x1f, 0x7c,
    0x0, 0x7, 0xdf, 0x0, 0x1, 0xf7, 0xc0, 0x0,
    0x7d, 0xf0, 0x0, 0x1f, 0x7c, 0x0, 0x7, 0xdf,
    0x0, 0x1, 0xf0,

    /* U+041E "О" */
    0x0, 0xbf, 0xd0, 0x0, 0x7f, 0xff, 0xc0, 0x1f,
    0xd0, 0x7f, 0x3, 0xf0, 0x0, 0xf4, 0x7d, 0x0,
    0xb, 0xcb, 0xc0, 0x0, 0x7c, 0xfc, 0x0, 0x3,
    0xdf, 0x80, 0x0, 0x3d, 0xf8, 0x0, 0x3, 0xef,
    0x80, 0x0, 0x3e, 0xf8, 0x0, 0x3, 0xdf, 0xc0,
    0x0, 0x3d, 0xbc, 0x0, 0x7, 0xc7, 0xd0, 0x0,
    0xbc, 0x3f, 0x0, 0xf, 0x41, 0xfd, 0x7, 0xf0,
    0xb, 0xff, 0xfc, 0x0, 0xb, 0xfd, 0x0,

    /* U+041F "П" */
    0x7f, 0xff, 0xff, 0xdf, 0xff, 0xff, 0xf7, 0xc0,
    0x0, 0xbd, 0xf0, 0x0, 0x1f, 0x7c, 0x0, 0x7,
    0xdf, 0x0, 0x1, 0xf7, 0xc0, 0x0, 0x7d, 0xf0,
    0x0, 0x1f, 0x7c, 0x0, 0x7, 0xdf, 0x0, 0x1,
    0xf7, 0xc0, 0x0, 0x7d, 0xf0, 0x0, 0x1f, 0x7c,
    0x0, 0x7, 0xdf, 0x0, 0x1, 0xf7, 0xc0, 0x0,
    0x7d, 0xf0, 0x0, 0x1f, 0x7c, 0x0, 0x7, 0xdf,
    0x0, 0x1, 0xf0,

    /* U+0420 "Р" */
    0xff, 0xff, 0x80, 0xff, 0xff, 0xf4, 0xf8, 0x1,
    0xfc, 0xf8, 0x0, 0x3e, 0xf8, 0x0, 0x2f, 0xf8,
    0x0, 0x2f, 0xf8, 0x0, 0x2f, 0xf8, 0x0, 0x3d,
    0xf8, 0x1, 0xfc, 0xff, 0xff, 0xf0, 0xff, 0xfe,
    0x40, 0xf8, 0x0, 0x0, 0xf8, 0x0, 0x0, 0xf8,
    0x0, 0x0, 0xf8, 0x0, 0x0, 0xf8, 0x0, 0x0,
    0xf8, 0x0, 0x0, 0xf8, 0x0, 0x0,

    /* U+0421 "С" */
    0x0, 0x1b, 0xff, 0x80, 0xf, 0xff, 0xff, 0x3,
    0xf9, 0x1, 0xc0, 0xfd, 0x0, 0x0, 0x1f, 0x40,
    0x0, 0x3, 0xf0, 0x0, 0x0, 0x3d, 0x0, 0x0,
    0x7, 0xd0, 0x0, 0x0, 0x7c, 0x0, 0x0, 0x7,
    0xc0, 0x0, 0x0, 0x7c, 0x0, 0x0, 0x3, 0xd0,
    0x0, 0x0, 0x3e, 0x0, 0x0, 0x2, 0xf0, 0x0,
    0x0, 0xf, 0xc0, 0x0, 0x0, 0x7f, 0x80, 0x18,
    0x1, 0xff, 0xff, 0xd0, 0x1, 0xff, 0xe4,

    /* U+0422 "Т" */
    0xbf, 0xff, 0xff, 0xdb, 0xff, 0xff, 0xfd, 0x0,
    0x1f, 0x0, 0x0, 0x1, 0xf0, 0x0, 0x0, 0x1f,
    0x0, 0x0, 0x1, 0xf0, 0x0, 0x0, 0x1f, 0x0,
    0x0, 0x1, 0xf0, 0x0, 0x0, 0x1f, 0x0, 0x0,
    0x1, 0xf0, 0x0, 0x0, 0x1f, 0x0, 0x0, 0x1,
    0xf0, 0x0, 0x0, 0x1f, 0x0, 0x0, 0x1, 0xf0,
    0x0, 0x0, 0x1f, 0x0, 0x0, 0x1, 0xf0, 0x0,
    0x0, 0x1f, 0x0, 0x0, 0x1, 0xf0, 0x0,

    /* U+0423 "У" */
    0x7c, 0x0, 0x0, 0x7c, 0x3e, 0x0, 0x0, 0xf8,
    0x1f, 0x0, 0x1, 0xf0, 0xf, 0x80, 0x2, 0xe0,
    0x7, 0xc0, 0x3, 0xd0, 0x3, 0xe0, 0xb, 0xc0,
    0x1, 0xf0, 0xf, 0x40, 0x0, 0xf8, 0x1f, 0x0,
    0x0, 0x7c, 0x3e, 0x0, 0x0, 0x3e, 0x3c, 0x0,
    0x0, 0x1f, 0xb8, 0x0, 0x0, 0xf, 0xf0, 0x0,
    0x0, 0x7, 0xf0, 0x0, 0x0, 0x3, 0xd0, 0x0,
    0x0, 0xb, 0xc0, 0x0, 0x10, 0x6f, 0x40, 0x0,
    0x3f, 0xfd, 0x0, 0x0, 0x2f, 0xe0, 0x0, 0x0,

    /* U+0424 "Ф" */
    0x0, 0x7, 0xc0, 0x0, 0x1, 0xbf, 0xfe, 0x0,
    0xb, 0xff, 0xff, 0xd0, 0x1f, 0x87, 0xc3, 0xf0,
    0x3d, 0x7, 0xc0, 0xf8, 0x7c, 0x7, 0xc0, 0x7c,
    0xb8, 0x7, 0xc0, 0x3c, 0xb8, 0x7, 0xc0, 0x3c,
    0xb8, 0x7, 0xc0, 0x3c, 0xb8, 0x7, 0xc0, 0x3c,
    0x7c, 0x7, 0xc0, 0x7c, 0x3e, 0x7, 0xc0, 0xf8,
    0x1f, 0x87, 0xc7, 0xf0, 0xb, 0xff, 0xff, 0xc0,
    0x1, 0xbf, 0xfe, 0x0, 0x0, 0x7, 0xc0, 0x0,
    0x0, 0x7, 0xc0, 0x0, 0x0, 0x7, 0xc0, 0x0,

    /* U+0425 "Х" */
    0x2f, 0x0, 0x1, 0xf0, 0x3e, 0x0, 0xf, 0x80,
    0x7c, 0x0, 0xbc, 0x0, 0xf8, 0x3, 0xd0, 0x0,
    0xf4, 0x2e, 0x0, 0x2, 0xf1, 0xf0, 0x0, 0x3,
    0xef, 0x40, 0x0, 0x7, 0xf8, 0x0, 0x0, 0xb,
    0xd0, 0x0, 0x0, 0x3f, 0x80, 0x0, 0x2, 0xef,
    0x40, 0x0, 0x1f, 0x2f, 0x0, 0x0, 0xf4, 0x3e,
    0x0, 0xb, 0x80, 0x7c, 0x0, 0x3c, 0x0, 0xfc,
    0x3, 0xe0, 0x0, 0xf4, 0x1f, 0x0, 0x2, 0xf0,
    0xf4, 0x0, 0x3, 0xe0,

    /* U+0426 "Ц" */
    0x7c, 0x0, 0xf, 0x1, 0xf0, 0x0, 0x3c, 0x7,
    0xc0, 0x0, 0xf0, 0x1f, 0x0, 0x3, 0xc0, 0x7c,
    0x0, 0xf, 0x1, 0xf0, 0x0, 0x3c, 0x7, 0xc0,
    0x0, 0xf0, 0x1f, 0x0, 0x3, 0xc0, 0x7c, 0x0,
    0xf, 0x1, 0xf0, 0x0, 0x3c, 0x7, 0xc0, 0x0,
    0xf0, 0x1f, 0x0, 0x3, 0xc0, 0x7c, 0x0, 0xf,
    0x1, 0xf0, 0x0, 0x3c, 0x7, 0xc0, 0x0, 0xf0,
    0x1f, 0x0, 0x7, 0xc0, 0x7f, 0xff, 0xff, 0xf5,
    0xff, 0xff, 0xff, 0xd0, 0x0, 0x0, 0xf, 0x40,
    0x0, 0x0, 0x3d, 0x0, 0x0, 0x0, 0xf4, 0x0,
    0x0, 0x3, 0xd0, 0x0, 0x0, 0xb, 0x40,

    /* U+0427 "Ч" */
    0x7c, 0x0, 0x7, 0xdf, 0x0, 0x1, 0xf7, 0xc0,
    0x0, 0x7d, 0xf0, 0x0, 0x1f, 0x7c, 0x0, 0x7,
    0xdf, 0x0, 0x1, 0xf7, 0xc0, 0x0, 0x7d, 0xf0,
    0x0, 0x1f, 0x3d, 0x0, 0x7, 0xcf, 0xd0, 0x5f,
    0xf1, 0xff, 0xff, 0xfc, 0x1b, 0xfe, 0x1f, 0x0,
    0x0, 0x7, 0xc0, 0x0, 0x1, 0xf0, 0x0, 0x0,
    0x7c, 0x0, 0x0, 0x1f, 0x0, 0x0, 0x7, 0xc0,
    0x0, 0x1, 0xf0,

    /* U+0428 "Ш" */
    0x78, 0x1f, 0x3, 0xc7, 0x81, 0xf0, 0x3c, 0x78,
    0x1f, 0x3, 0xc7, 0x81, 0xf0, 0x3c, 0x78, 0x1f,
    0x3, 0xc7, 0x81, 0xf0, 0x3c, 0x78, 0x1f, 0x3,
    0xc7, 0x81, 0xf0, 0x3c, 0x78, 0x1f, 0x3, 0xc7,
    0x81, 0xf0, 0x3c, 0x78, 0x1f, 0x3, 0xc7, 0x81,
    0xf0, 0x3c, 0x78, 0x1f, 0x3, 0xc7, 0x81, 0xf0,
    0x3c, 0x78, 0x1f, 0x3, 0xc7, 0x81, 0xf0, 0x3c,
    0x7f, 0xff, 0xff, 0xc7, 0xff, 0xff, 0xfc,

    /* U+0429 "Щ" */
    0x3c, 0xf, 0x3, 0xd0, 0x3c, 0xf, 0x3, 0xd0,
    0x3c, 0xf, 0x3, 0xd0, 0x3c, 0xf, 0x3, 0xd0,
    0x3c, 0xf, 0x3, 0xd0, 0x3c, 0xf, 0x3, 0xd0,
    0x3c, 0xf, 0x3, 0xd0, 0x3c, 0xf, 0x3, 0xd0,
    0x3c, 0xf, 0x3, 0xd0, 0x3c, 0xf, 0x3, 0xd0,
    0x3c, 0xf, 0x3, 0xd0, 0x3c, 0xf, 0x3, 0xd0,
    0x3c, 0xf, 0x3, 0xd0, 0x3c, 0xf, 0x3, 0xd0,
    0x3c, 0xf, 0x3, 0xd0, 0x3c, 0xf, 0x3, 0xd0,
    0x3f, 0xff, 0xff, 0xfe, 0x3f, 0xff, 0xff, 0xfe,
    0x0, 0x0, 0x0, 0x2e, 0x0, 0x0, 0x0, 0x2e,
    0x0, 0x0, 0x0, 0x2e, 0x0, 0x0, 0x0, 0x2e,
    0x0, 0x0, 0x0, 0x2e,

    /* U+042A "Ъ" */
    0xbf, 0xf8, 0x0, 0x2, 0xff, 0xe0, 0x0, 0x0,
    0xf, 0x80, 0x0, 0x0, 0x3e, 0x0, 0x0, 0x0,
    0xf8, 0x0, 0x0, 0x3, 0xe0, 0x0, 0x0, 0xf,
    0x80, 0x0, 0x0, 0x3f, 0xfe, 0x0, 0x0, 0xff,
    0xff, 0x80, 0x3, 0xe0, 0x6f, 0x80, 0xf, 0x80,
    0x2f, 0x0, 0x3e, 0x0, 0x3d, 0x0, 0xf8, 0x0,
    0xf4, 0x3, 0xe0, 0x3, 0xd0, 0xf, 0x80, 0x2f,
    0x0, 0x3e, 0x2, 0xf8, 0x0, 0xff, 0xff, 0x80,
    0x3, 0xff, 0xe4, 0x0,

    /* U+042B "Ы" */
    0xf4, 0x0, 0x2, 0xdf, 0x40, 0x0, 0x2d, 0xf4,
    0x0, 0x2, 0xdf, 0x40, 0x0, 0x2d, 0xf4, 0x0,
    0x2, 0xdf, 0x40, 0x0, 0x2d, 0xf4, 0x0, 0x2,
    0xdf, 0xfe, 0x40, 0x2d, 0xff, 0xff, 0x42, 0xdf,
    0x41, 0xfc, 0x2d, 0xf4, 0x3, 0xd2, 0xdf, 0x40,
    0x2e, 0x2d, 0xf4, 0x1, 0xf2, 0xdf, 0x40, 0x2e,
    0x2d, 0xf4, 0x3, 0xd2, 0xdf, 0x41, 0xfc, 0x2d,
    0xff, 0xff, 0x2, 0xdf, 0xff, 0x40, 0x2d,

    /* U+042C "Ь" */
    0xf8, 0x0, 0x0, 0xf8, 0x0, 0x0, 0xf8, 0x0,
    0x0, 0xf8, 0x0, 0x0, 0xf8, 0x0, 0x0, 0xf8,
    0x0, 0x0, 0xf8, 0x0, 0x0, 0xff, 0xff, 0x40,
    0xff, 0xff, 0xf4, 0xf8, 0x1, 0xfc, 0xf8, 0x0,
    0x3e, 0xf8, 0x0, 0x2f, 0xf8, 0x0, 0x2f, 0xf8,
    0x0, 0x2f, 0xf8, 0x0, 0x3e, 0xf8, 0x1, 0xfc,
    0xff, 0xff, 0xf4, 0xff, 0xff, 0x80,

    /* U+042D "Э" */
    0xb, 0xff, 0x80, 0x3, 0xff, 0xff, 0x80, 0x1d,
    0x1, 0xbf, 0x0, 0x0, 0x1, 0xf8, 0x0, 0x0,
    0x7, 0xc0, 0x0, 0x0, 0x3e, 0x0, 0x0, 0x2,
    0xf0, 0x2f, 0xff, 0xff, 0x2, 0xff, 0xff, 0xf0,
    0x0, 0x0, 0x2f, 0x0, 0x0, 0x2, 0xf0, 0x0,
    0x0, 0x3e, 0x0, 0x0, 0x3, 0xd0, 0x0, 0x0,
    0xbc, 0x0, 0x0, 0x2f, 0x82, 0x40, 0x1f, 0xf0,
    0x3f, 0xff, 0xf8, 0x1, 0xbf, 0xf8, 0x0,

    /* U+042E "Ю" */
    0xf4, 0x7, 0xf8, 0xf, 0x41, 0xff, 0xf0, 0xf4,
    0x3e, 0xf, 0x8f, 0x47, 0xc0, 0x3c, 0xf4, 0xb8,
    0x3, 0xdf, 0x4b, 0x80, 0x2d, 0xf4, 0xf4, 0x2,
    0xef, 0xff, 0x40, 0x2e, 0xff, 0xf4, 0x2, 0xef,
    0x4f, 0x40, 0x2e, 0xf4, 0xf4, 0x2, 0xef, 0x4b,
    0x40, 0x2e, 0xf4, 0xb8, 0x2, 0xdf, 0x47, 0x80,
    0x3d, 0xf4, 0x3c, 0x3, 0xcf, 0x43, 0xe0, 0xf8,
    0xf4, 0x1f, 0xff, 0xf, 0x40, 0x7f, 0x80,

    /* U+042F "Я" */
    0x0, 0x6f, 0xff, 0xc0, 0x2f, 0xff, 0xfc, 0x7,
    0xf4, 0x3, 0xc0, 0xfc, 0x0, 0x3c, 0xf, 0x80,
    0x3, 0xc0, 0xf8, 0x0, 0x3c, 0xb, 0xc0, 0x3,
    0xc0, 0x3f, 0x40, 0x3c, 0x0, 0xff, 0xff, 0xc0,
    0x2, 0xff, 0xfc, 0x0, 0x3d, 0x3, 0xc0, 0xb,
    0xc0, 0x3c, 0x0, 0xf4, 0x3, 0xc0, 0x3f, 0x0,
    0x3c, 0x7, 0xd0, 0x3, 0xc0, 0xfc, 0x0, 0x3c,
    0x1f, 0x40, 0x3, 0xc3, 0xf0, 0x0, 0x3c,

    /* U+0430 "а" */
    0x1, 0xff, 0xe0, 0x3, 0xff, 0xff, 0x0, 0x90,
    0x7, 0xe0, 0x0, 0x0, 0x7c, 0x0, 0x0, 0x1f,
    0x0, 0x15, 0xab, 0xc0, 0xbf, 0xff, 0xf0, 0xbe,
    0x0, 0x7c, 0x3d, 0x0, 0x1f, 0x1f, 0x0, 0x7,
    0xc3, 0xc0, 0x3, 0xf0, 0xf8, 0x3, 0xfc, 0x1f,
    0xff, 0xcf, 0x1, 0xff, 0x83, 0xc0,

    /* U+0431 "б" */
    0x0, 0x0, 0x1b, 0x40, 0x6, 0xff, 0xd0, 0x1f,
    0xfe, 0x50, 0x1f, 0xd0, 0x0, 0xf, 0x80, 0x0,
    0x7, 0xc0, 0x0, 0x2, 0xe0, 0x0, 0x0, 0xf4,
    0xbf, 0x80, 0x3d, 0xff, 0xfd, 0xf, 0xf4, 0xf,
    0xc3, 0xf0, 0x0, 0xf4, 0xf4, 0x0, 0x3e, 0x3d,
    0x0, 0xb, 0x8f, 0x40, 0x2, 0xe3, 0xd0, 0x0,
    0xf8, 0xb8, 0x0, 0x3d, 0x1f, 0x0, 0x1f, 0x2,
    0xf0, 0x1f, 0x80, 0x3f, 0xff, 0xc0, 0x2, 0xff,
    0x40,

    /* U+0432 "в" */
    0xff, 0xff, 0xe0, 0x3f, 0xff, 0xff, 0xf, 0x80,
    0x7, 0xd3, 0xe0, 0x0, 0xb8, 0xf8, 0x0, 0x2d,
    0x3e, 0x0, 0x1f, 0xf, 0xff, 0xfd, 0x3, 0xff,
    0xff, 0xe0, 0xf8, 0x0, 0x3e, 0x3e, 0x0, 0x7,
    0xcf, 0x80, 0x1, 0xf3, 0xe0, 0x0, 0xfc, 0xff,
    0xff, 0xfc, 0x3f, 0xff, 0xf8, 0x0,

    /* U+0433 "г" */
    0x7f, 0xff, 0xf1, 0xff, 0xff, 0xc7, 0xc0, 0x0,
    0x1f, 0x0, 0x0, 0x7c, 0x0, 0x1, 0xf0, 0x0,
    0x7, 0xc0, 0x0, 0x1f, 0x0, 0x0, 0x7c, 0x0,
    0x1, 0xf0, 0x0, 0x7, 0xc0, 0x0, 0x1f, 0x0,
    0x0, 0x7c, 0x0, 0x1, 0xf0, 0x0, 0x0,

    /* U+0434 "д" */
    0x0, 0x3f, 0xff, 0x40, 0x0, 0xff, 0xfd, 0x0,
    0x7, 0xc0, 0xf4, 0x0, 0x1e, 0x3, 0xd0, 0x0,
    0xb8, 0xf, 0x40, 0x3, 0xd0, 0x3d, 0x0, 0xf,
    0x0, 0xf4, 0x0, 0x7c, 0x3, 0xd0, 0x2, 0xe0,
    0xf, 0x40, 0xf, 0x0, 0x3d, 0x0, 0xbc, 0x0,
    0xf4, 0x3, 0xc0, 0x3, 0xd0, 0xbf, 0xff, 0xff,
    0xf6, 0xff, 0xff, 0xff, 0xdb, 0x80, 0x0, 0xf,
    0x6e, 0x0, 0x0, 0x3d, 0xb8, 0x0, 0x0, 0xf6,
    0xe0, 0x0, 0x3, 0xd7, 0x80, 0x0, 0xb, 0x40,

    /* U+0435 "е" */
    0x0, 0xbf, 0xe0, 0x0, 0xff, 0xff, 0x40, 0xf8,
    0x2, 0xf0, 0xb8, 0x0, 0x3e, 0x3d, 0x0, 0xb,
    0xcf, 0xff, 0xff, 0xf7, 0xff, 0xff, 0xfd, 0xf0,
    0x0, 0x0, 0x3d, 0x0, 0x0, 0xf, 0x80, 0x0,
    0x2, 0xf0, 0x0, 0x0, 0x3f, 0x40, 0x18, 0x3,
    0xff, 0xff, 0x0, 0x1b, 0xfe, 0x40,

    /* U+0436 "ж" */
    0xb8, 0x3, 0xc0, 0x3d, 0x3d, 0x3, 0xc0, 0xb8,
    0x1f, 0x3, 0xc1, 0xf0, 0xb, 0x83, 0xc3, 0xc0,
    0x3, 0xd3, 0xcb, 0x80, 0x0, 0xf7, 0xdf, 0x0,
    0x0, 0xbf, 0xfc, 0x0, 0x0, 0xfb, 0xfd, 0x0,
    0x1, 0xf3, 0xcf, 0x0, 0x3, 0xc3, 0xcb, 0x80,
    0xb, 0x83, 0xc3, 0xd0, 0x1f, 0x3, 0xc1, 0xf0,
    0x3d, 0x3, 0xc0, 0xf8, 0xbc, 0x3, 0xc0, 0x3d,

    /* U+0437 "з" */
    0x1b, 0xff, 0x40, 0x3f, 0xff, 0xf0, 0x24, 0x1,
    0xf4, 0x0, 0x0, 0xb8, 0x0, 0x0, 0xb8, 0x0,
    0x2, 0xf0, 0x3, 0xff, 0x80, 0x3, 0xff, 0xe0,
    0x0, 0x1, 0xf8, 0x0, 0x0, 0x7c, 0x0, 0x0,
    0x7c, 0x60, 0x0, 0xfc, 0x7f, 0xff, 0xf0, 0x1f,
    0xff, 0x40,

    /* U+0438 "и" */
    0xf0, 0x0, 0xbe, 0xf0, 0x0, 0xfe, 0xf0, 0x3,
    0xfe, 0xf0, 0x7, 0xee, 0xf0, 0xf, 0x6e, 0xf0,
    0x1e, 0x2e, 0xf0, 0x3c, 0x2e, 0xf0, 0xb8, 0x2e,
    0xf0, 0xf0, 0x2e, 0xf2, 0xd0, 0x2e, 0xf7, 0xc0,
    0x2e, 0xff, 0x40, 0x2e, 0xff, 0x0, 0x2e, 0xfd,
    0x0, 0x2e,

    /* U+0439 "й" */
    0x19, 0x0, 0x28, 0x1f, 0x0, 0x7c, 0xf, 0x41,
    0xf8, 0x7, 0xff, 0xf0, 0x0, 0x6a, 0x40, 0x0,
    0x0, 0x0, 0xf0, 0x0, 0xbe, 0xf0, 0x0, 0xfe,
    0xf0, 0x3, 0xfe, 0xf0, 0x7, 0xee, 0xf0, 0xf,
    0x6e, 0xf0, 0x1e, 0x2e, 0xf0, 0x3c, 0x2e, 0xf0,
    0xb8, 0x2e, 0xf0, 0xf0, 0x2e, 0xf2, 0xd0, 0x2e,
    0xf7, 0xc0, 0x2e, 0xff, 0x40, 0x2e, 0xff, 0x0,
    0x2e, 0xfd, 0x0, 0x2e,

    /* U+043A "к" */
    0x7c, 0x0, 0x3f, 0x1f, 0x0, 0x3f, 0x7, 0xc0,
    0x3f, 0x1, 0xf0, 0x3f, 0x0, 0x7c, 0x2f, 0x0,
    0x1f, 0x2f, 0x0, 0x7, 0xef, 0x0, 0x1, 0xf7,
    0xd0, 0x0, 0x7c, 0x7d, 0x0, 0x1f, 0x7, 0xd0,
    0x7, 0xc0, 0x7d, 0x1, 0xf0, 0x7, 0xd0, 0x7c,
    0x0, 0xbd, 0x1f, 0x0, 0xb, 0xd0,

    /* U+043B "л" */
    0x0, 0x7f, 0xff, 0xc0, 0xb, 0xff, 0xfc, 0x0,
    0xb8, 0x3, 0xc0, 0xb, 0x40, 0x3c, 0x0, 0xf4,
    0x3, 0xc0, 0xf, 0x0, 0x3c, 0x0, 0xf0, 0x3,
    0xc0, 0x1f, 0x0, 0x3c, 0x2, 0xe0, 0x3, 0xc0,
    0x3d, 0x0, 0x3c, 0x3, 0xc0, 0x3, 0xc0, 0xbc,
    0x0, 0x3c, 0x6f, 0x0, 0x3, 0xcb, 0xd0, 0x0,
    0x3c, 0x0, 0x0, 0x0, 0x0,

    /* U+043C "м" */
    0xbd, 0x0, 0xb, 0xcb, 0xe0, 0x0, 0xfc, 0xbf,
    0x0, 0x1f, 0xcb, 0xf4, 0x2, 0xfc, 0xb7, 0x80,
    0x3b, 0xcb, 0x7c, 0x7, 0x7c, 0xb6, 0xd0, 0xb3,
    0xcb, 0x4e, 0xf, 0x3c, 0xb4, 0xf1, 0xd3, 0xcb,
    0x4b, 0x2c, 0x3c, 0xb4, 0x37, 0xc3, 0xcb, 0x43,
    0xf4, 0x3c, 0xb4, 0x2f, 0x3, 0xcb, 0x40, 0xf0,
    0x3c,

    /* U+043D "н" */
    0xf4, 0x0, 0x2e, 0xf4, 0x0, 0x2e, 0xf4, 0x0,
    0x2e, 0xf4, 0x0, 0x2e, 0xf4, 0x0, 0x2e, 0xf4,
    0x0, 0x2e, 0xff, 0xff, 0xfe, 0xff, 0xff, 0xfe,
    0xf4, 0x0, 0x2e, 0xf4, 0x0, 0x2e, 0xf4, 0x0,
    0x2e, 0xf4, 0x0, 0x2e, 0xf4, 0x0, 0x2e, 0xf4,
    0x0, 0x2e,

    /* U+043E "о" */
    0x0, 0xbf, 0xd0, 0x0, 0x7f, 0xff, 0xc0, 0x1f,
    0x80, 0x3f, 0x3, 0xe0, 0x0, 0xf4, 0x3c, 0x0,
    0xb, 0xc7, 0xc0, 0x0, 0x7c, 0xbc, 0x0, 0x7,
    0xcb, 0xc0, 0x0, 0x7c, 0x7c, 0x0, 0x7, 0xc3,
    0xc0, 0x0, 0xbc, 0x3e, 0x0, 0xf, 0x40, 0xf8,
    0x3, 0xf0, 0x7, 0xff, 0xfc, 0x0, 0xb, 0xfd,
    0x0,

    /* U+043F "п" */
    0xff, 0xff, 0xfe, 0xff, 0xff, 0xfe, 0xf4, 0x0,
    0x2e, 0xf4, 0x0, 0x2e, 0xf4, 0x0, 0x2e, 0xf4,
    0x0, 0x2e, 0xf4, 0x0, 0x2e, 0xf4, 0x0, 0x2e,
    0xf4, 0x0, 0x2e, 0xf4, 0x0, 0x2e, 0xf4, 0x0,
    0x2e, 0xf4, 0x0, 0x2e, 0xf4, 0x0, 0x2e, 0xf4,
    0x0, 0x2e,

    /* U+0440 "р" */
    0xf0, 0xbf, 0x80, 0xf7, 0xff, 0xf0, 0xfe, 0x0,
    0xfc, 0xfc, 0x0, 0x3d, 0xf8, 0x0, 0x3e, 0xf4,
    0x0, 0x2f, 0xf4, 0x0, 0x2f, 0xf4, 0x0, 0x2f,
    0xf4, 0x0, 0x2f, 0xf8, 0x0, 0x3e, 0xfc, 0x0,
    0x3d, 0xfe, 0x0, 0xfc, 0xf7, 0xff, 0xf0, 0xf4,
    0xbf, 0x80, 0xf4, 0x0, 0x0, 0xf4, 0x0, 0x0,
    0xf4, 0x0, 0x0, 0xf4, 0x0, 0x0, 0xf4, 0x0,
    0x0, 0xf4, 0x0, 0x0,

    /* U+0441 "с" */
    0x0, 0xbf, 0xf8, 0xb, 0xff, 0xfc, 0x2f, 0x90,
    0x18, 0x3e, 0x0, 0x0, 0x7c, 0x0, 0x0, 0xb8,
    0x0, 0x0, 0xf8, 0x0, 0x0, 0xf8, 0x0, 0x0,
    0xb8, 0x0, 0x0, 0x7c, 0x0, 0x0, 0x3e, 0x0,
    0x0, 0x2f, 0x80, 0x18, 0xb, 0xff, 0xfc, 0x0,
    0xbf, 0xe4,

    /* U+0442 "т" */
    0x7f, 0xff, 0xff, 0xc7, 0xff, 0xff, 0xfc, 0x0,
    0x1f, 0x0, 0x0, 0x1, 0xf0, 0x0, 0x0, 0x1f,
    0x0, 0x0, 0x1, 0xf0, 0x0, 0x0, 0x1f, 0x0,
    0x0, 0x1, 0xf0, 0x0, 0x0, 0x1f, 0x0, 0x0,
    0x1, 0xf0, 0x0, 0x0, 0x1f, 0x0, 0x0, 0x1,
    0xf0, 0x0, 0x0, 0x1f, 0x0, 0x0, 0x1, 0xf0,
    0x0,

    /* U+0443 "у" */
    0xb8, 0x0, 0x3, 0xd7, 0xc0, 0x0, 0x7c, 0x3d,
    0x0, 0xf, 0x82, 0xf0, 0x0, 0xf0, 0xf, 0x0,
    0x2f, 0x0, 0xb8, 0x3, 0xd0, 0x7, 0xc0, 0x7c,
    0x0, 0x3d, 0xb, 0x80, 0x1, 0xf0, 0xf0, 0x0,
    0xf, 0x1f, 0x0, 0x0, 0xba, 0xd0, 0x0, 0x3,
    0xfc, 0x0, 0x0, 0x3f, 0x80, 0x0, 0x1, 0xf4,
    0x0, 0x0, 0x1f, 0x0, 0x0, 0x3, 0xe0, 0x0,
    0x0, 0x3c, 0x0, 0x0, 0xf, 0x80, 0x0, 0xbf,
    0xf0, 0x0, 0xb, 0xf8, 0x0, 0x0,

    /* U+0444 "ф" */
    0x0, 0x2, 0x40, 0x0, 0x0, 0xf, 0x0, 0x0,
    0x0, 0x3c, 0x0, 0x0, 0x0, 0xf0, 0x0, 0x0,
    0x3, 0xc0, 0x0, 0x0, 0xf, 0x0, 0x0, 0x7,
    0xff, 0x80, 0x0, 0xff, 0xff, 0xe0, 0xf, 0xc3,
    0xc7, 0xd0, 0x7c, 0xf, 0x7, 0xc3, 0xd0, 0x3c,
    0xf, 0x4f, 0x0, 0xf0, 0x2e, 0x3c, 0x3, 0xc0,
    0xb8, 0xf0, 0xf, 0x2, 0xe3, 0xc0, 0x3c, 0xb,
    0x8f, 0x40, 0xf0, 0x3d, 0x1f, 0x3, 0xc1, 0xf0,
    0x3f, 0xf, 0x1f, 0x80, 0x3f, 0xff, 0xf8, 0x0,
    0x2f, 0xfe, 0x40, 0x0, 0x3, 0xc0, 0x0, 0x0,
    0xf, 0x0, 0x0, 0x0, 0x3c, 0x0, 0x0, 0x0,
    0xf0, 0x0, 0x0, 0x3, 0xc0, 0x0, 0x0, 0xf,
    0x0, 0x0,

    /* U+0445 "х" */
    0x3d, 0x0, 0xf, 0x81, 0xf0, 0x2, 0xf0, 0xb,
    0xc0, 0x7d, 0x0, 0x3e, 0xf, 0x80, 0x0, 0xf6,
    0xf0, 0x0, 0xb, 0xfc, 0x0, 0x0, 0x3f, 0x40,
    0x0, 0x3, 0xf8, 0x0, 0x0, 0xbf, 0xd0, 0x0,
    0x1f, 0x1f, 0x0, 0x3, 0xd0, 0xbc, 0x0, 0xf8,
    0x3, 0xe0, 0x2f, 0x0, 0x1f, 0x47, 0xc0, 0x0,
    0xbc,

    /* U+0446 "ц" */
    0x3c, 0x0, 0x1f, 0x3, 0xc0, 0x1, 0xf0, 0x3c,
    0x0, 0x1f, 0x3, 0xc0, 0x1, 0xf0, 0x3c, 0x0,
    0x1f, 0x3, 0xc0, 0x1, 0xf0, 0x3c, 0x0, 0x1f,
    0x3, 0xc0, 0x1, 0xf0, 0x3c, 0x0, 0x1f, 0x3,
    0xc0, 0x1, 0xf0, 0x3c, 0x0, 0x1f, 0x3, 0xc0,
    0x1, 0xf0, 0x3f, 0xff, 0xff, 0xf3, 0xff, 0xff,
    0xff, 0x0, 0x0, 0x1, 0xf0, 0x0, 0x0, 0x1f,
    0x0, 0x0, 0x1, 0xf0, 0x0, 0x0, 0x1f, 0x0,
    0x0, 0x0, 0xf0,

    /* U+0447 "ч" */
    0x3c, 0x0, 0xf, 0x4f, 0x0, 0x3, 0xd3, 0xc0,
    0x0, 0xf4, 0xf0, 0x0, 0x3d, 0x3c, 0x0, 0xf,
    0x4f, 0x0, 0x3, 0xd3, 0xd0, 0x0, 0xf4, 0xbd,
    0x6, 0xfd, 0xf, 0xff, 0xef, 0x40, 0xbf, 0x83,
    0xd0, 0x0, 0x0, 0xf4, 0x0, 0x0, 0x3d, 0x0,
    0x0, 0xf, 0x40, 0x0, 0x3, 0xd0,

    /* U+0448 "ш" */
    0x78, 0xf, 0x3, 0xc7, 0x80, 0xf0, 0x3c, 0x78,
    0xf, 0x3, 0xc7, 0x80, 0xf0, 0x3c, 0x78, 0xf,
    0x3, 0xc7, 0x80, 0xf0, 0x3c, 0x78, 0xf, 0x3,
    0xc7, 0x80, 0xf0, 0x3c, 0x78, 0xf, 0x3, 0xc7,
    0x80, 0xf0, 0x3c, 0x78, 0xf, 0x3, 0xc7, 0x80,
    0xf0, 0x3c, 0x7f, 0xff, 0xff, 0xc7, 0xff, 0xff,
    0xfc,

    /* U+0449 "щ" */
    0xb4, 0x1e, 0x3, 0xc2, 0xd0, 0x78, 0xf, 0xb,
    0x41, 0xe0, 0x3c, 0x2d, 0x7, 0x80, 0xf0, 0xb4,
    0x1e, 0x3, 0xc2, 0xd0, 0x78, 0xf, 0xb, 0x41,
    0xe0, 0x3c, 0x2d, 0x7, 0x80, 0xf0, 0xb4, 0x1e,
    0x3, 0xc2, 0xd0, 0x78, 0xf, 0xb, 0x41, 0xe0,
    0x3c, 0x2d, 0x7, 0x80, 0xf0, 0xbf, 0xff, 0xff,
    0xf6, 0xff, 0xff, 0xff, 0xd0, 0x0, 0x0, 0xb,
    0x40, 0x0, 0x0, 0x2d, 0x0, 0x0, 0x0, 0xb4,
    0x0, 0x0, 0x2, 0xd0, 0x0, 0x0, 0xb, 0x40,

    /* U+044A "ъ" */
    0x7f, 0xfd, 0x0, 0x1, 0xff, 0xf4, 0x0, 0x0,
    0x3, 0xd0, 0x0, 0x0, 0xf, 0x40, 0x0, 0x0,
    0x3d, 0x0, 0x0, 0x0, 0xf4, 0x0, 0x0, 0x3,
    0xff, 0xf4, 0x0, 0xf, 0xff, 0xfc, 0x0, 0x3d,
    0x1, 0xf4, 0x0, 0xf4, 0x2, 0xe0, 0x3, 0xd0,
    0xb, 0x80, 0xf, 0x40, 0x7d, 0x0, 0x3f, 0xff,
    0xe0, 0x0, 0xff, 0xfd, 0x0,

    /* U+044B "ы" */
    0xb4, 0x0, 0x3, 0xcb, 0x40, 0x0, 0x3c, 0xb4,
    0x0, 0x3, 0xcb, 0x40, 0x0, 0x3c, 0xb4, 0x0,
    0x3, 0xcb, 0x40, 0x0, 0x3c, 0xbf, 0xf9, 0x3,
    0xcb, 0xff, 0xf8, 0x3c, 0xb4, 0x7, 0xc3, 0xcb,
    0x40, 0x2d, 0x3c, 0xb4, 0x2, 0xd3, 0xcb, 0x40,
    0x7c, 0x3c, 0xbf, 0xff, 0x83, 0xcb, 0xff, 0x90,
    0x3c,

    /* U+044C "ь" */
    0x7c, 0x0, 0x0, 0x7c, 0x0, 0x0, 0x7c, 0x0,
    0x0, 0x7c, 0x0, 0x0, 0x7c, 0x0, 0x0, 0x7c,
    0x0, 0x0, 0x7f, 0xff, 0xe0, 0x7f, 0xff, 0xfc,
    0x7c, 0x0, 0x7e, 0x7c, 0x0, 0x2f, 0x7c, 0x0,
    0x2f, 0x7c, 0x0, 0x7e, 0x7f, 0xff, 0xfc, 0x7f,
    0xff, 0xe0,

    /* U+044D "э" */
    0x2f, 0xfe, 0x0, 0x7f, 0xff, 0xd0, 0x24, 0x7,
    0xf0, 0x0, 0x0, 0xfc, 0x0, 0x0, 0x7c, 0x0,
    0x0, 0x3d, 0xb, 0xff, 0xfd, 0xb, 0xff, 0xfd,
    0x0, 0x0, 0x3d, 0x0, 0x0, 0x3c, 0x0, 0x0,
    0xbc, 0x50, 0x7, 0xf0, 0xbf, 0xff, 0xd0, 0x2f,
    0xfe, 0x0,

    /* U+044E "ю" */
    0x78, 0x2, 0xfd, 0x7, 0x80, 0xff, 0xf4, 0x78,
    0x2e, 0x7, 0xc7, 0x83, 0xc0, 0x3d, 0x78, 0x7c,
    0x2, 0xe7, 0x87, 0x80, 0x1e, 0x7f, 0xf8, 0x1,
    0xf7, 0xff, 0x80, 0x1f, 0x78, 0x78, 0x1, 0xe7,
    0x87, 0xc0, 0x2e, 0x78, 0x3c, 0x3, 0xd7, 0x82,
    0xe0, 0x7c, 0x78, 0xf, 0xff, 0x47, 0x80, 0x2f,
    0xd0,

    /* U+044F "я" */
    0x1, 0xff, 0xff, 0x3, 0xff, 0xff, 0xc1, 0xf4,
    0x0, 0xf0, 0xb8, 0x0, 0x3c, 0x3d, 0x0, 0xf,
    0xb, 0x80, 0x3, 0xc1, 0xf4, 0x0, 0xf0, 0x2f,
    0xff, 0xfc, 0x1, 0xff, 0xff, 0x0, 0x7c, 0x3,
    0xc0, 0x3c, 0x0, 0xf0, 0x3e, 0x0, 0x3c, 0x2f,
    0x0, 0xf, 0xf, 0x40, 0x3, 0xc0,

    /* U+0450 "ѐ" */
    0x0, 0xfc, 0x0, 0x0, 0x1f, 0x40, 0x0, 0x1,
    0xf0, 0x0, 0x0, 0x1e, 0x0, 0x0, 0x0, 0x0,
    0x0, 0x0, 0x0, 0x0, 0xb, 0xfe, 0x0, 0xf,
    0xff, 0xf4, 0xf, 0x80, 0x2f, 0xb, 0x80, 0x3,
    0xe3, 0xd0, 0x0, 0xbc, 0xff, 0xff, 0xff, 0x7f,
    0xff, 0xff, 0xdf, 0x0, 0x0, 0x3, 0xd0, 0x0,
    0x0, 0xf8, 0x0, 0x0, 0x2f, 0x0, 0x0, 0x3,
    0xf4, 0x1, 0x80, 0x3f, 0xff, 0xf0, 0x1, 0xbf,
    0xe4,

    /* U+0451 "ё" */
    0x1, 0xe0, 0xb4, 0x0, 0xbc, 0x3e, 0x0, 0x8,
    0x2, 0x0, 0x0, 0x0, 0x0, 0x0, 0xbf, 0xe0,
    0x0, 0xff, 0xff, 0x40, 0xf8, 0x2, 0xf0, 0xb8,
    0x0, 0x3e, 0x3d, 0x0, 0xb, 0xcf, 0xff, 0xff,
    0xf7, 0xff, 0xff, 0xfd, 0xf0, 0x0, 0x0, 0x3d,
    0x0, 0x0, 0xf, 0x80, 0x0, 0x2, 0xf0, 0x0,
    0x0, 0x3f, 0x40, 0x18, 0x3, 0xff, 0xff, 0x0,
    0x1b, 0xfe, 0x40,

    /* U+0452 "ђ" */
    0x6, 0x0, 0x0, 0x0, 0xf4, 0x0, 0x0, 0xaf,
    0xea, 0x80, 0xf, 0xff, 0xfc, 0x0, 0xf, 0x40,
    0x0, 0x0, 0xf4, 0x0, 0x0, 0xf, 0x4b, 0xf9,
    0x0, 0xf7, 0xff, 0xf4, 0xf, 0xf0, 0xb, 0xc0,
    0xfc, 0x0, 0x3d, 0xf, 0x80, 0x3, 0xe0, 0xf4,
    0x0, 0x2e, 0xf, 0x40, 0x2, 0xe0, 0xf4, 0x0,
    0x2e, 0xf, 0x40, 0x2, 0xe0, 0xf4, 0x0, 0x2e,
    0xf, 0x40, 0x2, 0xe0, 0xf4, 0x0, 0x2e, 0xf,
    0x40, 0x2, 0xe0, 0xf4, 0x0, 0x2e, 0x0, 0x0,
    0x2, 0xe0, 0x0, 0x0, 0x2e, 0x0, 0x0, 0x3,
    0xe0, 0x0, 0x0, 0x3d, 0x0, 0x0, 0xff, 0xc0,
    0x0, 0xb, 0xe0,

    /* U+0453 "ѓ" */
    0x0, 0xa, 0x40, 0x0, 0xbc, 0x0, 0x7, 0xc0,
    0x0, 0x3d, 0x0, 0x0, 0x80, 0x0, 0x0, 0x0,
    0x7, 0xff, 0xff, 0x1f, 0xff, 0xfc, 0x7c, 0x0,
    0x1, 0xf0, 0x0, 0x7, 0xc0, 0x0, 0x1f, 0x0,
    0x0, 0x7c, 0x0, 0x1, 0xf0, 0x0, 0x7, 0xc0,
    0x0, 0x1f, 0x0, 0x0, 0x7c, 0x0, 0x1, 0xf0,
    0x0, 0x7, 0xc0, 0x0, 0x1f, 0x0, 0x0,

    /* U+0454 "є" */
    0x0, 0xbf, 0xf8, 0xb, 0xff, 0xfc, 0x2f, 0x90,
    0x18, 0x3e, 0x0, 0x0, 0x7c, 0x0, 0x0, 0xb8,
    0x0, 0x0, 0xff, 0xff, 0xd0, 0xff, 0xff, 0xd0,
    0xb8, 0x0, 0x0, 0x7c, 0x0, 0x0, 0x3d, 0x0,
    0x0, 0x2f, 0x80, 0x18, 0xb, 0xff, 0xfc, 0x0,
    0xbf, 0xf4,

    /* U+0455 "ѕ" */
    0x2, 0xff, 0x90, 0x1f, 0xff, 0xf8, 0x3e, 0x0,
    0x60, 0x3c, 0x0, 0x0, 0x3d, 0x0, 0x0, 0x2f,
    0xd0, 0x0, 0x7, 0xfe, 0x0, 0x0, 0x6f, 0xe0,
    0x0, 0x2, 0xf8, 0x0, 0x0, 0x7c, 0x0, 0x0,
    0x7c, 0x64, 0x0, 0xf8, 0x7f, 0xff, 0xf0, 0x2f,
    0xff, 0x40,

    /* U+0456 "і" */
    0x0, 0x3c, 0x0, 0x0, 0x7d, 0x0, 0x0, 0x28,
    0x0, 0x0, 0x0, 0x0, 0x0, 0x0, 0x0, 0x2f,
    0xfc, 0x0, 0x1a, 0xfc, 0x0, 0x0, 0x3c, 0x0,
    0x0, 0x3c, 0x0, 0x0, 0x3c, 0x0, 0x0, 0x3c,
    0x0, 0x0, 0x3c, 0x0, 0x0, 0x3c, 0x0, 0x0,
    0x3c, 0x0, 0x0, 0x3c, 0x0, 0x0, 0x3c, 0x0,
    0x0, 0x3c, 0x0, 0x6a, 0xbe, 0xa9, 0xbf, 0xff,
    0xfe,

    /* U+0457 "ї" */
    0xb, 0x43, 0xc0, 0xf, 0x83, 0xd0, 0x2, 0x1,
    0x40, 0x0, 0x0, 0x0, 0x2f, 0xfc, 0x0, 0x1a,
    0xfc, 0x0, 0x0, 0x3c, 0x0, 0x0, 0x3c, 0x0,
    0x0, 0x3c, 0x0, 0x0, 0x3c, 0x0, 0x0, 0x3c,
    0x0, 0x0, 0x3c, 0x0, 0x0, 0x3c, 0x0, 0x0,
    0x3c, 0x0, 0x0, 0x3c, 0x0, 0x0, 0x3c, 0x0,
    0x6a, 0xbe, 0xa9, 0xbf, 0xff, 0xfe,

    /* U+0458 "ј" */
    0x0, 0x1, 0xd0, 0x0, 0x3f, 0x0, 0x2, 0xd0,
    0x0, 0x0, 0x0, 0x0, 0x0, 0x0, 0x0, 0xf,
    0xff, 0xf0, 0xaa, 0xbf, 0x0, 0x1, 0xf0, 0x0,
    0x1f, 0x0, 0x1, 0xf0, 0x0, 0x1f, 0x0, 0x1,
    0xf0, 0x0, 0x1f, 0x0, 0x1, 0xf0, 0x0, 0x1f,
    0x0, 0x1, 0xf0, 0x0, 0x1f, 0x0, 0x1, 0xf0,
    0x0, 0x1f, 0x0, 0x1, 0xf0, 0x0, 0x2f, 0x0,
    0x2, 0xe0, 0x0, 0xbd, 0x7f, 0xff, 0x82, 0xff,
    0x90,

    /* U+0459 "љ" */
    0x7, 0xff, 0xc0, 0x0, 0x1f, 0xff, 0x0, 0x0,
    0x78, 0x3c, 0x0, 0x1, 0xe0, 0xf0, 0x0, 0xb,
    0x43, 0xc0, 0x0, 0x2d, 0xf, 0x0, 0x0, 0xb4,
    0x3f, 0xf8, 0x3, 0xc0, 0xff, 0xfc, 0xf, 0x3,
    0xc0, 0xbc, 0x3c, 0xf, 0x0, 0xf0, 0xf0, 0x3c,
    0x3, 0xc7, 0x80, 0xf0, 0x2e, 0xbd, 0x3, 0xff,
    0xf3, 0xe0, 0xf, 0xfe, 0x0, 0x0, 0x0, 0x0,
    0x0,

    /* U+045A "њ" */
    0xb4, 0xf, 0x40, 0x2, 0xd0, 0x3d, 0x0, 0xb,
    0x40, 0xf4, 0x0, 0x2d, 0x3, 0xd0, 0x0, 0xb4,
    0xf, 0x40, 0x2, 0xd0, 0x3d, 0x0, 0xb, 0xff,
    0xff, 0xe0, 0x2f, 0xff, 0xff, 0xf4, 0xb4, 0xf,
    0x42, 0xf2, 0xd0, 0x3d, 0x3, 0xcb, 0x40, 0xf4,
    0xf, 0x2d, 0x3, 0xd0, 0xbc, 0xb4, 0xf, 0xff,
    0xd2, 0xd0, 0x3f, 0xf8, 0x0,

    /* U+045B "ћ" */
    0x6, 0x0, 0x0, 0x0, 0xf4, 0x0, 0x0, 0xf,
    0x40, 0x0, 0xf, 0xff, 0xfe, 0x0, 0xaf, 0xea,
    0x90, 0x0, 0xf4, 0x0, 0x0, 0xf, 0x4b, 0xfd,
    0x0, 0xf7, 0xff, 0xf8, 0xf, 0xf0, 0xf, 0xc0,
    0xfc, 0x0, 0x3d, 0xf, 0x80, 0x3, 0xe0, 0xf4,
    0x0, 0x2e, 0xf, 0x40, 0x2, 0xe0, 0xf4, 0x0,
    0x2e, 0xf, 0x40, 0x2, 0xe0, 0xf4, 0x0, 0x2e,
    0xf, 0x40, 0x2, 0xe0, 0xf4, 0x0, 0x2e, 0xf,
    0x40, 0x2, 0xe0, 0xf4, 0x0, 0x2e,

    /* U+045C "ќ" */
    0x0, 0x2, 0x80, 0x0, 0x3, 0xf0, 0x0, 0x1,
    0xf0, 0x0, 0x0, 0xf0, 0x0, 0x0, 0x50, 0x0,
    0x0, 0x0, 0x0, 0x7, 0xc0, 0x2, 0xf1, 0xf0,
    0x2, 0xf0, 0x7c, 0x2, 0xf0, 0x1f, 0x2, 0xf0,
    0x7, 0xc2, 0xf0, 0x1, 0xf1, 0xf0, 0x0, 0x7d,
    0xf4, 0x0, 0x1f, 0xff, 0x0, 0x7, 0xf3, 0xf0,
    0x1, 0xf0, 0x3f, 0x0, 0x7c, 0x3, 0xe0, 0x1f,
    0x0, 0x3e, 0x7, 0xc0, 0x7, 0xd1, 0xf0, 0x0,
    0x7d,

    /* U+045D "ѝ" */
    0x6, 0x80, 0x0, 0x3, 0xe0, 0x0, 0x1, 0xf0,
    0x0, 0x0, 0x7c, 0x0, 0x0, 0x8, 0x0, 0x0,
    0x0, 0x0, 0xf0, 0x0, 0xbe, 0xf0, 0x0, 0xfe,
    0xf0, 0x3, 0xfe, 0xf0, 0x7, 0xee, 0xf0, 0xf,
    0x6e, 0xf0, 0x1e, 0x2e, 0xf0, 0x3c, 0x2e, 0xf0,
    0xb8, 0x2e, 0xf0, 0xf0, 0x2e, 0xf2, 0xd0, 0x2e,
    0xf7, 0xc0, 0x2e, 0xff, 0x40, 0x2e, 0xff, 0x0,
    0x2e, 0xfd, 0x0, 0x2e,

    /* U+045E "ў" */
    0x6, 0x0, 0x19, 0x0, 0xf8, 0x3, 0xe0, 0x7,
    0xfa, 0xfc, 0x0, 0x1b, 0xfe, 0x0, 0x0, 0x0,
    0x0, 0x0, 0x0, 0x0, 0x0, 0xb8, 0x0, 0x3,
    0xd7, 0xc0, 0x0, 0x7c, 0x3d, 0x0, 0xf, 0x82,
    0xf0, 0x0, 0xf0, 0xf, 0x0, 0x2f, 0x0, 0xb8,
    0x3, 0xd0, 0x7, 0xc0, 0x7c, 0x0, 0x3d, 0xb,
    0x80, 0x1, 0xf0, 0xf0, 0x0, 0xf, 0x1f, 0x0,
    0x0, 0xba, 0xd0, 0x0, 0x3, 0xfc, 0x0, 0x0,
    0x3f, 0x80, 0x0, 0x1, 0xf4, 0x0, 0x0, 0x1f,
    0x0, 0x0, 0x3, 0xe0, 0x0, 0x0, 0x3c, 0x0,
    0x0, 0xf, 0x80, 0x0, 0xbf, 0xf0, 0x0, 0xb,
    0xf8, 0x0, 0x0,

    /* U+045F "џ" */
    0xf4, 0x0, 0x2e, 0xf4, 0x0, 0x2e, 0xf4, 0x0,
    0x2e, 0xf4, 0x0, 0x2e, 0xf4, 0x0, 0x2e, 0xf4,
    0x0, 0x2e, 0xf4, 0x0, 0x2e, 0xf4, 0x0, 0x2e,
    0xf4, 0x0, 0x2e, 0xf4, 0x0, 0x2e, 0xf4, 0x0,
    0x2e, 0xf4, 0x0, 0x2e, 0xff, 0xff, 0xfe, 0xff,
    0xff, 0xfe, 0x0, 0x7c, 0x0, 0x0, 0x7c, 0x0,
    0x0, 0x7c, 0x0, 0x0, 0x7c, 0x0, 0x0, 0x7c,
    0x0,

    /* U+0460 "Ѡ" */
    0xb, 0xe0, 0xfd, 0x2, 0xfe, 0xf, 0xf4, 0x3d,
    0x0, 0xb, 0x87, 0xc0, 0x0, 0x3c, 0xb8, 0x0,
    0x3, 0xdf, 0x40, 0x0, 0x3d, 0xf4, 0x0, 0x2,
    0xdf, 0x40, 0x0, 0x2e, 0xf4, 0x0, 0x2, 0xef,
    0x40, 0x0, 0x2e, 0xf4, 0x1f, 0x2, 0xef, 0x41,
    0xf0, 0x3d, 0xb8, 0x1f, 0x3, 0xdb, 0x81, 0xf0,
    0x3c, 0x7c, 0x1f, 0x7, 0xc3, 0xe1, 0xf0, 0xf8,
    0x1f, 0xff, 0xff, 0x0, 0x7e, 0x1f, 0xc0,

    /* U+0461 "ѡ" */
    0x3c, 0x7, 0x40, 0xe, 0x2d, 0x3, 0x80, 0xe,
    0x1e, 0x3, 0xc0, 0x1e, 0xf, 0x2, 0xc0, 0x1e,
    0xf, 0x1, 0xd0, 0x1d, 0xb, 0x41, 0xe0, 0x2d,
    0x7, 0x81, 0xf0, 0x2c, 0x3, 0xc2, 0xf0, 0x3c,
    0x3, 0xc3, 0xf4, 0x38, 0x2, 0xc7, 0x78, 0xb4,
    0x1, 0xdb, 0x3c, 0xf0, 0x0, 0xee, 0x2d, 0xd0,
    0x0, 0xfd, 0x1f, 0xc0, 0x0, 0xbc, 0xf, 0x40,

    /* U+0462 "Ѣ" */
    0x0, 0x60, 0x0, 0x0, 0x3, 0xd0, 0x0, 0x0,
    0xf, 0x40, 0x0, 0x0, 0x3d, 0x0, 0x0, 0xff,
    0xff, 0xfd, 0x3, 0xff, 0xff, 0xf4, 0x0, 0xf,
    0x40, 0x0, 0x0, 0x3d, 0x0, 0x0, 0x0, 0xf4,
    0x0, 0x0, 0x3, 0xff, 0xe4, 0x0, 0xf, 0xff,
    0xf8, 0x0, 0x3d, 0x6, 0xf8, 0x0, 0xf4, 0x2,
    0xf0, 0x3, 0xd0, 0x3, 0xd0, 0xf, 0x40, 0xf,
    0x40, 0x3d, 0x0, 0x3d, 0x0, 0xf4, 0x2, 0xf0,
    0x3, 0xd0, 0x2f, 0x80, 0xf, 0xff, 0xfc, 0x0,
    0x3f, 0xfe, 0x40,

    /* U+0463 "ѣ" */
    0x1, 0x90, 0x0, 0x0, 0xb, 0x80, 0x0, 0x0,
    0x2e, 0x0, 0x0, 0x3f, 0xff, 0xf4, 0x0, 0xbf,
    0xff, 0xd0, 0x0, 0xb, 0x80, 0x0, 0x0, 0x2e,
    0x0, 0x0, 0x0, 0xb8, 0x0, 0x0, 0x2, 0xe0,
    0x0, 0x0, 0xb, 0xff, 0xf8, 0x0, 0x2f, 0xff,
    0xfd, 0x0, 0xb8, 0x0, 0xfc, 0x2, 0xe0, 0x1,
    0xf0, 0xb, 0x80, 0x7, 0xc0, 0x2e, 0x0, 0x3f,
    0x0, 0xbf, 0xff, 0xf0, 0x2, 0xff, 0xfe, 0x0,

    /* U+0464 "Ѥ" */
    0xf4, 0x0, 0xbf, 0xd3, 0xd0, 0x1f, 0xff, 0xcf,
    0x41, 0xf8, 0x5, 0x3d, 0xf, 0x80, 0x0, 0xf4,
    0x7c, 0x0, 0x3, 0xd2, 0xe0, 0x0, 0xf, 0x4b,
    0x40, 0x0, 0x3f, 0xff, 0xff, 0xd0, 0xff, 0xff,
    0xff, 0x43, 0xd3, 0xd0, 0x0, 0xf, 0x4f, 0x40,
    0x0, 0x3d, 0x2e, 0x0, 0x0, 0xf4, 0x7c, 0x0,
    0x3, 0xd0, 0xf0, 0x0, 0xf, 0x43, 0xe0, 0x0,
    0x3d, 0x7, 0xe0, 0x14, 0xf4, 0x7, 0xff, 0xe3,
    0xd0, 0x6, 0xff, 0x40,

    /* U+0465 "ѥ" */
    0xf0, 0x2, 0xff, 0x7c, 0x7, 0xff, 0xdf, 0x3,
    0xe0, 0x13, 0xc1, 0xe0, 0x0, 0xf0, 0xf4, 0x0,
    0x3c, 0x3c, 0x0, 0xf, 0xff, 0xff, 0xd3, 0xff,
    0xff, 0xf4, 0xf0, 0xf0, 0x0, 0x3c, 0x3d, 0x0,
    0xf, 0xb, 0x80, 0x3, 0xc0, 0xf8, 0x4, 0xf0,
    0x1f, 0xff, 0x7c, 0x0, 0xbf, 0x80,

    /* U+0466 "Ѧ" */
    0x0, 0xb, 0xc0, 0x0, 0x0, 0xf, 0xe0, 0x0,
    0x0, 0x1e, 0xf0, 0x0, 0x0, 0x2c, 0xb4, 0x0,
    0x0, 0x3c, 0x78, 0x0, 0x0, 0x78, 0x3c, 0x0,
    0x0, 0xf0, 0x2d, 0x0, 0x0, 0xff, 0xfe, 0x0,
    0x2, 0xff, 0xff, 0x0, 0x3, 0xc7, 0xcb, 0x40,
    0x3, 0xc7, 0xc3, 0xc0, 0xb, 0x47, 0xc3, 0xc0,
    0xf, 0x7, 0xc2, 0xe0, 0x1f, 0x7, 0xc0, 0xf0,
    0x2d, 0x7, 0xc0, 0xf4, 0x3c, 0x7, 0xc0, 0xb8,
    0x7c, 0x7, 0xc0, 0x3c, 0xf4, 0x7, 0xc0, 0x3d,

    /* U+0467 "ѧ" */
    0x0, 0xf, 0xd0, 0x0, 0x0, 0x7f, 0xc0, 0x0,
    0x2, 0xdf, 0x0, 0x0, 0xf, 0x2e, 0x0, 0x0,
    0x78, 0x3c, 0x0, 0x3, 0xd0, 0xf4, 0x0, 0xf,
    0xff, 0xf0, 0x0, 0xbf, 0xff, 0xc0, 0x3, 0xc7,
    0xcb, 0x80, 0x1f, 0x1f, 0x1f, 0x0, 0xf4, 0x7c,
    0x3d, 0x3, 0xc1, 0xf0, 0xbc, 0x2e, 0x7, 0xc0,
    0xf0, 0xf4, 0x1f, 0x3, 0xe0,

    /* U+0468 "Ѩ" */
    0xf4, 0x0, 0xf4, 0x0, 0xf4, 0x1, 0xfc, 0x0,
    0xf4, 0x2, 0xfc, 0x0, 0xf4, 0x3, 0xed, 0x0,
    0xf4, 0x3, 0xce, 0x0, 0xf4, 0x7, 0x8f, 0x0,
    0xf4, 0xf, 0xb, 0x0, 0xff, 0xff, 0xff, 0x40,
    0xff, 0xff, 0xff, 0x80, 0xf4, 0x2e, 0xf7, 0xc0,
    0xf4, 0x3d, 0xf7, 0xc0, 0xf4, 0x3c, 0xf6, 0xd0,
    0xf4, 0x7c, 0xf5, 0xe0, 0xf4, 0xb8, 0xf4, 0xf0,
    0xf4, 0xf4, 0xf4, 0xf4, 0xf4, 0xf0, 0xf4, 0xb8,
    0xf5, 0xf0, 0xf4, 0x7c, 0xf6, 0xe0, 0xf4, 0x3c,

    /* U+0469 "ѩ" */
    0x78, 0x0, 0xfc, 0x0, 0x78, 0x0, 0xfc, 0x0,
    0x78, 0x2, 0xee, 0x0, 0x78, 0x3, 0xcf, 0x0,
    0x78, 0x3, 0xcf, 0x0, 0x78, 0x7, 0x87, 0x80,
    0x7f, 0xff, 0xff, 0xc0, 0x7f, 0xff, 0xff, 0xc0,
    0x78, 0x1e, 0xba, 0xe0, 0x78, 0x3c, 0xb8, 0xf0,
    0x78, 0x3c, 0xb8, 0xf0, 0x78, 0x78, 0xb8, 0xb8,
    0x78, 0xf0, 0xb8, 0x3c, 0x78, 0xf0, 0xb8, 0x3c,

    /* U+046A "Ѫ" */
    0x1f, 0xff, 0xff, 0xf0, 0x1f, 0xff, 0xff, 0xf0,
    0xf, 0x40, 0x3, 0xe0, 0x3, 0xc0, 0x7, 0xc0,
    0x1, 0xf0, 0xf, 0x0, 0x0, 0xf4, 0x3d, 0x0,
    0x0, 0x3c, 0x78, 0x0, 0x0, 0x2f, 0xf4, 0x0,
    0x2, 0xff, 0xff, 0x40, 0x7, 0xeb, 0xdf, 0xc0,
    0xf, 0x47, 0xc2, 0xe0, 0x1f, 0x7, 0xc1, 0xf0,
    0x2e, 0x7, 0xc0, 0xf0, 0x3d, 0x7, 0xc0, 0xb4,
    0x3c, 0x7, 0xc0, 0x78, 0x7c, 0x7, 0xc0, 0x3c,
    0xb8, 0x7, 0xc0, 0x3c, 0xf4, 0x7, 0xc0, 0x2d,

    /* U+046B "ѫ" */
    0xf, 0xff, 0xff, 0xf0, 0xf, 0xff, 0xff, 0xe0,
    0x3, 0xc0, 0xb, 0xc0, 0x1, 0xf0, 0x1f, 0x0,
    0x0, 0xbc, 0x7c, 0x0, 0x0, 0x3e, 0xf4, 0x0,
    0x1, 0xff, 0xff, 0x0, 0x7, 0xeb, 0xdb, 0xc0,
    0xf, 0x47, 0xc3, 0xe0, 0x1f, 0x7, 0xc1, 0xf0,
    0x2e, 0x7, 0xc0, 0xf4, 0x3d, 0x7, 0xc0, 0xb8,
    0x7c, 0x7, 0xc0, 0x7c, 0xb8, 0x7, 0xc0, 0x3d,

    /* U+046C "Ѭ" */
    0xf4, 0xff, 0xff, 0xfb, 0xd3, 0xff, 0xff, 0xdf,
    0x4b, 0x80, 0xf, 0x3d, 0xf, 0x0, 0xb4, 0xf4,
    0x1e, 0x3, 0xc3, 0xd0, 0x2c, 0x2c, 0xf, 0x40,
    0x38, 0xe0, 0x3f, 0xff, 0xff, 0xd0, 0xff, 0xff,
    0xff, 0xd3, 0xd1, 0xf3, 0xdb, 0xcf, 0x4b, 0x8f,
    0x4f, 0x3d, 0x3d, 0x3d, 0x3c, 0xf4, 0xf4, 0xf4,
    0xf7, 0xd3, 0xc3, 0xd2, 0xdf, 0x4f, 0xf, 0x4b,
    0xbd, 0x3c, 0x3d, 0x2e, 0xf5, 0xf0, 0xf4, 0x7f,
    0xd7, 0x83, 0xd1, 0xf0,

    /* U+046D "ѭ" */
    0x78, 0x7f, 0xff, 0xf4, 0x78, 0x7f, 0xff, 0xf4,
    0x78, 0x2d, 0x1, 0xe0, 0x78, 0xf, 0x3, 0xc0,
    0x78, 0x7, 0x8b, 0x40, 0x78, 0x3, 0xef, 0x0,
    0x7f, 0xff, 0xff, 0x80, 0x7f, 0xff, 0xff, 0xe0,
    0x78, 0x3c, 0x78, 0xf0, 0x78, 0x7c, 0x78, 0xb4,
    0x78, 0xb8, 0x78, 0x78, 0x78, 0xb4, 0x78, 0x7c,
    0x78, 0xf0, 0x78, 0x3c, 0x78, 0xf0, 0x78, 0x3d,

    /* U+046E "Ѯ" */
    0x0, 0x0, 0x0, 0x1, 0xe0, 0x2f, 0x0, 0x2e,
    0x3e, 0x40, 0x2, 0xfd, 0x0, 0x1, 0xbf, 0x90,
    0xb, 0xff, 0xff, 0x3, 0xe0, 0xb, 0xe0, 0x0,
    0x0, 0xbc, 0x0, 0x0, 0x1f, 0x0, 0x0, 0x7,
    0xc0, 0x0, 0x3, 0xe0, 0x0, 0x7, 0xf0, 0x7,
    0xff, 0x90, 0x1, 0xff, 0xf8, 0x0, 0x0, 0x1b,
    0xd0, 0x0, 0x0, 0xbc, 0x0, 0x0, 0xf, 0x40,
    0x0, 0x3, 0xd0, 0x0, 0x0, 0xf4, 0x0, 0x0,
    0xbc, 0x0, 0x0, 0xbe, 0x1, 0xbf, 0xfe, 0x2,
    0xff, 0xf9, 0x1, 0xf8, 0x0, 0x0, 0x7c, 0x0,
    0x0, 0x1f, 0x40, 0x0, 0x3, 0xff, 0xff, 0xf0,
    0x2f, 0xff, 0xfd, 0x0, 0x0, 0x1, 0x0,

    /* U+046F "ѯ" */
    0x6, 0x0, 0x14, 0x0, 0xf0, 0x3f, 0x0, 0x1f,
    0x7d, 0x0, 0x2, 0xfe, 0x0, 0xb, 0xff, 0xe0,
    0x3, 0xfe, 0xff, 0x0, 0x50, 0x3, 0xd0, 0x0,
    0x0, 0xb8, 0x0, 0x0, 0x2d, 0x0, 0x0, 0x2f,
    0x0, 0xf, 0xfe, 0x0, 0x3, 0xff, 0xe0, 0x0,
    0x0, 0x7e, 0x0, 0x0, 0x7, 0xc0, 0x0, 0x0,
    0xf0, 0x0, 0x0, 0xfc, 0x6, 0xff, 0xfc, 0xb,
    0xff, 0xe4, 0x3, 0xd0, 0x0, 0x0, 0xf0, 0x0,
    0x0, 0x3f, 0xff, 0xfe, 0x2, 0xff, 0xff, 0xc0,
    0x0, 0x0, 0x0,

    /* U+0470 "Ѱ" */
    0x7c, 0x7, 0xc0, 0x7d, 0xf0, 0x1f, 0x1, 0xf7,
    0xc0, 0x7c, 0x7, 0xdf, 0x1, 0xf0, 0x1f, 0x7c,
    0x7, 0xc0, 0x7d, 0xf0, 0x1f, 0x1, 0xf3, 0xc0,
    0x7c, 0x7, 0xcf, 0x1, 0xf0, 0x1f, 0x3d, 0x7,
    0xc0, 0xf8, 0xbd, 0x1f, 0xb, 0xc0, 0xff, 0xff,
    0xfd, 0x0, 0x7f, 0xff, 0x80, 0x0, 0x7, 0xc0,
    0x0, 0x0, 0x1f, 0x0, 0x0, 0x0, 0x7c, 0x0,
    0x0, 0x1, 0xf0, 0x0, 0x0, 0x7, 0xc0, 0x0,
    0x0, 0x1f, 0x0, 0x0,

    /* U+0471 "ѱ" */
    0x0, 0x9, 0x0, 0x0, 0x1, 0xe0, 0x0, 0x0,
    0x1e, 0x0, 0x0, 0x1, 0xe0, 0x0, 0x0, 0x1e,
    0x0, 0x0, 0x1, 0xe0, 0x0, 0xf0, 0x1e, 0x3,
    0xcf, 0x1, 0xe0, 0x3c, 0xf0, 0x1e, 0x3, 0xdf,
    0x1, 0xe0, 0x2d, 0xf0, 0x1e, 0x2, 0xef, 0x1,
    0xe0, 0x2e, 0xf0, 0x1e, 0x2, 0xef, 0x1, 0xe0,
    0x2e, 0xf4, 0x1e, 0x2, 0xef, 0x81, 0xe0, 0x3d,
    0xbc, 0x1e, 0x7, 0xc3, 0xe1, 0xe1, 0xf8, 0x1f,
    0xff, 0xff, 0x0, 0x6f, 0xff, 0x40, 0x0, 0x1e,
    0x0, 0x0, 0x1, 0xe0, 0x0, 0x0, 0x1e, 0x0,
    0x0, 0x1, 0xe0, 0x0, 0x0, 0x1e, 0x0, 0x0,
    0x1, 0xe0, 0x0,

    /* U+0472 "Ѳ" */
    0x0, 0xbf, 0xd0, 0x0, 0x7f, 0xff, 0xc0, 0x1f,
    0x90, 0x7f, 0x3, 0xe0, 0x0, 0xf4, 0x7c, 0x0,
    0x7, 0xcb, 0xc0, 0x0, 0x3c, 0xf8, 0x0, 0x3,
    0xdf, 0xff, 0xff, 0xfd, 0xff, 0xff, 0xff, 0xef,
    0x80, 0x0, 0x3e, 0xf8, 0x0, 0x3, 0xdf, 0xc0,
    0x0, 0x3d, 0xbc, 0x0, 0x7, 0xc7, 0xd0, 0x0,
    0xbc, 0x3f, 0x0, 0x1f, 0x41, 0xfd, 0x7, 0xf0,
    0x7, 0xff, 0xfc, 0x0, 0xb, 0xfd, 0x0,

    /* U+0473 "ѳ" */
    0x0, 0xbf, 0xd0, 0x0, 0x7f, 0xff, 0xc0, 0x1f,
    0x80, 0x7f, 0x3, 0xe0, 0x0, 0xf4, 0x3c, 0x0,
    0xb, 0xc7, 0xc0, 0x0, 0x7c, 0xbf, 0xff, 0xff,
    0xcb, 0xff, 0xff, 0xfc, 0x7c, 0x0, 0x7, 0xc3,
    0xc0, 0x0, 0xbc, 0x3e, 0x0, 0xf, 0x40, 0xf8,
    0x3, 0xf0, 0x7, 0xff, 0xfc, 0x0, 0xb, 0xfd,
    0x0,

    /* U+0474 "Ѵ" */
    0x3d, 0x0, 0x0, 0x2f, 0x8b, 0x80, 0x0, 0x3f,
    0xe1, 0xf0, 0x0, 0x1f, 0x0, 0x3d, 0x0, 0xf,
    0x40, 0xf, 0x80, 0x3, 0xc0, 0x1, 0xf0, 0x2,
    0xf0, 0x0, 0x3c, 0x0, 0xf8, 0x0, 0xf, 0x80,
    0x3d, 0x0, 0x1, 0xf0, 0x1f, 0x0, 0x0, 0x3c,
    0xb, 0x80, 0x0, 0xf, 0x43, 0xd0, 0x0, 0x2,
    0xe0, 0xf0, 0x0, 0x0, 0x3c, 0x7c, 0x0, 0x0,
    0xf, 0x6d, 0x0, 0x0, 0x2, 0xef, 0x0, 0x0,
    0x0, 0x7f, 0xc0, 0x0, 0x0, 0xf, 0xe0, 0x0,
    0x0, 0x2, 0xf4, 0x0, 0x0,

    /* U+0475 "ѵ" */
    0xf8, 0x0, 0x2, 0xf1, 0xf0, 0x0, 0x2f, 0x83,
    0xd0, 0x0, 0xf0, 0xb, 0x80, 0x7, 0x80, 0x1f,
    0x0, 0x3d, 0x0, 0x3d, 0x0, 0xf0, 0x0, 0xbc,
    0x7, 0x80, 0x0, 0xf0, 0x2d, 0x0, 0x2, 0xe0,
    0xf0, 0x0, 0x7, 0xc7, 0x80, 0x0, 0xf, 0x2d,
    0x0, 0x0, 0x2d, 0xf0, 0x0, 0x0, 0x3f, 0x80,
    0x0, 0x0, 0xfd, 0x0, 0x0,

    /* U+0476 "Ѷ" */
    0xb, 0xc3, 0xe0, 0x0, 0x0, 0xf4, 0x7c, 0x0,
    0x0, 0xf, 0x7, 0x80, 0x0, 0x0, 0xe0, 0x74,
    0x0, 0x0, 0x0, 0x0, 0x0, 0x0, 0x0, 0x0,
    0x0, 0x3, 0xd0, 0x0, 0x2, 0xf8, 0xb8, 0x0,
    0x3, 0xfe, 0x1f, 0x0, 0x1, 0xf0, 0x3, 0xd0,
    0x0, 0xf4, 0x0, 0xf8, 0x0, 0x3c, 0x0, 0x1f,
    0x0, 0x2f, 0x0, 0x3, 0xc0, 0xf, 0x80, 0x0,
    0xf8, 0x3, 0xd0, 0x0, 0x1f, 0x1, 0xf0, 0x0,
    0x3, 0xc0, 0xb8, 0x0, 0x0, 0xf4, 0x3d, 0x0,
    0x0, 0x2e, 0xf, 0x0, 0x0, 0x3, 0xc7, 0xc0,
    0x0, 0x0, 0xf6, 0xd0, 0x0, 0x0, 0x2e, 0xf0,
    0x0, 0x0, 0x7, 0xfc, 0x0, 0x0, 0x0, 0xfe,
    0x0, 0x0, 0x0, 0x2f, 0x40, 0x0,

    /* U+0477 "ѷ" */
    0x3f, 0xf, 0x40, 0x0, 0x3d, 0x1f, 0x0, 0x0,
    0x3c, 0x2e, 0x0, 0x0, 0x38, 0x2c, 0x0, 0x0,
    0x0, 0x0, 0x0, 0x0, 0x0, 0x0, 0xf, 0x80,
    0x0, 0x2f, 0x1f, 0x0, 0x2, 0xf8, 0x3d, 0x0,
    0xf, 0x0, 0xb8, 0x0, 0x78, 0x1, 0xf0, 0x3,
    0xd0, 0x3, 0xd0, 0xf, 0x0, 0xb, 0xc0, 0x78,
    0x0, 0xf, 0x2, 0xd0, 0x0, 0x2e, 0xf, 0x0,
    0x0, 0x7c, 0x78, 0x0, 0x0, 0xf2, 0xd0, 0x0,
    0x2, 0xdf, 0x0, 0x0, 0x3, 0xf8, 0x0, 0x0,
    0xf, 0xd0, 0x0,

    /* U+0478 "Ѹ" */
    0x7, 0xf0, 0x0, 0x0, 0xf, 0xfc, 0x0, 0x0,
    0x2e, 0x3d, 0x0, 0x0, 0x3d, 0x2e, 0x0, 0x0,
    0x3c, 0x1e, 0xb4, 0x1e, 0x3c, 0x1f, 0x78, 0x2d,
    0x3c, 0xf, 0x3c, 0x2d, 0x3c, 0xf, 0x3c, 0x3c,
    0x3c, 0xf, 0x3c, 0x3c, 0x3c, 0xf, 0x2d, 0x38,
    0x3c, 0xf, 0x1d, 0x74, 0x3c, 0xf, 0xe, 0xb4,
    0x3c, 0x1e, 0xf, 0xb0, 0x3c, 0x1e, 0xf, 0xf0,
    0x3d, 0x2e, 0xb, 0xe0, 0x2e, 0x3d, 0x7, 0xe0,
    0xf, 0xfc, 0x7, 0xd0, 0x7, 0xf0, 0x3, 0xc0,
    0x0, 0x0, 0x3, 0xc0, 0x0, 0x0, 0x3, 0x80,
    0x0, 0x0, 0x7, 0x80, 0x0, 0x0, 0xf, 0x0,
    0x0, 0x0, 0xff, 0x0, 0x0, 0x0, 0xf8, 0x0,

    /* U+0479 "ѹ" */
    0xf, 0xc2, 0xd0, 0x78, 0xff, 0xc7, 0x42, 0xd7,
    0x8b, 0x5e, 0xf, 0x2d, 0x1e, 0x3c, 0x3c, 0xf0,
    0x3c, 0xf0, 0xe3, 0xc0, 0xf2, 0xc7, 0x8f, 0x3,
    0xcb, 0x6d, 0x3c, 0xf, 0x1d, 0xb0, 0xf0, 0x3c,
    0x3b, 0xc3, 0xc0, 0xf0, 0xff, 0xb, 0x47, 0x83,
    0xf8, 0x1e, 0x2d, 0xb, 0xd0, 0x3f, 0xf0, 0x1f,
    0x0, 0x7f, 0x40, 0x3c, 0x0, 0x0, 0x0, 0xf0,
    0x0, 0x0, 0x7, 0x80, 0x0, 0x0, 0x2d, 0x0,
    0x0, 0x0, 0xf0, 0x0, 0x0, 0x3f, 0x80, 0x0,
    0x0, 0xf8, 0x0,

    /* U+047A "Ѻ" */
    0x0, 0x2f, 0x0, 0x0, 0x7, 0xfd, 0x0, 0x7,
    0xff, 0xf8, 0x0, 0xff, 0xff, 0xe0, 0x3f, 0x9,
    0x1f, 0x43, 0xd0, 0x0, 0xbc, 0xbc, 0x0, 0x7,
    0xcb, 0xc0, 0x0, 0x3d, 0xf8, 0x0, 0x3, 0xdf,
    0x80, 0x0, 0x3e, 0xf8, 0x0, 0x3, 0xef, 0x80,
    0x0, 0x3e, 0xf8, 0x0, 0x3, 0xdb, 0xc0, 0x0,
    0x3d, 0x7c, 0x0, 0x7, 0xc3, 0xd0, 0x0, 0xfc,
    0x3f, 0x9, 0x1f, 0x40, 0xff, 0xff, 0xe0, 0x7,
    0xff, 0xf8, 0x0, 0x7, 0xfc, 0x0, 0x0, 0x1f,
    0x0, 0x0,

    /* U+047B "ѻ" */
    0x0, 0x0, 0x0, 0x0, 0x1, 0xf0, 0x0, 0x0,
    0xbf, 0xd0, 0x0, 0x7f, 0xff, 0xc0, 0x1f, 0xaf,
    0x7f, 0x3, 0xe0, 0x0, 0xf4, 0x3c, 0x0, 0xb,
    0xc7, 0xc0, 0x0, 0x7c, 0xbc, 0x0, 0x7, 0xcb,
    0xc0, 0x0, 0x7c, 0x7c, 0x0, 0x7, 0xc3, 0xc0,
    0x0, 0xbc, 0x3e, 0x0, 0xf, 0x40, 0xfa, 0xf7,
    0xf0, 0x7, 0xff, 0xfc, 0x0, 0xb, 0xfd, 0x0,
    0x0, 0x1f, 0x0, 0x0,

    /* U+047C "Ѽ" */
    0x0, 0x64, 0x0, 0x0, 0x3f, 0xf9, 0x0, 0x7,
    0x82, 0xfe, 0x0, 0x60, 0xa1, 0x90, 0x0, 0x1f,
    0x40, 0x0, 0x0, 0x74, 0x0, 0x0, 0xb, 0x0,
    0x0, 0x2, 0x80, 0x0, 0x0, 0x0, 0x0, 0x0,
    0xbe, 0xf, 0xd0, 0x2f, 0xe0, 0xff, 0x43, 0xd0,
    0x0, 0xb8, 0x7c, 0x0, 0x3, 0xcb, 0x80, 0x0,
    0x3d, 0xf4, 0x0, 0x3, 0xdf, 0x40, 0x0, 0x2d,
    0xf4, 0x0, 0x2, 0xef, 0x40, 0x0, 0x2e, 0xf4,
    0x0, 0x2, 0xef, 0x40, 0x0, 0x2e, 0xf4, 0x0,
    0x3, 0xdb, 0x80, 0x0, 0x3d, 0xb8, 0x0, 0x3,
    0xc7, 0xc0, 0x0, 0x7c, 0x3e, 0x1e, 0xf, 0x81,
    0xff, 0xff, 0xf0, 0x7, 0xf1, 0xfc, 0x0,

    /* U+047D "ѽ" */
    0x0, 0x65, 0x0, 0x0, 0x3f, 0xff, 0x90, 0x7,
    0x45, 0xbd, 0x0, 0x1, 0xf0, 0x0, 0x0, 0xb,
    0x40, 0x0, 0x0, 0x70, 0x0, 0x0, 0x2d, 0x0,
    0x0, 0x0, 0x0, 0x0, 0x0, 0x0, 0x0, 0x0,
    0xbe, 0xf, 0xd0, 0x3f, 0xe0, 0xff, 0x47, 0xc0,
    0x0, 0xbc, 0xb8, 0x0, 0x3, 0xcb, 0x40, 0x0,
    0x3d, 0xf4, 0x0, 0x2, 0xdf, 0x0, 0x0, 0x2d,
    0xf0, 0x0, 0x2, 0xdf, 0x40, 0x0, 0x2d, 0xb4,
    0x0, 0x3, 0xc7, 0x80, 0x0, 0x3c, 0x3d, 0x9,
    0xf, 0x82, 0xff, 0xff, 0xf0, 0x7, 0xf6, 0xf8,
    0x0,

    /* U+047E "Ѿ" */
    0xf, 0xff, 0xfd, 0x0, 0xb0, 0xe2, 0xc0, 0x2,
    0x8, 0x8, 0x0, 0x0, 0x0, 0x0, 0x0, 0x0,
    0x0, 0x0, 0xbe, 0xf, 0xd0, 0x2f, 0xe0, 0xff,
    0x43, 0xd0, 0x0, 0xb8, 0x7c, 0x0, 0x3, 0xcb,
    0x80, 0x0, 0x3d, 0xf4, 0x0, 0x3, 0xdf, 0x40,
    0x0, 0x2d, 0xf4, 0x0, 0x2, 0xef, 0x40, 0x0,
    0x2e, 0xf4, 0x0, 0x2, 0xef, 0x41, 0xf0, 0x2e,
    0xf4, 0x1f, 0x3, 0xdb, 0x81, 0xf0, 0x3d, 0xb8,
    0x1f, 0x3, 0xc7, 0xc1, 0xf0, 0x7c, 0x3e, 0x1f,
    0xf, 0x81, 0xff, 0xff, 0xf0, 0x7, 0xe1, 0xfc,
    0x0,

    /* U+047F "ѿ" */
    0x0, 0xff, 0xff, 0xd0, 0x0, 0xb1, 0xd2, 0xc0,
    0x0, 0x0, 0x0, 0x0, 0x0, 0x0, 0x0, 0x0,
    0x3c, 0x7, 0x40, 0xe, 0x2d, 0x3, 0x80, 0xe,
    0x1e, 0x3, 0xc0, 0x1e, 0xf, 0x2, 0xc0, 0x1e,
    0xf, 0x1, 0xd0, 0x1d, 0xb, 0x41, 0xe0, 0x2d,
    0x7, 0x81, 0xf0, 0x2c, 0x3, 0xc2, 0xf0, 0x3c,
    0x3, 0xc3, 0xf4, 0x38, 0x2, 0xc7, 0x78, 0xb4,
    0x1, 0xdb, 0x3c, 0xf0, 0x0, 0xee, 0x2d, 0xd0,
    0x0, 0xfd, 0x1f, 0xc0, 0x0, 0xbc, 0xf, 0x40,

    /* U+0480 "Ҁ" */
    0x0, 0x1b, 0xff, 0x80, 0xf, 0xff, 0xff, 0x3,
    0xf9, 0x1, 0xc0, 0xfd, 0x0, 0x0, 0x1f, 0x40,
    0x0, 0x3, 0xf0, 0x0, 0x0, 0x3d, 0x0, 0x0,
    0x7, 0xd0, 0x0, 0x0, 0x7c, 0x0, 0x0, 0x7,
    0xc0, 0x0, 0x0, 0x7c, 0x0, 0x0, 0x3, 0xd0,
    0x0, 0x0, 0x3e, 0x0, 0x0, 0x2, 0xf0, 0x0,
    0x0, 0xf, 0xc0, 0x0, 0x0, 0x7f, 0x80, 0x0,
    0x1, 0xff, 0xfd, 0x0, 0x1, 0xff, 0xd0, 0x0,
    0x0, 0x3d, 0x0, 0x0, 0x3, 0xd0, 0x0, 0x0,
    0x3d, 0x0, 0x0, 0x3, 0xd0, 0x0, 0x0, 0x3d,
    0x0, 0x0, 0x3, 0xd0,

    /* U+0481 "ҁ" */
    0x0, 0xbf, 0xf8, 0xb, 0xff, 0xfc, 0x2f, 0x80,
    0x18, 0x3e, 0x0, 0x0, 0x7c, 0x0, 0x0, 0xb8,
    0x0, 0x0, 0xf8, 0x0, 0x0, 0xf8, 0x0, 0x0,
    0xb8, 0x0, 0x0, 0x7c, 0x0, 0x0, 0x3e, 0x0,
    0x0, 0x2f, 0x80, 0x0, 0xb, 0xff, 0xd0, 0x1,
    0xbf, 0xd0, 0x0, 0x3, 0xd0, 0x0, 0x3, 0xd0,
    0x0, 0x3, 0xd0, 0x0, 0x3, 0xd0, 0x0, 0x3,
    0xd0, 0x0, 0x3, 0xd0,

    /* U+0482 "҂" */
    0x0, 0x0, 0x0, 0x0, 0x0, 0x0, 0xe0, 0x0,
    0x0, 0x2e, 0x0, 0xe, 0x3, 0xc0, 0x0, 0xfe,
    0xb4, 0x0, 0x1, 0xff, 0x0, 0x0, 0x3, 0xfd,
    0x0, 0x0, 0x7a, 0xf8, 0x0, 0xf, 0x3, 0xc7,
    0x82, 0xe0, 0x0, 0x7f, 0xbc, 0x0, 0x0, 0x7f,
    0x80, 0x0, 0x1, 0xfe, 0x0, 0x0, 0x3d, 0xfe,
    0x0, 0xb, 0x81, 0xd0, 0x0, 0xf0, 0x0, 0x0,
    0x9, 0x0, 0x0, 0x0, 0x0, 0x0, 0x0,

    /* U+0483 "҃" */
    0x0, 0x0, 0x0, 0x0, 0x3d, 0xff, 0xff, 0xdf,
    0x95, 0x50, 0x10, 0x0, 0x0,

    /* U+0484 "҄" */
    0x0, 0xbf, 0x4b, 0xff, 0xbd, 0xf9, 0x0, 0xe0,

    /* U+0485 "҅" */
    0x78, 0xf8, 0xb0, 0x2c, 0x0,

    /* U+0486 "҆" */
    0x78, 0x7c, 0x2c, 0xb0, 0x0,

    /* U+0488 "҈" */
    0x0, 0x7, 0xc0, 0x0, 0x0, 0x8, 0x90, 0x0,
    0xb, 0x80, 0x7, 0xc0, 0x8, 0x80, 0x5, 0x50,
    0x0, 0x0, 0x0, 0x0, 0x3d, 0x0, 0x0, 0xb4,
    0x67, 0x0, 0x0, 0x8c, 0x0, 0x0, 0x0, 0x0,
    0x0, 0x0, 0x0, 0x0, 0xb, 0x80, 0x3, 0xc0,
    0x8, 0x80, 0x9, 0x50, 0x0, 0x7, 0xc0, 0x0,
    0x0, 0x8, 0x40, 0x0,

    /* U+0489 "҉" */
    0x0, 0x1, 0x80, 0x0, 0x0, 0x3, 0x80, 0x0,
    0x3, 0x3, 0x40, 0x80, 0x3, 0x80, 0xb, 0x80,
    0x1, 0x80, 0x1, 0x0, 0x0, 0x0, 0x0, 0x0,
    0x78, 0x0, 0x0, 0xe0, 0x19, 0x0, 0x0, 0x6c,
    0x0, 0x0, 0x0, 0x0, 0x0, 0x0, 0x1, 0x0,
    0x2, 0xc0, 0x7, 0x40, 0xe, 0x42, 0x82, 0x80,
    0x0, 0x3, 0x40, 0x40, 0x0, 0x3, 0x0, 0x0,

    /* U+048A "Ҋ" */
    0xf, 0x0, 0x2e, 0x0, 0xf, 0x80, 0x3d, 0x0,
    0x7, 0xfa, 0xfc, 0x0, 0x1, 0xbf, 0xd0, 0x0,
    0x0, 0x0, 0x0, 0x0, 0x0, 0x0, 0x0, 0x0,
    0x7c, 0x0, 0xf, 0xc0, 0x7c, 0x0, 0x2f, 0xc0,
    0x7c, 0x0, 0x3f, 0xc0, 0x7c, 0x0, 0xbb, 0xc0,
    0x7c, 0x0, 0xf7, 0xc0, 0x7c, 0x2, 0xe3, 0xc0,
    0x7c, 0x3, 0xc7, 0xc0, 0x7c, 0xb, 0x87, 0xc0,
    0x7c, 0xf, 0x7, 0xc0, 0x7c, 0x2e, 0x7, 0xc0,
    0x7c, 0x3c, 0x7, 0xc0, 0x7c, 0x78, 0x7, 0xc0,
    0x7c, 0xf0, 0x7, 0xc0, 0x7d, 0xe0, 0x7, 0xc0,
    0x7f, 0xc0, 0x7, 0xc0, 0x7f, 0x80, 0x7, 0xc0,
    0x7f, 0x0, 0x7, 0xfc, 0x7e, 0x0, 0x7, 0xfc,
    0x0, 0x0, 0x0, 0x78, 0x0, 0x0, 0x0, 0xf4,
    0x0, 0x0, 0x0, 0xf0, 0x0, 0x0, 0x2, 0xf0,
    0x0, 0x0, 0x3, 0xe0,

    /* U+048B "ҋ" */
    0x28, 0x0, 0x64, 0x3, 0xd0, 0xf, 0x40, 0x2f,
    0x2, 0xf0, 0x0, 0xff, 0xfd, 0x0, 0x1, 0xa9,
    0x0, 0x0, 0x0, 0x0, 0x0, 0xb4, 0x0, 0xfc,
    0xb, 0x40, 0x2f, 0xc0, 0xb4, 0x3, 0xfc, 0xb,
    0x40, 0xb7, 0xc0, 0xb4, 0xf, 0x3c, 0xb, 0x42,
    0xd3, 0xc0, 0xb4, 0x3c, 0x3c, 0xb, 0x4b, 0x83,
    0xc0, 0xb4, 0xf0, 0x3c, 0xb, 0x6e, 0x3, 0xc0,
    0xb7, 0xc0, 0x3c, 0xb, 0xf8, 0x3, 0xc0, 0xbf,
    0x0, 0x3f, 0xdb, 0xe0, 0x3, 0xfc, 0x0, 0x0,
    0x3, 0xc0, 0x0, 0x0, 0x78, 0x0, 0x0, 0xb,
    0x40, 0x0, 0x0, 0xf0, 0x0, 0x0, 0xa, 0x0,

    /* U+048C "Ҍ" */
    0x7, 0xc0, 0x0, 0x0, 0x7c, 0x0, 0x0, 0x7f,
    0xff, 0xc0, 0x7, 0xff, 0xfc, 0x0, 0x7, 0xc0,
    0x0, 0x0, 0x7c, 0x0, 0x0, 0x7, 0xc0, 0x0,
    0x0, 0x7f, 0xfe, 0x40, 0x7, 0xff, 0xff, 0x40,
    0x7c, 0x1, 0xfc, 0x7, 0xc0, 0x3, 0xe0, 0x7c,
    0x0, 0x2f, 0x7, 0xc0, 0x2, 0xf0, 0x7c, 0x0,
    0x2f, 0x7, 0xc0, 0x3, 0xe0, 0x7c, 0x1, 0xfc,
    0x7, 0xff, 0xff, 0x40, 0x7f, 0xff, 0x80,

    /* U+048D "ҍ" */
    0x2, 0x80, 0x0, 0x0, 0x7c, 0x0, 0x0, 0x7,
    0xc0, 0x0, 0x2, 0xfe, 0xa4, 0x0, 0x3f, 0xff,
    0x80, 0x0, 0x7c, 0x0, 0x0, 0x7, 0xc0, 0x0,
    0x0, 0x7c, 0x0, 0x0, 0x7, 0xc0, 0x0, 0x0,
    0x7c, 0x0, 0x0, 0x7, 0xc0, 0x0, 0x0, 0x7c,
    0x0, 0x0, 0x7, 0xff, 0xfe, 0x0, 0x7f, 0xff,
    0xfc, 0x7, 0xc0, 0x7, 0xe0, 0x7c, 0x0, 0x2f,
    0x7, 0xc0, 0x2, 0xf0, 0x7c, 0x0, 0x7e, 0x7,
    0xff, 0xff, 0xc0, 0x7f, 0xff, 0xe0,

    /* U+048E "Ҏ" */
    0xff, 0xff, 0x80, 0xff, 0xff, 0xf4, 0xf8, 0x1,
    0xfc, 0xf8, 0x0, 0x3e, 0xf8, 0x0, 0x2f, 0xf8,
    0x0, 0x2f, 0xf8, 0x4, 0x2e, 0xf8, 0x2d, 0x3d,
    0xf8, 0xf, 0xfc, 0xff, 0xff, 0xf0, 0xff, 0xff,
    0xd0, 0xf8, 0x0, 0xf0, 0xf8, 0x0, 0x20, 0xf8,
    0x0, 0x0, 0xf8, 0x0, 0x0, 0xf8, 0x0, 0x0,
    0xf8, 0x0, 0x0, 0xf8, 0x0, 0x0,

    /* U+048F "ҏ" */
    0xf0, 0xbf, 0x80, 0xf7, 0xff, 0xf0, 0xfe, 0x0,
    0xfc, 0xfc, 0x0, 0x3d, 0xf8, 0x0, 0x3e, 0xf4,
    0x0, 0x2f, 0xf4, 0x0, 0x2f, 0xf4, 0x0, 0x2f,
    0xf4, 0x0, 0x2e, 0xf8, 0x8, 0x3e, 0xfc, 0xf,
    0x7d, 0xff, 0xb, 0xfc, 0xf7, 0xff, 0xf0, 0xf4,
    0xbf, 0xf0, 0xf4, 0x0, 0x78, 0xf4, 0x0, 0x20,
    0xf4, 0x0, 0x0, 0xf4, 0x0, 0x0, 0xf4, 0x0,
    0x0, 0xf4, 0x0, 0x0,

    /* U+0490 "Ґ" */
    0x0, 0x0, 0xf4, 0x0, 0x3, 0xd0, 0x0, 0xf,
    0x40, 0x0, 0x3d, 0xff, 0xff, 0xf7, 0xff, 0xff,
    0xdf, 0x80, 0x0, 0x3d, 0x0, 0x0, 0xf4, 0x0,
    0x3, 0xd0, 0x0, 0xf, 0x40, 0x0, 0x3d, 0x0,
    0x0, 0xf4, 0x0, 0x3, 0xd0, 0x0, 0xf, 0x40,
    0x0, 0x3d, 0x0, 0x0, 0xf4, 0x0, 0x3, 0xd0,
    0x0, 0xf, 0x40, 0x0, 0x3d, 0x0, 0x0, 0xf4,
    0x0, 0x3, 0xd0, 0x0, 0x0,

    /* U+0491 "ґ" */
    0x0, 0x1, 0xf0, 0x0, 0x1f, 0x0, 0x1, 0xf0,
    0x0, 0x1f, 0x7f, 0xff, 0xf7, 0xea, 0xaa, 0x7c,
    0x0, 0x7, 0xc0, 0x0, 0x7c, 0x0, 0x7, 0xc0,
    0x0, 0x7c, 0x0, 0x7, 0xc0, 0x0, 0x7c, 0x0,
    0x7, 0xc0, 0x0, 0x7c, 0x0, 0x7, 0xc0, 0x0,
    0x7c, 0x0, 0x7, 0xc0, 0x0,

    /* U+0492 "Ғ" */
    0x3, 0xff, 0xff, 0xd0, 0x3f, 0xff, 0xfd, 0x3,
    0xc0, 0x0, 0x0, 0x3c, 0x0, 0x0, 0x3, 0xc0,
    0x0, 0x0, 0x3c, 0x0, 0x0, 0x3, 0xc0, 0x0,
    0x0, 0x3c, 0x0, 0x0, 0x3f, 0xff, 0xd0, 0x3,
    0xff, 0xfd, 0x0, 0x3, 0xc0, 0x0, 0x0, 0x3c,
    0x0, 0x0, 0x3, 0xc0, 0x0, 0x0, 0x3c, 0x0,
    0x0, 0x3, 0xc0, 0x0, 0x0, 0x3c, 0x0, 0x0,
    0x3, 0xc0, 0x0, 0x0, 0x3c, 0x0, 0x0,

    /* U+0493 "ғ" */
    0x7, 0xff, 0xff, 0x1, 0xff, 0xff, 0xc0, 0x7c,
    0x0, 0x0, 0x1f, 0x0, 0x0, 0x7, 0xc0, 0x0,
    0x1, 0xf0, 0x0, 0x2, 0xfe, 0xa4, 0x1, 0xff,
    0xfe, 0x0, 0x7, 0xc0, 0x0, 0x1, 0xf0, 0x0,
    0x0, 0x7c, 0x0, 0x0, 0x1f, 0x0, 0x0, 0x7,
    0xc0, 0x0, 0x1, 0xf0, 0x0, 0x0,

    /* U+0494 "Ҕ" */
    0xff, 0xff, 0xe0, 0x3f, 0xff, 0xf8, 0xf, 0x40,
    0x0, 0x3, 0xd0, 0x0, 0x0, 0xf4, 0x0, 0x0,
    0x3d, 0x0, 0x0, 0xf, 0x40, 0x0, 0x3, 0xd0,
    0x0, 0x0, 0xff, 0xf9, 0x0, 0x3f, 0xff, 0xf4,
    0xf, 0x40, 0x7f, 0x83, 0xd0, 0x2, 0xf4, 0xf4,
    0x0, 0x3f, 0x3d, 0x0, 0x7, 0xcf, 0x40, 0x0,
    0xf7, 0xd0, 0x0, 0x3d, 0xf4, 0x0, 0xf, 0x7d,
    0x0, 0x3, 0xd0, 0x0, 0x1, 0xf0, 0x0, 0x0,
    0xbc, 0x0, 0x0, 0x7d, 0x1, 0x0, 0xbf, 0x0,
    0xff, 0xff, 0x0, 0x2f, 0xf9, 0x0,

    /* U+0495 "ҕ" */
    0x7f, 0xff, 0xd0, 0x1f, 0xff, 0xf4, 0x7, 0xc0,
    0x0, 0x1, 0xf0, 0x0, 0x0, 0x7c, 0x0, 0x0,
    0x1f, 0x0, 0x0, 0x7, 0xff, 0xe4, 0x1, 0xff,
    0xff, 0xc0, 0x7c, 0x1, 0xfc, 0x1f, 0x0, 0xf,
    0x47, 0xc0, 0x2, 0xf1, 0xf0, 0x0, 0x7c, 0x7c,
    0x0, 0x1f, 0x1f, 0x0, 0x7, 0xc0, 0x0, 0x1,
    0xf0, 0x0, 0x0, 0xbc, 0x0, 0x0, 0x3e, 0x0,
    0x40, 0x7f, 0x0, 0x3f, 0xff, 0x0, 0x7, 0xfe,
    0x0,

    /* U+0496 "Җ" */
    0xb8, 0x7, 0x80, 0xb8, 0x3c, 0x7, 0x80, 0xf0,
    0x2e, 0x7, 0x82, 0xe0, 0xf, 0x7, 0x83, 0xc0,
    0xb, 0x87, 0x87, 0x80, 0x3, 0xc7, 0x8f, 0x0,
    0x2, 0xe7, 0x9e, 0x0, 0x0, 0xf7, 0xbc, 0x0,
    0x0, 0xbf, 0xfc, 0x0, 0x0, 0xfb, 0xbc, 0x0,
    0x1, 0xf7, 0xad, 0x0, 0x3, 0xd7, 0x8f, 0x0,
    0x7, 0xc7, 0x8f, 0x40, 0xf, 0x47, 0x87, 0xc0,
    0x1f, 0x7, 0x83, 0xd0, 0x3d, 0x7, 0x81, 0xf0,
    0x7c, 0x7, 0x80, 0xfe, 0xf8, 0x7, 0x80, 0x7e,
    0x0, 0x0, 0x0, 0x2e, 0x0, 0x0, 0x0, 0x2e,
    0x0, 0x0, 0x0, 0x2e, 0x0, 0x0, 0x0, 0x2e,
    0x0, 0x0, 0x0, 0x2e,

    /* U+0497 "җ" */
    0xb8, 0x7, 0x80, 0xb8, 0x3d, 0x7, 0x80, 0xf0,
    0x1f, 0x7, 0x83, 0xd0, 0xb, 0x87, 0x87, 0xc0,
    0x3, 0xc7, 0x8f, 0x0, 0x1, 0xe7, 0xae, 0x0,
    0x0, 0xff, 0xfc, 0x0, 0x0, 0xfb, 0xbc, 0x0,
    0x2, 0xe7, 0xae, 0x0, 0x3, 0xc7, 0x8f, 0x40,
    0xf, 0x47, 0x87, 0xc0, 0x1f, 0x7, 0x83, 0xe0,
    0x3d, 0x7, 0x81, 0xfd, 0xbc, 0x7, 0x80, 0xbd,
    0x0, 0x0, 0x0, 0x2d, 0x0, 0x0, 0x0, 0x2d,
    0x0, 0x0, 0x0, 0x2d, 0x0, 0x0, 0x0, 0x2d,
    0x0, 0x0, 0x0, 0x18,

    /* U+0498 "Ҙ" */
    0x2, 0xff, 0xd0, 0xb, 0xff, 0xff, 0x2, 0xd0,
    0x7, 0xf0, 0x0, 0x0, 0x7c, 0x0, 0x0, 0xf,
    0x0, 0x0, 0xb, 0xc0, 0x0, 0x1b, 0xe0, 0x1f,
    0xff, 0xe0, 0x7, 0xff, 0x80, 0x0, 0x0, 0x6e,
    0x0, 0x0, 0x1, 0xf0, 0x0, 0x0, 0x3d, 0x0,
    0x0, 0xf, 0x80, 0x0, 0x3, 0xe0, 0x0, 0x1,
    0xf4, 0xd0, 0x2, 0xfc, 0x3f, 0xff, 0xfc, 0x6,
    0xff, 0xe4, 0x0, 0x1, 0xe0, 0x0, 0x0, 0x2d,
    0x0, 0x0, 0x3, 0x80, 0x0, 0x1, 0xe0, 0x0,
    0x7, 0xf4, 0x0, 0x0, 0x50, 0x0,

    /* U+0499 "ҙ" */
    0x1b, 0xff, 0x40, 0x3f, 0xff, 0xf0, 0x24, 0x1,
    0xf4, 0x0, 0x0, 0xb8, 0x0, 0x0, 0xb8, 0x0,
    0x2, 0xf0, 0x3, 0xff, 0x80, 0x3, 0xff, 0xe0,
    0x0, 0x1, 0xf8, 0x0, 0x0, 0x7c, 0x0, 0x0,
    0x7c, 0x60, 0x0, 0xfc, 0x7f, 0xff, 0xf0, 0x1f,
    0xff, 0x40, 0x0, 0x74, 0x0, 0x0, 0x2c, 0x0,
    0x0, 0x1e, 0x0, 0x0, 0x1e, 0x0, 0x1, 0xfd,
    0x0, 0x0, 0x50, 0x0,

    /* U+049A "Қ" */
    0x7c, 0x0, 0xf, 0x47, 0xc0, 0x3, 0xe0, 0x7c,
    0x0, 0xfc, 0x7, 0xc0, 0x2f, 0x0, 0x7c, 0x7,
    0xc0, 0x7, 0xc1, 0xf4, 0x0, 0x7c, 0x3d, 0x0,
    0x7, 0xcf, 0x80, 0x0, 0x7f, 0xf0, 0x0, 0x7,
    0xef, 0x40, 0x0, 0x7c, 0xbc, 0x0, 0x7, 0xc3,
    0xf0, 0x0, 0x7c, 0xf, 0x80, 0x7, 0xc0, 0x3e,
    0x0, 0x7c, 0x1, 0xf4, 0x7, 0xc0, 0xb, 0xc0,
    0x7c, 0x0, 0x3f, 0xd7, 0xc0, 0x0, 0xfd, 0x0,
    0x0, 0x3, 0xd0, 0x0, 0x0, 0x3d, 0x0, 0x0,
    0x3, 0xd0, 0x0, 0x0, 0x3d, 0x0, 0x0, 0x3,
    0xd0,

    /* U+049B "қ" */
    0x7c, 0x0, 0x3f, 0x1f, 0x0, 0x3f, 0x7, 0xc0,
    0x3f, 0x1, 0xf0, 0x3f, 0x0, 0x7c, 0x2f, 0x0,
    0x1f, 0x2f, 0x0, 0x7, 0xef, 0x0, 0x1, 0xf7,
    0xe0, 0x0, 0x7c, 0x7d, 0x0, 0x1f, 0x7, 0xd0,
    0x7, 0xc0, 0x7d, 0x1, 0xf0, 0x7, 0xd0, 0x7c,
    0x0, 0xbf, 0xdf, 0x0, 0xb, 0xf0, 0x0, 0x0,
    0x7c, 0x0, 0x0, 0x1f, 0x0, 0x0, 0x7, 0xc0,
    0x0, 0x1, 0xf0, 0x0, 0x0, 0x28,

    /* U+049C "Ҝ" */
    0x7c, 0x0, 0xf, 0x87, 0xc0, 0x3, 0xf0, 0x7c,
    0x0, 0xbc, 0x7, 0xc7, 0x1f, 0x0, 0x7c, 0x77,
    0xd0, 0x7, 0xc7, 0xf8, 0x0, 0x7c, 0x7f, 0x0,
    0x7, 0xcb, 0xc0, 0x0, 0x7d, 0xf8, 0x0, 0x7,
    0xff, 0xc0, 0x0, 0x7f, 0xbf, 0x0, 0x7, 0xc7,
    0xf8, 0x0, 0x7c, 0x7b, 0xd0, 0x7, 0xc7, 0x2f,
    0x0, 0x7c, 0x60, 0xf8, 0x7, 0xc0, 0x7, 0xd0,
    0x7c, 0x0, 0x2f, 0x7, 0xc0, 0x0, 0xfc,

    /* U+049D "ҝ" */
    0x7c, 0x0, 0x3f, 0x1f, 0x8, 0x2f, 0x7, 0xc7,
    0x6f, 0x1, 0xf1, 0xff, 0x0, 0x7c, 0x7f, 0x0,
    0x1f, 0x2f, 0x0, 0x7, 0xdf, 0x0, 0x1, 0xfb,
    0xd0, 0x0, 0x7c, 0xbd, 0x0, 0x1f, 0x1f, 0xd0,
    0x7, 0xc7, 0xfd, 0x1, 0xf1, 0xdb, 0xd0, 0x7c,
    0x74, 0xbd, 0x1f, 0x0, 0xb, 0xd0,

    /* U+049E "Ҟ" */
    0x7, 0xc0, 0x0, 0xf8, 0x7, 0xc0, 0x3, 0xe0,
    0x7f, 0xff, 0xf, 0xc0, 0x7f, 0xff, 0x2f, 0x0,
    0x7, 0xc0, 0x7c, 0x0, 0x7, 0xc1, 0xf4, 0x0,
    0x7, 0xc3, 0xd0, 0x0, 0x7, 0xcf, 0x80, 0x0,
    0x7, 0xef, 0xc0, 0x0, 0x7, 0xfb, 0xe0, 0x0,
    0x7, 0xd1, 0xf0, 0x0, 0x7, 0xc0, 0xbc, 0x0,
    0x7, 0xc0, 0x3e, 0x0, 0x7, 0xc0, 0x1f, 0x0,
    0x7, 0xc0, 0xf, 0xc0, 0x7, 0xc0, 0x3, 0xe0,
    0x7, 0xc0, 0x1, 0xf0, 0x7, 0xc0, 0x0, 0xfc,

    /* U+049F "ҟ" */
    0x2, 0x80, 0x0, 0x0, 0x1f, 0x0, 0x0, 0x0,
    0x7c, 0x0, 0x0, 0x1f, 0xff, 0xfc, 0x0, 0x2f,
    0xea, 0xa0, 0x0, 0x1f, 0x0, 0x0, 0x0, 0x7c,
    0x0, 0x3f, 0x1, 0xf0, 0x3, 0xf0, 0x7, 0xc0,
    0x3f, 0x0, 0x1f, 0x3, 0xe0, 0x0, 0x7c, 0x3e,
    0x0, 0x1, 0xf3, 0xe0, 0x0, 0x7, 0xef, 0x80,
    0x0, 0x1f, 0xff, 0x40, 0x0, 0x7d, 0x2f, 0x0,
    0x1, 0xf0, 0x2f, 0x0, 0x7, 0xc0, 0x3f, 0x0,
    0x1f, 0x0, 0x3e, 0x0, 0x7c, 0x0, 0x3e, 0x1,
    0xf0, 0x0, 0x7d,

    /* U+04A0 "Ҡ" */
    0xbf, 0xf4, 0x0, 0xf8, 0xbf, 0xf4, 0x1, 0xf0,
    0x0, 0xf4, 0x3, 0xd0, 0x0, 0xf4, 0xf, 0x80,
    0x0, 0xf4, 0x1f, 0x0, 0x0, 0xf4, 0x3d, 0x0,
    0x0, 0xf4, 0xb8, 0x0, 0x0, 0xf5, 0xf0, 0x0,
    0x0, 0xfb, 0xf0, 0x0, 0x0, 0xff, 0xf8, 0x0,
    0x0, 0xfc, 0x7c, 0x0, 0x0, 0xf8, 0x3e, 0x0,
    0x0, 0xf4, 0xf, 0x40, 0x0, 0xf4, 0xb, 0xc0,
    0x0, 0xf4, 0x3, 0xd0, 0x0, 0xf4, 0x2, 0xf0,
    0x0, 0xf4, 0x0, 0xf4, 0x0, 0xf4, 0x0, 0xbc,

    /* U+04A1 "ҡ" */
    0x7f, 0xfd, 0x0, 0xf8, 0x7f, 0xfd, 0x2, 0xf0,
    0x0, 0x3d, 0x7, 0xc0, 0x0, 0x3d, 0xf, 0x40,
    0x0, 0x3d, 0x3e, 0x0, 0x0, 0x3d, 0xb8, 0x0,
    0x0, 0x3f, 0xf0, 0x0, 0x0, 0x3e, 0xf4, 0x0,
    0x0, 0x3d, 0x7c, 0x0, 0x0, 0x3d, 0x2f, 0x0,
    0x0, 0x3d, 0xf, 0xc0, 0x0, 0x3d, 0x3, 0xe0,
    0x0, 0x3d, 0x0, 0xf4, 0x0, 0x3d, 0x0, 0x7c,

    /* U+04A2 "Ң" */
    0x7c, 0x0, 0xf, 0x1, 0xf0, 0x0, 0x3c, 0x7,
    0xc0, 0x0, 0xf0, 0x1f, 0x0, 0x3, 0xc0, 0x7c,
    0x0, 0xf, 0x1, 0xf0, 0x0, 0x3c, 0x7, 0xc0,
    0x0, 0xf0, 0x1f, 0xff, 0xff, 0xc0, 0x7f, 0xff,
    0xff, 0x1, 0xf0, 0x0, 0x7c, 0x7, 0xc0, 0x0,
    0xf0, 0x1f, 0x0, 0x3, 0xc0, 0x7c, 0x0, 0xf,
    0x1, 0xf0, 0x0, 0x3c, 0x7, 0xc0, 0x0, 0xf0,
    0x1f, 0x0, 0x3, 0xc0, 0x7c, 0x0, 0xf, 0xf5,
    0xf0, 0x0, 0x3f, 0xd0, 0x0, 0x0, 0xf, 0x40,
    0x0, 0x0, 0x3d, 0x0, 0x0, 0x0, 0xf4, 0x0,
    0x0, 0x3, 0xd0, 0x0, 0x0, 0xf, 0x40,

    /* U+04A3 "ң" */
    0xf4, 0x0, 0x7c, 0x3d, 0x0, 0x1f, 0xf, 0x40,
    0x7, 0xc3, 0xd0, 0x1, 0xf0, 0xf4, 0x0, 0x7c,
    0x3d, 0x0, 0x1f, 0xf, 0xff, 0xff, 0xc3, 0xff,
    0xff, 0xf0, 0xf4, 0x0, 0x7c, 0x3d, 0x0, 0x1f,
    0xf, 0x40, 0x7, 0xc3, 0xd0, 0x1, 0xf0, 0xf4,
    0x0, 0x7f, 0xfd, 0x0, 0x1f, 0xf0, 0x0, 0x0,
    0x7c, 0x0, 0x0, 0x1f, 0x0, 0x0, 0x7, 0xc0,
    0x0, 0x1, 0xf0, 0x0, 0x0, 0x28,

    /* U+04A4 "Ҥ" */
    0x7c, 0x0, 0xbf, 0xf5, 0xf0, 0x2, 0xff, 0xd7,
    0xc0, 0xb, 0x80, 0x1f, 0x0, 0x2e, 0x0, 0x7c,
    0x0, 0xb8, 0x1, 0xf0, 0x2, 0xe0, 0x7, 0xc0,
    0xb, 0x80, 0x1f, 0xff, 0xfe, 0x0, 0x7f, 0xff,
    0xf8, 0x1, 0xf0, 0x2, 0xe0, 0x7, 0xc0, 0xb,
    0x80, 0x1f, 0x0, 0x2e, 0x0, 0x7c, 0x0, 0xb8,
    0x1, 0xf0, 0x2, 0xe0, 0x7, 0xc0, 0xb, 0x80,
    0x1f, 0x0, 0x2e, 0x0, 0x7c, 0x0, 0xb8, 0x1,
    0xf0, 0x2, 0xe0, 0x0,

    /* U+04A5 "ҥ" */
    0xf4, 0x0, 0xff, 0xdf, 0x40, 0xf, 0xfd, 0xf4,
    0x0, 0xf4, 0xf, 0x40, 0xf, 0x40, 0xf4, 0x0,
    0xf4, 0xf, 0x40, 0xf, 0x40, 0xff, 0xff, 0xf4,
    0xf, 0xff, 0xff, 0x40, 0xf4, 0x0, 0xf4, 0xf,
    0x40, 0xf, 0x40, 0xf4, 0x0, 0xf4, 0xf, 0x40,
    0xf, 0x40, 0xf4, 0x0, 0xf4, 0xf, 0x40, 0xf,
    0x40,

    /* U+04A6 "Ҧ" */
    0xbf, 0xff, 0x0, 0xb, 0xff, 0xf0, 0x0, 0xb4,
    0xf, 0x0, 0xb, 0x40, 0xf0, 0x0, 0xb4, 0xf,
    0x0, 0xb, 0x40, 0xf0, 0x0, 0xb4, 0xf, 0x0,
    0xb, 0x40, 0xf0, 0x0, 0xb4, 0xf, 0xfd, 0xb,
    0x40, 0xff, 0xf4, 0xb4, 0xf, 0xb, 0xcb, 0x40,
    0xf0, 0x3d, 0xb4, 0xf, 0x2, 0xeb, 0x40, 0xf0,
    0x1f, 0xb4, 0xf, 0x1, 0xfb, 0x40, 0xf0, 0xf,
    0xb4, 0xf, 0x0, 0xfb, 0x40, 0xf0, 0x1f, 0x0,
    0x0, 0x1, 0xf0, 0x0, 0x0, 0x2e, 0x0, 0x0,
    0x3, 0xd0, 0x0, 0x10, 0xbc, 0x0, 0x3, 0xff,
    0x40, 0x0, 0x2f, 0xd0,

    /* U+04A7 "ҧ" */
    0x7f, 0xff, 0x0, 0x7, 0xff, 0xf0, 0x0, 0x78,
    0xf, 0x0, 0x7, 0x80, 0xf0, 0x0, 0x78, 0xf,
    0x0, 0x7, 0x80, 0xf0, 0x0, 0x78, 0xf, 0xfd,
    0x7, 0x80, 0xff, 0xf4, 0x78, 0xf, 0x7, 0xc7,
    0x80, 0xf0, 0x3d, 0x78, 0xf, 0x2, 0xd7, 0x80,
    0xf0, 0x1e, 0x78, 0xf, 0x1, 0xe7, 0x80, 0xf0,
    0x1e, 0x0, 0x0, 0x1, 0xe0, 0x0, 0x0, 0x2d,
    0x0, 0x0, 0x3, 0xd0, 0x0, 0x10, 0x7c, 0x0,
    0x3, 0xff, 0x40, 0x0, 0x2f, 0xd0,

    /* U+04A8 "Ҩ" */
    0x0, 0xbf, 0x80, 0x0, 0x1f, 0xfe, 0x0, 0x1,
    0xfd, 0x0, 0x0, 0xf, 0xc0, 0x7f, 0x40, 0x7d,
    0x7, 0xff, 0x82, 0xf0, 0x3f, 0x2f, 0xb, 0x80,
    0xf4, 0x3d, 0x3e, 0x3, 0xd0, 0xf4, 0xf8, 0x1f,
    0x3, 0xe3, 0xe0, 0x7c, 0xf, 0x8f, 0x81, 0xf0,
    0x3d, 0x3e, 0x3, 0xd0, 0xf4, 0xbc, 0xf, 0x87,
    0xc1, 0xf4, 0x2f, 0x2f, 0x3, 0xf0, 0x3d, 0xf4,
    0x7, 0xf4, 0xbf, 0xc0, 0x7, 0xff, 0xfd, 0x10,
    0x2, 0xff, 0xff, 0xc0, 0x0, 0x0, 0xbf, 0x0,

    /* U+04A9 "ҩ" */
    0x0, 0xbf, 0x80, 0x0, 0x7f, 0xf4, 0x0, 0x1f,
    0x81, 0xa8, 0x3, 0xe0, 0xbf, 0xf0, 0x3c, 0xf,
    0x4f, 0x87, 0xc2, 0xf0, 0x7c, 0xbc, 0x2e, 0x7,
    0xcb, 0xc2, 0xe0, 0x7c, 0x7c, 0x2f, 0x7, 0xc3,
    0xc1, 0xf0, 0xb8, 0x3e, 0xf, 0x8f, 0x1, 0xf8,
    0x7f, 0xd0, 0x7, 0xff, 0xff, 0xd0, 0xb, 0xfa,
    0xfd,

    /* U+04AA "Ҫ" */
    0x0, 0x1b, 0xff, 0x80, 0xf, 0xff, 0xff, 0x3,
    0xf9, 0x1, 0xc0, 0xfd, 0x0, 0x0, 0x1f, 0x40,
    0x0, 0x3, 0xf0, 0x0, 0x0, 0x3d, 0x0, 0x0,
    0x7, 0xd0, 0x0, 0x0, 0x7c, 0x0, 0x0, 0x7,
    0xc0, 0x0, 0x0, 0x7c, 0x0, 0x0, 0x3, 0xd0,
    0x0, 0x0, 0x3e, 0x0, 0x0, 0x2, 0xf0, 0x0,
    0x0, 0xf, 0xc0, 0x0, 0x0, 0x7f, 0x80, 0x18,
    0x1, 0xff, 0xff, 0xd0, 0x1, 0xff, 0xe4, 0x0,
    0x0, 0xe0, 0x0, 0x0, 0x7, 0x40, 0x0, 0x0,
    0x38, 0x0, 0x0, 0x7, 0xc0, 0x0, 0x3, 0xf4,
    0x0, 0x0, 0x14, 0x0,

    /* U+04AB "ҫ" */
    0x0, 0xbf, 0xf8, 0xb, 0xff, 0xfc, 0x2f, 0x90,
    0x18, 0x3e, 0x0, 0x0, 0x7c, 0x0, 0x0, 0xb8,
    0x0, 0x0, 0xf8, 0x0, 0x0, 0xf8, 0x0, 0x0,
    0xb8, 0x0, 0x0, 0x7c, 0x0, 0x0, 0x3e, 0x0,
    0x0, 0x2f, 0x80, 0x18, 0xb, 0xff, 0xfc, 0x0,
    0xbf, 0xe4, 0x0, 0x1d, 0x0, 0x0, 0xf, 0x0,
    0x0, 0x7, 0x40, 0x0, 0xb, 0x40, 0x0, 0xbf,
    0x0, 0x0, 0x14, 0x0,

    /* U+04AC "Ҭ" */
    0xbf, 0xff, 0xff, 0xdb, 0xff, 0xff, 0xfd, 0x0,
    0x1f, 0x0, 0x0, 0x1, 0xf0, 0x0, 0x0, 0x1f,
    0x0, 0x0, 0x1, 0xf0, 0x0, 0x0, 0x1f, 0x0,
    0x0, 0x1, 0xf0, 0x0, 0x0, 0x1f, 0x0, 0x0,
    0x1, 0xf0, 0x0, 0x0, 0x1f, 0x0, 0x0, 0x1,
    0xf0, 0x0, 0x0, 0x1f, 0x0, 0x0, 0x1, 0xf0,
    0x0, 0x0, 0x1f, 0x0, 0x0, 0x1, 0xf0, 0x0,
    0x0, 0x1f, 0xf0, 0x0, 0x1, 0xff, 0x0, 0x0,
    0x0, 0xf0, 0x0, 0x0, 0xf, 0x0, 0x0, 0x0,
    0xf0, 0x0, 0x0, 0xf, 0x0, 0x0, 0x0, 0xf0,
    0x0,

    /* U+04AD "ҭ" */
    0x7f, 0xff, 0xff, 0xc7, 0xff, 0xff, 0xfc, 0x0,
    0x1f, 0x0, 0x0, 0x1, 0xf0, 0x0, 0x0, 0x1f,
    0x0, 0x0, 0x1, 0xf0, 0x0, 0x0, 0x1f, 0x0,
    0x0, 0x1, 0xf0, 0x0, 0x0, 0x1f, 0x0, 0x0,
    0x1, 0xf0, 0x0, 0x0, 0x1f, 0x0, 0x0, 0x1,
    0xf0, 0x0, 0x0, 0x1f, 0xf0, 0x0, 0x1, 0xff,
    0x0, 0x0, 0x1, 0xf0, 0x0, 0x0, 0x1f, 0x0,
    0x0, 0x1, 0xf0, 0x0, 0x0, 0x1f, 0x0, 0x0,
    0x0, 0xa0, 0x0,

    /* U+04AE "Ү" */
    0x7d, 0x0, 0x0, 0xbc, 0x2f, 0x0, 0x0, 0xf4,
    0xf, 0x40, 0x2, 0xe0, 0xb, 0xc0, 0x3, 0xc0,
    0x3, 0xd0, 0xb, 0x80, 0x2, 0xf0, 0x1f, 0x0,
    0x0, 0xf4, 0x3e, 0x0, 0x0, 0x7c, 0x7c, 0x0,
    0x0, 0x3d, 0xf4, 0x0, 0x0, 0x1f, 0xf0, 0x0,
    0x0, 0xb, 0xd0, 0x0, 0x0, 0x7, 0xc0, 0x0,
    0x0, 0x7, 0xc0, 0x0, 0x0, 0x7, 0xc0, 0x0,
    0x0, 0x7, 0xc0, 0x0, 0x0, 0x7, 0xc0, 0x0,
    0x0, 0x7, 0xc0, 0x0, 0x0, 0x7, 0xc0, 0x0,

    /* U+04AF "ү" */
    0xf8, 0x0, 0x3, 0xd7, 0xc0, 0x0, 0x7c, 0x3d,
    0x0, 0xf, 0x82, 0xf0, 0x0, 0xf0, 0xf, 0x0,
    0x2e, 0x0, 0xb8, 0x3, 0xd0, 0x7, 0xc0, 0x7c,
    0x0, 0x3d, 0xf, 0x80, 0x2, 0xe0, 0xf0, 0x0,
    0xf, 0x1e, 0x0, 0x0, 0xb7, 0xd0, 0x0, 0x7,
    0xbc, 0x0, 0x0, 0x3f, 0x40, 0x0, 0x2, 0xf0,
    0x0, 0x0, 0x1f, 0x0, 0x0, 0x1, 0xf0, 0x0,
    0x0, 0x1f, 0x0, 0x0, 0x1, 0xf0, 0x0, 0x0,
    0x1f, 0x0, 0x0, 0x1, 0xf0, 0x0,

    /* U+04B0 "Ұ" */
    0x7d, 0x0, 0x0, 0xbc, 0x3f, 0x0, 0x0, 0xf4,
    0xf, 0x40, 0x2, 0xf0, 0xb, 0xc0, 0x3, 0xc0,
    0x3, 0xd0, 0xb, 0x80, 0x2, 0xf0, 0x1f, 0x0,
    0x0, 0xf4, 0x3e, 0x0, 0x0, 0x7c, 0x7c, 0x0,
    0x0, 0x3d, 0xf4, 0x0, 0x0, 0x1f, 0xf0, 0x0,
    0x0, 0xf, 0xd0, 0x0, 0x0, 0x7, 0xc0, 0x0,
    0x3, 0xff, 0xff, 0x80, 0x3, 0xff, 0xff, 0x80,
    0x0, 0x7, 0xc0, 0x0, 0x0, 0x7, 0xc0, 0x0,
    0x0, 0x7, 0xc0, 0x0, 0x0, 0x7, 0xc0, 0x0,

    /* U+04B1 "ұ" */
    0xf8, 0x0, 0x3, 0xd7, 0xc0, 0x0, 0x7c, 0x3d,
    0x0, 0xf, 0x82, 0xf0, 0x0, 0xf0, 0xf, 0x0,
    0x2e, 0x0, 0xf8, 0x3, 0xd0, 0x7, 0xc0, 0x7c,
    0x0, 0x3d, 0xb, 0x80, 0x2, 0xe0, 0xf0, 0x0,
    0xf, 0x1e, 0x0, 0x0, 0xf6, 0xd0, 0x0, 0x7,
    0xbc, 0x0, 0x0, 0x3f, 0x80, 0x0, 0x2, 0xf0,
    0x0, 0xf, 0xff, 0xfd, 0x0, 0xab, 0xfa, 0x80,
    0x0, 0x1f, 0x0, 0x0, 0x1, 0xf0, 0x0, 0x0,
    0x1f, 0x0, 0x0, 0x1, 0xf0, 0x0,

    /* U+04B2 "Ҳ" */
    0x2f, 0x0, 0x1, 0xf0, 0xf, 0x80, 0x3, 0xe0,
    0x7, 0xc0, 0xb, 0xc0, 0x3, 0xe0, 0xf, 0x40,
    0x0, 0xf4, 0x2e, 0x0, 0x0, 0xbc, 0x7c, 0x0,
    0x0, 0x3e, 0xf4, 0x0, 0x0, 0x1f, 0xf0, 0x0,
    0x0, 0xb, 0xd0, 0x0, 0x0, 0xf, 0xe0, 0x0,
    0x0, 0x2e, 0xf4, 0x0, 0x0, 0x7c, 0xbc, 0x0,
    0x0, 0xf4, 0x3e, 0x0, 0x2, 0xf0, 0x1f, 0x0,
    0x3, 0xc0, 0xf, 0x80, 0xf, 0x80, 0x3, 0xd0,
    0x1f, 0x0, 0x2, 0xfd, 0x3d, 0x0, 0x0, 0xfd,
    0x0, 0x0, 0x0, 0x3d, 0x0, 0x0, 0x0, 0x3d,
    0x0, 0x0, 0x0, 0x3d, 0x0, 0x0, 0x0, 0x3d,
    0x0, 0x0, 0x0, 0x3d,

    /* U+04B3 "ҳ" */
    0x3d, 0x0, 0xf, 0x81, 0xf0, 0x2, 0xf0, 0xb,
    0xc0, 0x7d, 0x0, 0x3e, 0xf, 0x80, 0x0, 0xf6,
    0xf0, 0x0, 0xb, 0xfc, 0x0, 0x0, 0x3f, 0x40,
    0x0, 0x3, 0xf8, 0x0, 0x0, 0xbf, 0xd0, 0x0,
    0x1f, 0x1f, 0x0, 0x3, 0xd0, 0xbc, 0x0, 0xf8,
    0x3, 0xe0, 0x2f, 0x0, 0x1f, 0xf7, 0xc0, 0x0,
    0xbf, 0x0, 0x0, 0x1, 0xf0, 0x0, 0x0, 0x1f,
    0x0, 0x0, 0x1, 0xf0, 0x0, 0x0, 0x1f, 0x0,
    0x0, 0x0, 0xa0,

    /* U+04B4 "Ҵ" */
    0xbf, 0xff, 0x83, 0xc0, 0xbf, 0xff, 0x83, 0xc0,
    0x2, 0xe0, 0x3, 0xc0, 0x2, 0xe0, 0x3, 0xc0,
    0x2, 0xe0, 0x3, 0xc0, 0x2, 0xe0, 0x3, 0xc0,
    0x2, 0xe0, 0x3, 0xc0, 0x2, 0xe0, 0x3, 0xc0,
    0x2, 0xe0, 0x3, 0xc0, 0x2, 0xe0, 0x3, 0xc0,
    0x2, 0xe0, 0x3, 0xc0, 0x2, 0xe0, 0x3, 0xc0,
    0x2, 0xe0, 0x3, 0xc0, 0x2, 0xe0, 0x3, 0xc0,
    0x2, 0xe0, 0x3, 0xc0, 0x2, 0xe0, 0x7, 0xc0,
    0x2, 0xff, 0xff, 0xfd, 0x2, 0xff, 0xff, 0xfd,
    0x0, 0x0, 0x0, 0x3d, 0x0, 0x0, 0x0, 0x3d,
    0x0, 0x0, 0x0, 0x3d, 0x0, 0x0, 0x0, 0x3d,
    0x0, 0x0, 0x0, 0x2d,

    /* U+04B5 "ҵ" */
    0xff, 0xff, 0x47, 0xc2, 0xff, 0xfd, 0x1f, 0x0,
    0x3d, 0x0, 0x7c, 0x0, 0xf4, 0x1, 0xf0, 0x3,
    0xd0, 0x7, 0xc0, 0xf, 0x40, 0x1f, 0x0, 0x3d,
    0x0, 0x7c, 0x0, 0xf4, 0x1, 0xf0, 0x3, 0xd0,
    0x7, 0xc0, 0xf, 0x40, 0x1f, 0x0, 0x3d, 0x0,
    0x7c, 0x0, 0xf4, 0x1, 0xf0, 0x3, 0xff, 0xff,
    0xfc, 0xf, 0xff, 0xff, 0xf0, 0x0, 0x0, 0x7,
    0xc0, 0x0, 0x0, 0x1f, 0x0, 0x0, 0x0, 0x7c,
    0x0, 0x0, 0x1, 0xf0, 0x0, 0x0, 0x3, 0xc0,

    /* U+04B6 "Ҷ" */
    0x7c, 0x0, 0xf, 0x1, 0xf0, 0x0, 0x3c, 0x7,
    0xc0, 0x0, 0xf0, 0x1f, 0x0, 0x3, 0xc0, 0x7c,
    0x0, 0xf, 0x1, 0xf0, 0x0, 0x3c, 0x7, 0xc0,
    0x0, 0xf0, 0x1f, 0x0, 0x3, 0xc0, 0x3d, 0x0,
    0xf, 0x0, 0xfd, 0x1, 0xfc, 0x1, 0xff, 0xff,
    0xf0, 0x0, 0xbf, 0xe7, 0xc0, 0x0, 0x0, 0xf,
    0x0, 0x0, 0x0, 0x3c, 0x0, 0x0, 0x0, 0xf0,
    0x0, 0x0, 0x3, 0xc0, 0x0, 0x0, 0xf, 0xf4,
    0x0, 0x0, 0x3f, 0xd0, 0x0, 0x0, 0xf, 0x40,
    0x0, 0x0, 0x3d, 0x0, 0x0, 0x0, 0xf4, 0x0,
    0x0, 0x3, 0xd0, 0x0, 0x0, 0xf, 0x40,

    /* U+04B7 "ҷ" */
    0x3c, 0x0, 0x1f, 0x3, 0xc0, 0x1, 0xf0, 0x3c,
    0x0, 0x1f, 0x3, 0xc0, 0x1, 0xf0, 0x3c, 0x0,
    0x1f, 0x3, 0xc0, 0x1, 0xf0, 0x3d, 0x0, 0x1f,
    0x2, 0xf4, 0xb, 0xf0, 0xf, 0xff, 0xff, 0x0,
    0x2f, 0xe1, 0xf0, 0x0, 0x0, 0x1f, 0x0, 0x0,
    0x1, 0xf0, 0x0, 0x0, 0x1f, 0xf0, 0x0, 0x1,
    0xff, 0x0, 0x0, 0x1, 0xf0, 0x0, 0x0, 0x1f,
    0x0, 0x0, 0x1, 0xf0, 0x0, 0x0, 0x1f, 0x0,
    0x0, 0x0, 0xa0,

    /* U+04B8 "Ҹ" */
    0x7c, 0x0, 0x7, 0xdf, 0x0, 0x1, 0xf7, 0xc0,
    0x0, 0x7d, 0xf0, 0x0, 0x1f, 0x7c, 0x0, 0x7,
    0xdf, 0x3, 0x81, 0xf7, 0xc0, 0xe0, 0x7d, 0xf0,
    0x38, 0x1f, 0x3d, 0xe, 0xb, 0xcf, 0xd3, 0x9f,
    0xf1, 0xff, 0xff, 0xfc, 0xb, 0xfe, 0x1f, 0x0,
    0xe, 0x7, 0xc0, 0x3, 0x81, 0xf0, 0x0, 0xe0,
    0x7c, 0x0, 0x0, 0x1f, 0x0, 0x0, 0x7, 0xc0,
    0x0, 0x1, 0xf0,

    /* U+04B9 "ҹ" */
    0x3c, 0x0, 0xf, 0x4f, 0x0, 0x3, 0xd3, 0xc0,
    0x0, 0xf4, 0xf0, 0x0, 0x3d, 0x3c, 0xe, 0xf,
    0x4f, 0x3, 0x83, 0xd3, 0xd0, 0xe0, 0xf4, 0xbd,
    0x3a, 0xfd, 0xf, 0xff, 0xef, 0x40, 0xbf, 0xc3,
    0xd0, 0x0, 0xe0, 0xf4, 0x0, 0x38, 0x3d, 0x0,
    0x9, 0xf, 0x40, 0x0, 0x3, 0xd0,

    /* U+04BA "Һ" */
    0x7c, 0x0, 0x0, 0x1f, 0x0, 0x0, 0x7, 0xc0,
    0x0, 0x1, 0xf0, 0x0, 0x0, 0x7c, 0x0, 0x0,
    0x1f, 0x0, 0x0, 0x7, 0xc6, 0xff, 0x81, 0xff,
    0xff, 0xfc, 0x7f, 0x90, 0x2f, 0x5f, 0x0, 0x3,
    0xf7, 0xc0, 0x0, 0xbd, 0xf0, 0x0, 0x1f, 0x7c,
    0x0, 0x7, 0xdf, 0x0, 0x1, 0xf7, 0xc0, 0x0,
    0x7d, 0xf0, 0x0, 0x1f, 0x7c, 0x0, 0x7, 0xdf,
    0x0, 0x1, 0xf0,

    /* U+04BB "һ" */
    0xf4, 0x0, 0x0, 0xf4, 0x0, 0x0, 0xf4, 0x0,
    0x0, 0xf4, 0x0, 0x0, 0xf4, 0x0, 0x0, 0xf4,
    0xbf, 0xe0, 0xff, 0xff, 0xfc, 0xfe, 0x40, 0x7d,
    0xf8, 0x0, 0x2e, 0xf4, 0x0, 0x2e, 0xf4, 0x0,
    0x2e, 0xf4, 0x0, 0x2e, 0xf4, 0x0, 0x2e, 0xf4,
    0x0, 0x2e,

    /* U+04BC "Ҽ" */
    0x0, 0x1, 0xbf, 0x80, 0x0, 0xb, 0xff, 0xf0,
    0x0, 0x1f, 0x81, 0xf8, 0x0, 0x2f, 0x0, 0x7c,
    0x0, 0x3d, 0x0, 0x3d, 0x3c, 0x7c, 0x0, 0x3d,
    0x3c, 0x7c, 0x0, 0x3e, 0x3f, 0xff, 0xff, 0xfe,
    0xb, 0xff, 0xff, 0xfe, 0x0, 0x7c, 0x0, 0x0,
    0x0, 0x7c, 0x0, 0x0, 0x0, 0x3d, 0x0, 0x0,
    0x0, 0x3d, 0x0, 0x0, 0x0, 0x3f, 0x0, 0x0,
    0x0, 0x1f, 0x40, 0x0, 0x0, 0xf, 0xd0, 0x1c,
    0x0, 0x3, 0xff, 0xfc, 0x0, 0x0, 0xbf, 0xe4,

    /* U+04BD "ҽ" */
    0x0, 0x2, 0xfe, 0x40, 0x0, 0x1f, 0xff, 0xe0,
    0x0, 0x3e, 0x1, 0xf4, 0x78, 0xbc, 0x0, 0xbc,
    0xb8, 0xf8, 0x0, 0x7c, 0x7f, 0xff, 0xff, 0xfc,
    0x1f, 0xff, 0xff, 0xfc, 0x0, 0xf4, 0x0, 0x0,
    0x0, 0xf4, 0x0, 0x0, 0x0, 0xb8, 0x0, 0x0,
    0x0, 0x7c, 0x0, 0x0, 0x0, 0x2f, 0x40, 0x64,
    0x0, 0xf, 0xff, 0xf8, 0x0, 0x1, 0xff, 0xd0,

    /* U+04BE "Ҿ" */
    0x0, 0x1, 0xbf, 0x80, 0x0, 0xb, 0xff, 0xf0,
    0x0, 0x1f, 0x81, 0xf8, 0x0, 0x2f, 0x0, 0x7c,
    0x0, 0x3d, 0x0, 0x3d, 0x3c, 0x7c, 0x0, 0x3d,
    0x3c, 0x7c, 0x0, 0x3e, 0x3f, 0xff, 0xff, 0xfe,
    0xb, 0xff, 0xff, 0xfe, 0x0, 0x7c, 0x0, 0x0,
    0x0, 0x7c, 0x0, 0x0, 0x0, 0x3d, 0x0, 0x0,
    0x0, 0x3d, 0x0, 0x0, 0x0, 0x3f, 0x0, 0x0,
    0x0, 0x1f, 0x40, 0x0, 0x0, 0xf, 0xd0, 0x1c,
    0x0, 0x3, 0xff, 0xfc, 0x0, 0x0, 0xbf, 0xe4,
    0x0, 0x0, 0x3d, 0x0, 0x0, 0x0, 0x3d, 0x0,
    0x0, 0x0, 0x3d, 0x0, 0x0, 0x0, 0x3d, 0x0,
    0x0, 0x0, 0x18, 0x0,

    /* U+04BF "ҿ" */
    0x0, 0x2, 0xfe, 0x40, 0x0, 0x1f, 0xff, 0xe0,
    0x0, 0x3e, 0x1, 0xf4, 0x78, 0xbc, 0x0, 0xbc,
    0xb8, 0xf8, 0x0, 0x7c, 0x7f, 0xff, 0xff, 0xfc,
    0x1f, 0xff, 0xff, 0xfc, 0x0, 0xf4, 0x0, 0x0,
    0x0, 0xf4, 0x0, 0x0, 0x0, 0xb8, 0x0, 0x0,
    0x0, 0x7c, 0x0, 0x0, 0x0, 0x3f, 0x40, 0x64,
    0x0, 0xf, 0xff, 0xf8, 0x0, 0x1, 0xff, 0xe0,
    0x0, 0x0, 0x7c, 0x0, 0x0, 0x0, 0x7c, 0x0,
    0x0, 0x0, 0x7c, 0x0, 0x0, 0x0, 0x7c, 0x0,
    0x0, 0x0, 0x24, 0x0,

    /* U+04C0 "Ӏ" */
    0x3f, 0xff, 0xf8, 0xab, 0xfa, 0x90, 0x7, 0xc0,
    0x0, 0x1f, 0x0, 0x0, 0x7c, 0x0, 0x1, 0xf0,
    0x0, 0x7, 0xc0, 0x0, 0x1f, 0x0, 0x0, 0x7c,
    0x0, 0x1, 0xf0, 0x0, 0x7, 0xc0, 0x0, 0x1f,
    0x0, 0x0, 0x7c, 0x0, 0x1, 0xf0, 0x0, 0x7,
    0xc0, 0x0, 0x1f, 0x0, 0x2a, 0xfe, 0xa4, 0xff,
    0xff, 0xe0,

    /* U+04C1 "Ӂ" */
    0x3, 0xc0, 0xb, 0x80, 0x3, 0xe0, 0xf, 0x40,
    0x1, 0xfe, 0xbe, 0x0, 0x0, 0x6f, 0xf4, 0x0,
    0x0, 0x0, 0x0, 0x0, 0x0, 0x0, 0x0, 0x0,
    0xb8, 0x3, 0xc0, 0x3c, 0x3c, 0x3, 0xc0, 0xb8,
    0x2e, 0x3, 0xc0, 0xf0, 0xf, 0x3, 0xc2, 0xe0,
    0x7, 0x83, 0xc3, 0xc0, 0x3, 0xc3, 0xcb, 0x80,
    0x1, 0xe3, 0xcf, 0x0, 0x0, 0xf7, 0xee, 0x0,
    0x0, 0x7f, 0xfc, 0x0, 0x0, 0xbb, 0xfd, 0x0,
    0x0, 0xf3, 0xdf, 0x0, 0x2, 0xe3, 0xcf, 0x40,
    0x3, 0xc3, 0xc7, 0xc0, 0xb, 0x83, 0xc3, 0xd0,
    0xf, 0x3, 0xc1, 0xf0, 0x2e, 0x3, 0xc0, 0xf4,
    0x3c, 0x3, 0xc0, 0x7c, 0xb8, 0x3, 0xc0, 0x3d,

    /* U+04C2 "ӂ" */
    0x2, 0x80, 0x6, 0x40, 0x3, 0xd0, 0xf, 0x40,
    0x2, 0xf0, 0x2f, 0x0, 0x0, 0xff, 0xfd, 0x0,
    0x0, 0x1a, 0x90, 0x0, 0x0, 0x0, 0x0, 0x0,
    0xb8, 0x3, 0xc0, 0x3d, 0x3d, 0x3, 0xc0, 0xb8,
    0x1f, 0x3, 0xc1, 0xf0, 0xb, 0x83, 0xc3, 0xc0,
    0x3, 0xd3, 0xcb, 0x80, 0x0, 0xf7, 0xdf, 0x0,
    0x0, 0xbf, 0xfc, 0x0, 0x0, 0xfb, 0xfd, 0x0,
    0x1, 0xf3, 0xcf, 0x0, 0x3, 0xc3, 0xcb, 0x80,
    0xb, 0x83, 0xc3, 0xd0, 0x1f, 0x3, 0xc1, 0xf0,
    0x3d, 0x3, 0xc0, 0xf8, 0xbc, 0x3, 0xc0, 0x3d,

    /* U+04C3 "Ӄ" */
    0x7c, 0x0, 0xf, 0x47, 0xc0, 0x3, 0xe0, 0x7c,
    0x0, 0xf8, 0x7, 0xc0, 0x2f, 0x0, 0x7c, 0xb,
    0xc0, 0x7, 0xc1, 0xf0, 0x0, 0x7c, 0x7c, 0x0,
    0x7, 0xdf, 0x40, 0x0, 0x7f, 0xff, 0x80, 0x7,
    0xff, 0xff, 0x40, 0x7c, 0x1, 0xfd, 0x7, 0xc0,
    0x3, 0xf0, 0x7c, 0x0, 0xf, 0x87, 0xc0, 0x0,
    0xbc, 0x7c, 0x0, 0xb, 0xc7, 0xc0, 0x0, 0x7c,
    0x7c, 0x0, 0x7, 0xc7, 0xc0, 0x0, 0xbc, 0x0,
    0x0, 0xb, 0xc0, 0x0, 0x0, 0xf8, 0x0, 0x0,
    0x2f, 0x0, 0x10, 0x1f, 0xe0, 0x7, 0xff, 0xf8,
    0x0, 0x2f, 0xf8, 0x0,

    /* U+04C4 "ӄ" */
    0x7c, 0x0, 0x7d, 0x1f, 0x0, 0x7d, 0x7, 0xc0,
    0x7d, 0x1, 0xf0, 0x7d, 0x0, 0x7c, 0x7d, 0x0,
    0x1f, 0x7d, 0x0, 0x7, 0xff, 0xf8, 0x1, 0xff,
    0xff, 0xc0, 0x7c, 0x1, 0xfc, 0x1f, 0x0, 0xf,
    0x47, 0xc0, 0x2, 0xf1, 0xf0, 0x0, 0x7c, 0x7c,
    0x0, 0x1f, 0x1f, 0x0, 0x7, 0xc0, 0x0, 0x1,
    0xf0, 0x0, 0x0, 0xbc, 0x0, 0x0, 0x3d, 0x0,
    0x40, 0x7f, 0x0, 0x3f, 0xff, 0x0, 0x7, 0xfe,
    0x0,

    /* U+04C5 "Ӆ" */
    0x0, 0x1f, 0xff, 0xc0, 0x0, 0x1f, 0xff, 0xc0,
    0x0, 0x2e, 0x7, 0xc0, 0x0, 0x2e, 0x7, 0xc0,
    0x0, 0x3d, 0x7, 0xc0, 0x0, 0x3d, 0x7, 0xc0,
    0x0, 0x3c, 0x7, 0xc0, 0x0, 0x7c, 0x7, 0xc0,
    0x0, 0x7c, 0x7, 0xc0, 0x0, 0xb8, 0x7, 0xc0,
    0x0, 0xf8, 0x7, 0xc0, 0x0, 0xf4, 0x7, 0xc0,
    0x0, 0xf0, 0x7, 0xc0, 0x1, 0xf0, 0x7, 0xc0,
    0x2, 0xe0, 0x7, 0xc0, 0x7, 0xd0, 0x7, 0xc0,
    0xff, 0x80, 0x7, 0xfd, 0xfe, 0x0, 0x7, 0xfc,
    0x0, 0x0, 0x0, 0x3c, 0x0, 0x0, 0x0, 0xb8,
    0x0, 0x0, 0x0, 0xf4, 0x0, 0x0, 0x1, 0xf0,
    0x0, 0x0, 0x2, 0xf0,

    /* U+04C6 "ӆ" */
    0x0, 0x7f, 0xff, 0xc0, 0x0, 0xbf, 0xff, 0xc0,
    0x0, 0xb8, 0x7, 0xc0, 0x0, 0xb4, 0x7, 0xc0,
    0x0, 0xf4, 0x7, 0xc0, 0x0, 0xf0, 0x7, 0xc0,
    0x0, 0xf0, 0x7, 0xc0, 0x1, 0xf0, 0x7, 0xc0,
    0x2, 0xe0, 0x7, 0xc0, 0x3, 0xd0, 0x7, 0xc0,
    0x3, 0xc0, 0x7, 0xc0, 0xb, 0xc0, 0x7, 0xc0,
    0x6f, 0x0, 0x7, 0xfc, 0xbd, 0x0, 0x7, 0xfc,
    0x0, 0x0, 0x0, 0x78, 0x0, 0x0, 0x0, 0xb4,
    0x0, 0x0, 0x0, 0xf0, 0x0, 0x0, 0x1, 0xf0,
    0x0, 0x0, 0x1, 0x90,

    /* U+04C7 "Ӈ" */
    0x7c, 0x0, 0x7, 0xdf, 0x0, 0x1, 0xf7, 0xc0,
    0x0, 0x7d, 0xf0, 0x0, 0x1f, 0x7c, 0x0, 0x7,
    0xdf, 0x0, 0x1, 0xf7, 0xc0, 0x0, 0x7d, 0xff,
    0xff, 0xff, 0x7f, 0xff, 0xff, 0xdf, 0x0, 0x2,
    0xf7, 0xc0, 0x0, 0x7d, 0xf0, 0x0, 0x1f, 0x7c,
    0x0, 0x7, 0xdf, 0x0, 0x1, 0xf7, 0xc0, 0x0,
    0x7d, 0xf0, 0x0, 0x1f, 0x7c, 0x0, 0xb, 0xdf,
    0x0, 0x2, 0xf0, 0x0, 0x0, 0xf8, 0x0, 0x0,
    0x3d, 0x0, 0x0, 0x2f, 0x0, 0x50, 0x6f, 0x40,
    0x2f, 0xff, 0x80, 0x7, 0xfe, 0x40,

    /* U+04C8 "ӈ" */
    0xf4, 0x0, 0x2e, 0xf4, 0x0, 0x2e, 0xf4, 0x0,
    0x2e, 0xf4, 0x0, 0x2e, 0xf4, 0x0, 0x2e, 0xf4,
    0x0, 0x2e, 0xff, 0xff, 0xfe, 0xff, 0xff, 0xfe,
    0xf4, 0x0, 0x2e, 0xf4, 0x0, 0x2e, 0xf4, 0x0,
    0x2e, 0xf4, 0x0, 0x2e, 0xf4, 0x0, 0x2e, 0xf4,
    0x0, 0x2e, 0x0, 0x0, 0x3d, 0x0, 0x0, 0x3d,
    0x0, 0x0, 0x7c, 0x1, 0x41, 0xf8, 0x2, 0xff,
    0xf0, 0x0, 0xbf, 0x80,

    /* U+04C9 "Ӊ" */
    0x7c, 0x0, 0x1f, 0x1, 0xf0, 0x0, 0x7c, 0x7,
    0xc0, 0x1, 0xf0, 0x1f, 0x0, 0x7, 0xc0, 0x7c,
    0x0, 0x1f, 0x1, 0xf0, 0x0, 0x7c, 0x7, 0xc0,
    0x1, 0xf0, 0x1f, 0xff, 0xff, 0xc0, 0x7f, 0xff,
    0xff, 0x1, 0xf0, 0x0, 0x7c, 0x7, 0xc0, 0x1,
    0xf0, 0x1f, 0x0, 0x7, 0xc0, 0x7c, 0x0, 0x1f,
    0x1, 0xf0, 0x0, 0x7c, 0x7, 0xc0, 0x1, 0xf0,
    0x1f, 0x0, 0x7, 0xc0, 0x7c, 0x0, 0x1f, 0xf5,
    0xf0, 0x0, 0x7f, 0xc0, 0x0, 0x0, 0xf, 0x0,
    0x0, 0x0, 0xb8, 0x0, 0x0, 0x3, 0xd0, 0x0,
    0x0, 0x1f, 0x0, 0x0, 0x0, 0xbc, 0x0,

    /* U+04CA "ӊ" */
    0xf4, 0x0, 0x7c, 0xf, 0x40, 0x7, 0xc0, 0xf4,
    0x0, 0x7c, 0xf, 0x40, 0x7, 0xc0, 0xf4, 0x0,
    0x7c, 0xf, 0x40, 0x7, 0xc0, 0xff, 0xff, 0xfc,
    0xf, 0xff, 0xff, 0xc0, 0xf4, 0x0, 0x7c, 0xf,
    0x40, 0x7, 0xc0, 0xf4, 0x0, 0x7c, 0xf, 0x40,
    0x7, 0xc0, 0xf4, 0x0, 0x7f, 0xcf, 0x40, 0x7,
    0xfc, 0x0, 0x0, 0x7, 0x80, 0x0, 0x0, 0xb4,
    0x0, 0x0, 0xf, 0x0, 0x0, 0x1, 0xf0, 0x0,
    0x0, 0x19, 0x0,

    /* U+04CB "Ӌ" */
    0x7c, 0x0, 0x7, 0xdf, 0x0, 0x1, 0xf7, 0xc0,
    0x0, 0x7d, 0xf0, 0x0, 0x1f, 0x7c, 0x0, 0x7,
    0xdf, 0x0, 0x1, 0xf7, 0xc0, 0x0, 0x7d, 0xf0,
    0x0, 0x1f, 0x3d, 0x0, 0x7, 0xcf, 0xd0, 0x1b,
    0xf1, 0xff, 0xff, 0xfc, 0xb, 0xfe, 0x1f, 0x0,
    0x0, 0x7, 0xc0, 0x0, 0x1, 0xf0, 0x0, 0x0,
    0x7c, 0x0, 0x0, 0x1f, 0x0, 0x0, 0xbf, 0xc0,
    0x0, 0x2f, 0xf0, 0x0, 0xb, 0x80, 0x0, 0x2,
    0xe0, 0x0, 0x0, 0xb8, 0x0, 0x0, 0x2e, 0x0,
    0x0, 0xb, 0x40,

    /* U+04CC "ӌ" */
    0x3c, 0x0, 0xf, 0x4f, 0x0, 0x3, 0xd3, 0xc0,
    0x0, 0xf4, 0xf0, 0x0, 0x3d, 0x3c, 0x0, 0xf,
    0x4f, 0x0, 0x3, 0xd3, 0xd0, 0x0, 0xf4, 0xbd,
    0x6, 0xfd, 0xf, 0xff, 0xef, 0x40, 0xbf, 0x83,
    0xd0, 0x0, 0x0, 0xf4, 0x0, 0x0, 0x3d, 0x0,
    0x0, 0xff, 0x40, 0x0, 0x3f, 0xd0, 0x0, 0xf,
    0x40, 0x0, 0x3, 0xd0, 0x0, 0x0, 0xf4, 0x0,
    0x0, 0x3d, 0x0, 0x0, 0xa, 0x0,

    /* U+04CD "Ӎ" */
    0xbe, 0x0, 0x2f, 0x82, 0xf8, 0x0, 0xfe, 0xb,
    0xf0, 0x3, 0xf8, 0x2e, 0xc0, 0xe, 0xe0, 0xbb,
    0x40, 0x7b, 0x82, 0xde, 0x2, 0xde, 0xb, 0x7c,
    0xf, 0x78, 0x2d, 0xb0, 0x39, 0xe0, 0xb6, 0xc0,
    0xd7, 0x82, 0xd7, 0x47, 0x5e, 0xb, 0x4e, 0x2c,
    0x78, 0x2d, 0x3c, 0xf1, 0xe0, 0xb4, 0xb3, 0x87,
    0x82, 0xd1, 0xdd, 0x1e, 0xb, 0x47, 0xf0, 0x78,
    0x2d, 0xf, 0xc1, 0xe0, 0xb4, 0x3f, 0x7, 0xf6,
    0xd0, 0xb8, 0x1f, 0xc0, 0x0, 0x0, 0xe, 0x0,
    0x0, 0x0, 0xb4, 0x0, 0x0, 0x3, 0xc0, 0x0,
    0x0, 0x1e, 0x0, 0x0, 0x0, 0xf4, 0x0,

    /* U+04CE "ӎ" */
    0xbc, 0x0, 0x1f, 0x42, 0xf4, 0x0, 0xbd, 0xb,
    0xf0, 0x3, 0xf4, 0x2f, 0xc0, 0x1f, 0xd0, 0xbb,
    0x40, 0xbb, 0x42, 0xde, 0x3, 0xdd, 0xb, 0x6c,
    0xe, 0x74, 0x2d, 0x74, 0x71, 0xd0, 0xb4, 0xe3,
    0xc7, 0x42, 0xd3, 0xce, 0x1d, 0xb, 0x47, 0x74,
    0x74, 0x2d, 0xf, 0xc1, 0xd0, 0xb4, 0x3e, 0x7,
    0xf2, 0xd0, 0xb4, 0x1f, 0xc0, 0x0, 0x0, 0xe,
    0x0, 0x0, 0x0, 0x74, 0x0, 0x0, 0x3, 0xc0,
    0x0, 0x0, 0xf, 0x0, 0x0, 0x0, 0x64, 0x0,

    /* U+04CF "ӏ" */
    0x3f, 0xff, 0xf8, 0xab, 0xfa, 0x90, 0x7, 0xc0,
    0x0, 0x1f, 0x0, 0x0, 0x7c, 0x0, 0x1, 0xf0,
    0x0, 0x7, 0xc0, 0x0, 0x1f, 0x0, 0x0, 0x7c,
    0x0, 0x1, 0xf0, 0x0, 0x7, 0xc0, 0x0, 0x1f,
    0x0, 0x0, 0x7c, 0x0, 0x1, 0xf0, 0x0, 0x7,
    0xc0, 0x0, 0x1f, 0x0, 0x2a, 0xfe, 0xa4, 0xff,
    0xff, 0xe0,

    /* U+04D0 "Ӑ" */
    0x3, 0xc0, 0xb, 0x80, 0x3, 0xe0, 0xf, 0x40,
    0x1, 0xfe, 0xbe, 0x0, 0x0, 0x6f, 0xf4, 0x0,
    0x0, 0x0, 0x0, 0x0, 0x0, 0x0, 0x0, 0x0,
    0x0, 0xb, 0xc0, 0x0, 0x0, 0xf, 0xe0, 0x0,
    0x0, 0x1f, 0xf0, 0x0, 0x0, 0x2d, 0xf0, 0x0,
    0x0, 0x3c, 0xb8, 0x0, 0x0, 0x7c, 0x7c, 0x0,
    0x0, 0xb8, 0x3d, 0x0, 0x0, 0xf0, 0x2e, 0x0,
    0x1, 0xf0, 0x1f, 0x0, 0x2, 0xe0, 0xf, 0x40,
    0x3, 0xff, 0xff, 0x80, 0x7, 0xff, 0xff, 0xc0,
    0xb, 0x80, 0x3, 0xd0, 0xf, 0x0, 0x2, 0xe0,
    0x1f, 0x0, 0x1, 0xf0, 0x2e, 0x0, 0x0, 0xf4,
    0x3d, 0x0, 0x0, 0xb8, 0x7c, 0x0, 0x0, 0x7c,

    /* U+04D1 "ӑ" */
    0xf, 0x0, 0x2e, 0x2, 0xe0, 0xf, 0x40, 0x7f,
    0xaf, 0xc0, 0x6, 0xff, 0x40, 0x0, 0x0, 0x0,
    0x0, 0x0, 0x0, 0x0, 0x1f, 0xfe, 0x0, 0x3f,
    0xff, 0xf0, 0x9, 0x0, 0x7e, 0x0, 0x0, 0x7,
    0xc0, 0x0, 0x1, 0xf0, 0x1, 0x5a, 0xbc, 0xb,
    0xff, 0xff, 0xb, 0xe0, 0x7, 0xc3, 0xd0, 0x1,
    0xf1, 0xf0, 0x0, 0x7c, 0x3c, 0x0, 0x3f, 0xf,
    0x80, 0x3f, 0xc1, 0xff, 0xfc, 0xf0, 0x1f, 0xf8,
    0x3c,

    /* U+04D2 "Ӓ" */
    0x0, 0xb4, 0x3c, 0x0, 0x0, 0xf8, 0x3d, 0x0,
    0x0, 0x20, 0x14, 0x0, 0x0, 0x0, 0x0, 0x0,
    0x0, 0x0, 0x0, 0x0, 0x0, 0xb, 0xc0, 0x0,
    0x0, 0xf, 0xe0, 0x0, 0x0, 0x1f, 0xf0, 0x0,
    0x0, 0x2d, 0xf0, 0x0, 0x0, 0x3c, 0xb8, 0x0,
    0x0, 0x7c, 0x7c, 0x0, 0x0, 0xb8, 0x3d, 0x0,
    0x0, 0xf0, 0x2e, 0x0, 0x1, 0xf0, 0x1f, 0x0,
    0x2, 0xe0, 0xf, 0x40, 0x3, 0xff, 0xff, 0x80,
    0x7, 0xff, 0xff, 0xc0, 0xb, 0x80, 0x3, 0xd0,
    0xf, 0x0, 0x2, 0xe0, 0x1f, 0x0, 0x1, 0xf0,
    0x2e, 0x0, 0x0, 0xf4, 0x3d, 0x0, 0x0, 0xb8,
    0x7c, 0x0, 0x0, 0x7c,

    /* U+04D3 "ӓ" */
    0x1, 0xe0, 0xb4, 0x0, 0xb8, 0x3d, 0x0, 0x8,
    0x6, 0x0, 0x0, 0x0, 0x0, 0x1, 0xff, 0xe0,
    0x3, 0xff, 0xff, 0x0, 0x90, 0x7, 0xe0, 0x0,
    0x0, 0x7c, 0x0, 0x0, 0x1f, 0x0, 0x15, 0xab,
    0xc0, 0xbf, 0xff, 0xf0, 0xbe, 0x0, 0x7c, 0x3d,
    0x0, 0x1f, 0x1f, 0x0, 0x7, 0xc3, 0xc0, 0x3,
    0xf0, 0xf8, 0x3, 0xfc, 0x1f, 0xff, 0xcf, 0x1,
    0xff, 0x83, 0xc0,

    /* U+04D4 "Ӕ" */
    0x0, 0xff, 0xff, 0xfd, 0x0, 0xff, 0xff, 0xfd,
    0x1, 0xe3, 0xd0, 0x0, 0x2, 0xd3, 0xd0, 0x0,
    0x3, 0xc3, 0xd0, 0x0, 0x3, 0xc3, 0xd0, 0x0,
    0x7, 0x83, 0xd0, 0x0, 0x7, 0x43, 0xff, 0xfc,
    0xb, 0x3, 0xff, 0xfc, 0xf, 0x3, 0xd0, 0x0,
    0xf, 0xff, 0xd0, 0x0, 0x1f, 0xff, 0xd0, 0x0,
    0x2d, 0x3, 0xd0, 0x0, 0x3c, 0x3, 0xd0, 0x0,
    0x3c, 0x3, 0xd0, 0x0, 0x78, 0x3, 0xd0, 0x0,
    0xb4, 0x3, 0xff, 0xfd, 0xf4, 0x3, 0xff, 0xfd,

    /* U+04D5 "ӕ" */
    0x7, 0xf8, 0x1f, 0x80, 0x1f, 0xfe, 0x7f, 0xf0,
    0x8, 0xf, 0xe0, 0xf4, 0x0, 0x7, 0xc0, 0x7c,
    0x0, 0x7, 0xc0, 0x3c, 0x2, 0xaf, 0xea, 0xfc,
    0x1f, 0xff, 0xff, 0xfc, 0x3e, 0x7, 0xc0, 0x0,
    0x7c, 0x7, 0xc0, 0x0, 0x7c, 0xb, 0xc0, 0x0,
    0x7c, 0xf, 0xd0, 0x0, 0x3d, 0x2e, 0xf4, 0x18,
    0x2f, 0xf8, 0x7f, 0xf8, 0xb, 0xe0, 0x1f, 0xe0,

    /* U+04D6 "Ӗ" */
    0x2d, 0x0, 0x7c, 0x2f, 0x0, 0xf8, 0xf, 0xeb,
    0xf0, 0x2, 0xff, 0x80, 0x0, 0x0, 0x0, 0x0,
    0x0, 0x0, 0x7f, 0xff, 0xfd, 0x7f, 0xff, 0xfd,
    0x7c, 0x0, 0x0, 0x7c, 0x0, 0x0, 0x7c, 0x0,
    0x0, 0x7c, 0x0, 0x0, 0x7c, 0x0, 0x0, 0x7f,
    0xff, 0xfc, 0x7f, 0xff, 0xfc, 0x7c, 0x0, 0x0,
    0x7c, 0x0, 0x0, 0x7c, 0x0, 0x0, 0x7c, 0x0,
    0x0, 0x7c, 0x0, 0x0, 0x7c, 0x0, 0x0, 0x7c,
    0x0, 0x0, 0x7f, 0xff, 0xfd, 0x7f, 0xff, 0xfd,

    /* U+04D7 "ӗ" */
    0xf, 0x40, 0x1f, 0x2, 0xe0, 0xf, 0x80, 0x3f,
    0xaf, 0xc0, 0x2, 0xff, 0x80, 0x0, 0x0, 0x0,
    0x0, 0x0, 0x0, 0x0, 0xb, 0xfe, 0x0, 0xf,
    0xff, 0xf4, 0xf, 0x80, 0x2f, 0xb, 0x80, 0x3,
    0xe3, 0xd0, 0x0, 0xbc, 0xff, 0xff, 0xff, 0x7f,
    0xff, 0xff, 0xdf, 0x0, 0x0, 0x3, 0xd0, 0x0,
    0x0, 0xf8, 0x0, 0x0, 0x2f, 0x0, 0x0, 0x3,
    0xf4, 0x1, 0x80, 0x3f, 0xff, 0xf0, 0x1, 0xbf,
    0xe4,

    /* U+04D8 "Ә" */
    0xb, 0xff, 0x80, 0x2, 0xff, 0xff, 0x80, 0x29,
    0x1, 0xbe, 0x0, 0x0, 0x2, 0xf4, 0x0, 0x0,
    0xf, 0xc0, 0x0, 0x0, 0x7c, 0x0, 0x0, 0x3,
    0xd0, 0x0, 0x0, 0x3d, 0xff, 0xff, 0xff, 0xef,
    0xff, 0xff, 0xfe, 0xf8, 0x0, 0x3, 0xdf, 0x80,
    0x0, 0x3d, 0xbc, 0x0, 0x7, 0xc7, 0xc0, 0x0,
    0xfc, 0x3e, 0x0, 0x1f, 0x41, 0xf8, 0xb, 0xf0,
    0xb, 0xff, 0xfc, 0x0, 0x1b, 0xf9, 0x0,

    /* U+04D9 "ә" */
    0x6, 0xff, 0x80, 0xb, 0xff, 0xfe, 0x1, 0x90,
    0x7, 0xe0, 0x0, 0x0, 0x7c, 0x0, 0x0, 0xf,
    0x80, 0x0, 0x2, 0xf7, 0xff, 0xff, 0xfd, 0xff,
    0xff, 0xff, 0x3c, 0x0, 0xb, 0xcf, 0x40, 0x3,
    0xe3, 0xf0, 0x1, 0xf0, 0x7e, 0x1, 0xf8, 0x7,
    0xff, 0xf8, 0x0, 0x2f, 0xe4, 0x0,

    /* U+04DA "Ӛ" */
    0x2, 0xd0, 0xb0, 0x0, 0x2e, 0xf, 0x40, 0x0,
    0x80, 0x50, 0x0, 0x0, 0x0, 0x0, 0x0, 0x0,
    0x0, 0x0, 0xbf, 0xf8, 0x0, 0x2f, 0xff, 0xf8,
    0x2, 0x90, 0x1b, 0xe0, 0x0, 0x0, 0x2f, 0x40,
    0x0, 0x0, 0xfc, 0x0, 0x0, 0x7, 0xc0, 0x0,
    0x0, 0x3d, 0x0, 0x0, 0x3, 0xdf, 0xff, 0xff,
    0xfe, 0xff, 0xff, 0xff, 0xef, 0x80, 0x0, 0x3d,
    0xf8, 0x0, 0x3, 0xdb, 0xc0, 0x0, 0x7c, 0x7c,
    0x0, 0xf, 0xc3, 0xe0, 0x1, 0xf4, 0x1f, 0x80,
    0xbf, 0x0, 0xbf, 0xff, 0xc0, 0x1, 0xbf, 0x90,
    0x0,

    /* U+04DB "ӛ" */
    0x2, 0xd0, 0xb0, 0x0, 0xb8, 0x3d, 0x0, 0x8,
    0x5, 0x0, 0x0, 0x0, 0x0, 0x6, 0xff, 0x80,
    0xb, 0xff, 0xfe, 0x1, 0x90, 0x7, 0xe0, 0x0,
    0x0, 0x7c, 0x0, 0x0, 0xf, 0x80, 0x0, 0x2,
    0xf7, 0xff, 0xff, 0xfd, 0xff, 0xff, 0xff, 0x3c,
    0x0, 0xb, 0xcf, 0x40, 0x3, 0xe3, 0xf0, 0x1,
    0xf0, 0x7e, 0x1, 0xf8, 0x7, 0xff, 0xf8, 0x0,
    0x2f, 0xe4, 0x0,

    /* U+04DC "Ӝ" */
    0x0, 0xb4, 0x3c, 0x0, 0x0, 0xf8, 0x3d, 0x0,
    0x0, 0x20, 0x14, 0x0, 0x0, 0x0, 0x0, 0x0,
    0x0, 0x0, 0x0, 0x0, 0xb8, 0x3, 0xc0, 0x3c,
    0x3c, 0x3, 0xc0, 0xb8, 0x2e, 0x3, 0xc0, 0xf0,
    0xf, 0x3, 0xc2, 0xe0, 0x7, 0x83, 0xc3, 0xc0,
    0x3, 0xc3, 0xcb, 0x80, 0x1, 0xe3, 0xcf, 0x0,
    0x0, 0xf7, 0xee, 0x0, 0x0, 0x7f, 0xfc, 0x0,
    0x0, 0xbb, 0xfd, 0x0, 0x0, 0xf3, 0xdf, 0x0,
    0x2, 0xe3, 0xcf, 0x40, 0x3, 0xc3, 0xc7, 0xc0,
    0xb, 0x83, 0xc3, 0xd0, 0xf, 0x3, 0xc1, 0xf0,
    0x2e, 0x3, 0xc0, 0xf4, 0x3c, 0x3, 0xc0, 0x7c,
    0xb8, 0x3, 0xc0, 0x3d,

    /* U+04DD "ӝ" */
    0x0, 0xb4, 0x3c, 0x0, 0x0, 0xf8, 0x3d, 0x0,
    0x0, 0x20, 0x14, 0x0, 0x0, 0x0, 0x0, 0x0,
    0xb8, 0x3, 0xc0, 0x3d, 0x3d, 0x3, 0xc0, 0xb8,
    0x1f, 0x3, 0xc1, 0xf0, 0xb, 0x83, 0xc3, 0xc0,
    0x3, 0xd3, 0xcb, 0x80, 0x0, 0xf7, 0xdf, 0x0,
    0x0, 0xbf, 0xfc, 0x0, 0x0, 0xfb, 0xfd, 0x0,
    0x1, 0xf3, 0xcf, 0x0, 0x3, 0xc3, 0xcb, 0x80,
    0xb, 0x83, 0xc3, 0xd0, 0x1f, 0x3, 0xc1, 0xf0,
    0x3d, 0x3, 0xc0, 0xf8, 0xbc, 0x3, 0xc0, 0x3d,

    /* U+04DE "Ӟ" */
    0x3, 0xc0, 0xf0, 0x0, 0xf4, 0x7c, 0x0, 0x14,
    0x5, 0x0, 0x0, 0x0, 0x0, 0x0, 0x0, 0x0,
    0x0, 0xbf, 0xf4, 0x2, 0xff, 0xff, 0xc0, 0xb4,
    0x1, 0xfc, 0x0, 0x0, 0x1f, 0x0, 0x0, 0x3,
    0xc0, 0x0, 0x2, 0xf0, 0x0, 0x6, 0xf8, 0x7,
    0xff, 0xf8, 0x1, 0xff, 0xe0, 0x0, 0x0, 0x1b,
    0x80, 0x0, 0x0, 0x7c, 0x0, 0x0, 0xf, 0x40,
    0x0, 0x3, 0xe0, 0x0, 0x0, 0xf8, 0x0, 0x0,
    0x7d, 0x34, 0x0, 0xbf, 0xf, 0xff, 0xff, 0x1,
    0xbf, 0xf9, 0x0,

    /* U+04DF "ӟ" */
    0xb, 0x43, 0xc0, 0xf, 0x83, 0xd0, 0x2, 0x1,
    0x40, 0x0, 0x0, 0x0, 0x1b, 0xff, 0x40, 0x3f,
    0xff, 0xf0, 0x24, 0x1, 0xf4, 0x0, 0x0, 0xb8,
    0x0, 0x0, 0xb8, 0x0, 0x2, 0xf0, 0x3, 0xff,
    0x80, 0x3, 0xff, 0xe0, 0x0, 0x1, 0xf8, 0x0,
    0x0, 0x7c, 0x0, 0x0, 0x7c, 0x60, 0x0, 0xfc,
    0x7f, 0xff, 0xf0, 0x1f, 0xff, 0x40,

    /* U+04E0 "Ӡ" */
    0x7f, 0xff, 0xfc, 0x7f, 0xff, 0xfc, 0x0, 0x1,
    0xf4, 0x0, 0x7, 0xd0, 0x0, 0x1f, 0x40, 0x0,
    0x7c, 0x0, 0x2, 0xf0, 0x0, 0x3, 0xfa, 0x40,
    0x3, 0xff, 0xf0, 0x0, 0x2, 0xfc, 0x0, 0x0,
    0x7e, 0x0, 0x0, 0x3f, 0x0, 0x0, 0x2f, 0x0,
    0x0, 0x3e, 0x0, 0x0, 0x7d, 0xe0, 0x1, 0xfc,
    0xff, 0xff, 0xf0, 0x2f, 0xfe, 0x40,

    /* U+04E1 "ӡ" */
    0xbf, 0xff, 0xfc, 0x7f, 0xff, 0xfc, 0x0, 0x0,
    0xf4, 0x0, 0x3, 0xd0, 0x0, 0xf, 0x40, 0x0,
    0x3e, 0x0, 0x0, 0xb8, 0x0, 0x2, 0xf0, 0x0,
    0x3, 0xfe, 0x40, 0x2, 0xbf, 0xf0, 0x0, 0x1,
    0xfc, 0x0, 0x0, 0x3d, 0x0, 0x0, 0x2e, 0x0,
    0x0, 0x2e, 0x0, 0x0, 0x2e, 0x0, 0x0, 0x3d,
    0x0, 0x0, 0x7c, 0x90, 0x2, 0xf4, 0xff, 0xff,
    0xe0, 0x6f, 0xfe, 0x0,

    /* U+04E2 "Ӣ" */
    0x2, 0xff, 0xf4, 0x0, 0xff, 0xfd, 0x0, 0x0,
    0x0, 0x0, 0x0, 0x0, 0x0, 0x7c, 0x0, 0xf,
    0xdf, 0x0, 0xb, 0xf7, 0xc0, 0x3, 0xfd, 0xf0,
    0x2, 0xef, 0x7c, 0x0, 0xf7, 0xdf, 0x0, 0xb8,
    0xf7, 0xc0, 0x3c, 0x7d, 0xf0, 0x2e, 0x1f, 0x7c,
    0xf, 0x7, 0xdf, 0xb, 0x81, 0xf7, 0xc3, 0xc0,
    0x7d, 0xf2, 0xe0, 0x1f, 0x7c, 0xf0, 0x7, 0xdf,
    0xb8, 0x1, 0xf7, 0xfc, 0x0, 0x7d, 0xfe, 0x0,
    0x1f, 0x7f, 0x0, 0x7, 0xdf, 0x80, 0x1, 0xf0,

    /* U+04E3 "ӣ" */
    0xf, 0xff, 0xd0, 0xb, 0xff, 0xd0, 0x0, 0x0,
    0x0, 0xf0, 0x0, 0xbe, 0xf0, 0x0, 0xfe, 0xf0,
    0x3, 0xfe, 0xf0, 0x7, 0xee, 0xf0, 0xf, 0x6e,
    0xf0, 0x1e, 0x2e, 0xf0, 0x3c, 0x2e, 0xf0, 0xb8,
    0x2e, 0xf0, 0xf0, 0x2e, 0xf2, 0xd0, 0x2e, 0xf7,
    0xc0, 0x2e, 0xff, 0x40, 0x2e, 0xff, 0x0, 0x2e,
    0xfd, 0x0, 0x2e,

    /* U+04E4 "Ӥ" */
    0x2, 0xd0, 0xb0, 0x0, 0xb8, 0x3d, 0x0, 0x8,
    0x5, 0x0, 0x0, 0x0, 0x0, 0x0, 0x0, 0x0,
    0x1f, 0x0, 0x3, 0xf7, 0xc0, 0x2, 0xfd, 0xf0,
    0x0, 0xff, 0x7c, 0x0, 0xbb, 0xdf, 0x0, 0x3d,
    0xf7, 0xc0, 0x2e, 0x3d, 0xf0, 0xf, 0x1f, 0x7c,
    0xb, 0x87, 0xdf, 0x3, 0xc1, 0xf7, 0xc2, 0xe0,
    0x7d, 0xf0, 0xf0, 0x1f, 0x7c, 0xb8, 0x7, 0xdf,
    0x3c, 0x1, 0xf7, 0xee, 0x0, 0x7d, 0xff, 0x0,
    0x1f, 0x7f, 0x80, 0x7, 0xdf, 0xc0, 0x1, 0xf7,
    0xe0, 0x0, 0x7c,

    /* U+04E5 "ӥ" */
    0xb, 0x42, 0xc0, 0xb, 0x83, 0xd0, 0x2, 0x1,
    0x40, 0x0, 0x0, 0x0, 0xf0, 0x0, 0xbe, 0xf0,
    0x0, 0xfe, 0xf0, 0x3, 0xfe, 0xf0, 0x7, 0xee,
    0xf0, 0xf, 0x6e, 0xf0, 0x1e, 0x2e, 0xf0, 0x3c,
    0x2e, 0xf0, 0xb8, 0x2e, 0xf0, 0xf0, 0x2e, 0xf2,
    0xd0, 0x2e, 0xf7, 0xc0, 0x2e, 0xff, 0x40, 0x2e,
    0xff, 0x0, 0x2e, 0xfd, 0x0, 0x2e,

    /* U+04E6 "Ӧ" */
    0x2, 0xd0, 0xb0, 0x0, 0x2e, 0xf, 0x40, 0x0,
    0x80, 0x50, 0x0, 0x0, 0x0, 0x0, 0x0, 0x0,
    0x0, 0x0, 0xb, 0xfd, 0x0, 0x7, 0xff, 0xfc,
    0x1, 0xfd, 0x7, 0xf0, 0x3f, 0x0, 0xf, 0x47,
    0xd0, 0x0, 0xbc, 0xbc, 0x0, 0x7, 0xcf, 0xc0,
    0x0, 0x3d, 0xf8, 0x0, 0x3, 0xdf, 0x80, 0x0,
    0x3e, 0xf8, 0x0, 0x3, 0xef, 0x80, 0x0, 0x3d,
    0xfc, 0x0, 0x3, 0xdb, 0xc0, 0x0, 0x7c, 0x7d,
    0x0, 0xb, 0xc3, 0xf0, 0x0, 0xf4, 0x1f, 0xd0,
    0x7f, 0x0, 0xbf, 0xff, 0xc0, 0x0, 0xbf, 0xd0,
    0x0,

    /* U+04E7 "ӧ" */
    0x2, 0xd0, 0xf0, 0x0, 0x3d, 0xf, 0x0, 0x1,
    0x80, 0x50, 0x0, 0x0, 0x0, 0x0, 0x0, 0xbf,
    0xd0, 0x0, 0x7f, 0xff, 0xc0, 0x1f, 0x80, 0x3f,
    0x3, 0xe0, 0x0, 0xf4, 0x3c, 0x0, 0xb, 0xc7,
    0xc0, 0x0, 0x7c, 0xbc, 0x0, 0x7, 0xcb, 0xc0,
    0x0, 0x7c, 0x7c, 0x0, 0x7, 0xc3, 0xc0, 0x0,
    0xbc, 0x3e, 0x0, 0xf, 0x40, 0xf8, 0x3, 0xf0,
    0x7, 0xff, 0xfc, 0x0, 0xb, 0xfd, 0x0,

    /* U+04E8 "Ө" */
    0x0, 0xbf, 0xd0, 0x0, 0x7f, 0xff, 0xc0, 0x1f,
    0x90, 0x7f, 0x3, 0xe0, 0x0, 0xf4, 0x7c, 0x0,
    0x7, 0xcb, 0xc0, 0x0, 0x3c, 0xf8, 0x0, 0x3,
    0xdf, 0xff, 0xff, 0xfd, 0xff, 0xff, 0xff, 0xef,
    0x80, 0x0, 0x3e, 0xf8, 0x0, 0x3, 0xdf, 0xc0,
    0x0, 0x3d, 0xbc, 0x0, 0x7, 0xc7, 0xd0, 0x0,
    0xbc, 0x3f, 0x0, 0x1f, 0x41, 0xfd, 0x7, 0xf0,
    0x7, 0xff, 0xfc, 0x0, 0xb, 0xfd, 0x0,

    /* U+04E9 "ө" */
    0x0, 0xbf, 0xd0, 0x0, 0x7f, 0xff, 0xc0, 0x1f,
    0x80, 0x7f, 0x3, 0xe0, 0x0, 0xf4, 0x3c, 0x0,
    0xb, 0xc7, 0xc0, 0x0, 0x7c, 0xbf, 0xff, 0xff,
    0xcb, 0xff, 0xff, 0xfc, 0x7c, 0x0, 0x7, 0xc3,
    0xc0, 0x0, 0xbc, 0x3e, 0x0, 0xf, 0x40, 0xf8,
    0x3, 0xf0, 0x7, 0xff, 0xfc, 0x0, 0xb, 0xfd,
    0x0,

    /* U+04EA "Ӫ" */
    0x2, 0xd0, 0xb0, 0x0, 0x2e, 0xf, 0x40, 0x0,
    0x80, 0x50, 0x0, 0x0, 0x0, 0x0, 0x0, 0x0,
    0x0, 0x0, 0xb, 0xfd, 0x0, 0x7, 0xff, 0xfc,
    0x1, 0xf9, 0x7, 0xf0, 0x3e, 0x0, 0xf, 0x47,
    0xc0, 0x0, 0x7c, 0xbc, 0x0, 0x3, 0xcf, 0x80,
    0x0, 0x3d, 0xff, 0xff, 0xff, 0xdf, 0xff, 0xff,
    0xfe, 0xf8, 0x0, 0x3, 0xef, 0x80, 0x0, 0x3d,
    0xfc, 0x0, 0x3, 0xdb, 0xc0, 0x0, 0x7c, 0x7d,
    0x0, 0xb, 0xc3, 0xf0, 0x1, 0xf4, 0x1f, 0xd0,
    0x7f, 0x0, 0x7f, 0xff, 0xc0, 0x0, 0xbf, 0xd0,
    0x0,

    /* U+04EB "ӫ" */
    0x2, 0xd0, 0xf0, 0x0, 0x3d, 0xf, 0x0, 0x1,
    0x80, 0x50, 0x0, 0x0, 0x0, 0x0, 0x0, 0xbf,
    0xd0, 0x0, 0x7f, 0xff, 0xc0, 0x1f, 0x80, 0x7f,
    0x3, 0xe0, 0x0, 0xf4, 0x3c, 0x0, 0xb, 0xc7,
    0xc0, 0x0, 0x7c, 0xbf, 0xff, 0xff, 0xcb, 0xff,
    0xff, 0xfc, 0x7c, 0x0, 0x7, 0xc3, 0xc0, 0x0,
    0xbc, 0x3e, 0x0, 0xf, 0x40, 0xf8, 0x3, 0xf0,
    0x7, 0xff, 0xfc, 0x0, 0xb, 0xfd, 0x0,

    /* U+04EC "Ӭ" */
    0x3, 0xc1, 0xe0, 0x0, 0x7c, 0x2f, 0x0, 0x1,
    0x40, 0x80, 0x0, 0x0, 0x0, 0x0, 0x0, 0x0,
    0x0, 0x0, 0xbf, 0xf8, 0x0, 0x3f, 0xff, 0xf8,
    0x1, 0xd0, 0x1b, 0xf0, 0x0, 0x0, 0x1f, 0x80,
    0x0, 0x0, 0x7c, 0x0, 0x0, 0x3, 0xe0, 0x0,
    0x0, 0x2f, 0x2, 0xff, 0xff, 0xf0, 0x2f, 0xff,
    0xff, 0x0, 0x0, 0x2, 0xf0, 0x0, 0x0, 0x2f,
    0x0, 0x0, 0x3, 0xe0, 0x0, 0x0, 0x3d, 0x0,
    0x0, 0xb, 0xc0, 0x0, 0x2, 0xf8, 0x24, 0x1,
    0xff, 0x3, 0xff, 0xff, 0x80, 0x1b, 0xff, 0x80,
    0x0,

    /* U+04ED "ӭ" */
    0xe, 0x7, 0x80, 0x1f, 0xb, 0x80, 0x5, 0x2,
    0x0, 0x0, 0x0, 0x0, 0x2f, 0xfe, 0x0, 0x7f,
    0xff, 0xd0, 0x24, 0x7, 0xf0, 0x0, 0x0, 0xfc,
    0x0, 0x0, 0x7c, 0x0, 0x0, 0x3d, 0xb, 0xff,
    0xfd, 0xb, 0xff, 0xfd, 0x0, 0x0, 0x3d, 0x0,
    0x0, 0x3c, 0x0, 0x0, 0xbc, 0x50, 0x7, 0xf0,
    0xbf, 0xff, 0xd0, 0x2f, 0xfe, 0x0,

    /* U+04EE "Ӯ" */
    0x0, 0xbf, 0xfd, 0x0, 0x0, 0xff, 0xfe, 0x0,
    0x0, 0x0, 0x0, 0x0, 0x0, 0x0, 0x0, 0x0,
    0x7c, 0x0, 0x0, 0x7c, 0x3e, 0x0, 0x0, 0xf8,
    0x1f, 0x0, 0x1, 0xf0, 0xf, 0x80, 0x2, 0xe0,
    0x7, 0xc0, 0x3, 0xd0, 0x3, 0xe0, 0xb, 0xc0,
    0x1, 0xf0, 0xf, 0x40, 0x0, 0xf8, 0x1f, 0x0,
    0x0, 0x7c, 0x3e, 0x0, 0x0, 0x3e, 0x3c, 0x0,
    0x0, 0x1f, 0xb8, 0x0, 0x0, 0xf, 0xf0, 0x0,
    0x0, 0x7, 0xf0, 0x0, 0x0, 0x3, 0xd0, 0x0,
    0x0, 0xb, 0xc0, 0x0, 0x10, 0x6f, 0x40, 0x0,
    0x3f, 0xfd, 0x0, 0x0, 0x2f, 0xe0, 0x0, 0x0,

    /* U+04EF "ӯ" */
    0x2, 0xff, 0xf4, 0x0, 0x3f, 0xff, 0x40, 0x0,
    0x0, 0x0, 0x0, 0x0, 0x0, 0x0, 0xb8, 0x0,
    0x3, 0xd7, 0xc0, 0x0, 0x7c, 0x3d, 0x0, 0xf,
    0x82, 0xf0, 0x0, 0xf0, 0xf, 0x0, 0x2f, 0x0,
    0xb8, 0x3, 0xd0, 0x7, 0xc0, 0x7c, 0x0, 0x3d,
    0xb, 0x80, 0x1, 0xf0, 0xf0, 0x0, 0xf, 0x1f,
    0x0, 0x0, 0xba, 0xd0, 0x0, 0x3, 0xfc, 0x0,
    0x0, 0x3f, 0x80, 0x0, 0x1, 0xf4, 0x0, 0x0,
    0x1f, 0x0, 0x0, 0x3, 0xe0, 0x0, 0x0, 0x3c,
    0x0, 0x0, 0xf, 0x80, 0x0, 0xbf, 0xf0, 0x0,
    0xb, 0xf8, 0x0, 0x0,

    /* U+04F0 "Ӱ" */
    0x0, 0xb4, 0x3c, 0x0, 0x0, 0xf8, 0x3d, 0x0,
    0x0, 0x20, 0x14, 0x0, 0x0, 0x0, 0x0, 0x0,
    0x0, 0x0, 0x0, 0x0, 0x7c, 0x0, 0x0, 0x7c,
    0x3e, 0x0, 0x0, 0xf8, 0x1f, 0x0, 0x1, 0xf0,
    0xf, 0x80, 0x2, 0xe0, 0x7, 0xc0, 0x3, 0xd0,
    0x3, 0xe0, 0xb, 0xc0, 0x1, 0xf0, 0xf, 0x40,
    0x0, 0xf8, 0x1f, 0x0, 0x0, 0x7c, 0x3e, 0x0,
    0x0, 0x3e, 0x3c, 0x0, 0x0, 0x1f, 0xb8, 0x0,
    0x0, 0xf, 0xf0, 0x0, 0x0, 0x7, 0xf0, 0x0,
    0x0, 0x3, 0xd0, 0x0, 0x0, 0xb, 0xc0, 0x0,
    0x10, 0x6f, 0x40, 0x0, 0x3f, 0xfd, 0x0, 0x0,
    0x2f, 0xe0, 0x0, 0x0,

    /* U+04F1 "ӱ" */
    0x1, 0xd0, 0xb0, 0x0, 0x2e, 0xf, 0x40, 0x0,
    0x80, 0x60, 0x0, 0x0, 0x0, 0x0, 0xb8, 0x0,
    0x3, 0xd7, 0xc0, 0x0, 0x7c, 0x3d, 0x0, 0xf,
    0x82, 0xf0, 0x0, 0xf0, 0xf, 0x0, 0x2f, 0x0,
    0xb8, 0x3, 0xd0, 0x7, 0xc0, 0x7c, 0x0, 0x3d,
    0xb, 0x80, 0x1, 0xf0, 0xf0, 0x0, 0xf, 0x1f,
    0x0, 0x0, 0xba, 0xd0, 0x0, 0x3, 0xfc, 0x0,
    0x0, 0x3f, 0x80, 0x0, 0x1, 0xf4, 0x0, 0x0,
    0x1f, 0x0, 0x0, 0x3, 0xe0, 0x0, 0x0, 0x3c,
    0x0, 0x0, 0xf, 0x80, 0x0, 0xbf, 0xf0, 0x0,
    0xb, 0xf8, 0x0, 0x0,

    /* U+04F2 "Ӳ" */
    0x0, 0x0, 0x0, 0x0, 0x0, 0xf, 0x87, 0xc0,
    0x0, 0x1f, 0xf, 0x40, 0x0, 0x3c, 0x1e, 0x0,
    0x0, 0xb0, 0x38, 0x0, 0x0, 0x0, 0x0, 0x0,
    0x0, 0x0, 0x0, 0x0, 0x7c, 0x0, 0x0, 0x7c,
    0x3e, 0x0, 0x0, 0xf8, 0x1f, 0x0, 0x1, 0xf0,
    0xf, 0x80, 0x2, 0xe0, 0x7, 0xc0, 0x3, 0xd0,
    0x3, 0xe0, 0xb, 0xc0, 0x1, 0xf0, 0xf, 0x40,
    0x0, 0xf8, 0x1f, 0x0, 0x0, 0x7c, 0x3e, 0x0,
    0x0, 0x3e, 0x3c, 0x0, 0x0, 0x1f, 0xb8, 0x0,
    0x0, 0xf, 0xf0, 0x0, 0x0, 0x7, 0xf0, 0x0,
    0x0, 0x3, 0xd0, 0x0, 0x0, 0xb, 0xc0, 0x0,
    0x10, 0x6f, 0x40, 0x0, 0x3f, 0xfd, 0x0, 0x0,
    0x2f, 0xe0, 0x0, 0x0,

    /* U+04F3 "ӳ" */
    0x0, 0x2f, 0xf, 0x40, 0x7, 0xc2, 0xe0, 0x0,
    0xf4, 0x7c, 0x0, 0x1d, 0xf, 0x0, 0x0, 0x0,
    0x0, 0x0, 0x0, 0x0, 0x0, 0xb8, 0x0, 0x3,
    0xd7, 0xc0, 0x0, 0x7c, 0x3d, 0x0, 0xf, 0x82,
    0xf0, 0x0, 0xf0, 0xf, 0x0, 0x2f, 0x0, 0xb8,
    0x3, 0xd0, 0x7, 0xc0, 0x7c, 0x0, 0x3d, 0xb,
    0x80, 0x1, 0xf0, 0xf0, 0x0, 0xf, 0x1f, 0x0,
    0x0, 0xba, 0xd0, 0x0, 0x3, 0xfc, 0x0, 0x0,
    0x3f, 0x80, 0x0, 0x1, 0xf4, 0x0, 0x0, 0x1f,
    0x0, 0x0, 0x3, 0xe0, 0x0, 0x0, 0x3c, 0x0,
    0x0, 0xf, 0x80, 0x0, 0xbf, 0xf0, 0x0, 0xb,
    0xf8, 0x0, 0x0,

    /* U+04F4 "Ӵ" */
    0x2, 0xd0, 0xb0, 0x0, 0xb8, 0x3d, 0x0, 0x8,
    0x5, 0x0, 0x0, 0x0, 0x0, 0x0, 0x0, 0x0,
    0x1f, 0x0, 0x1, 0xf7, 0xc0, 0x0, 0x7d, 0xf0,
    0x0, 0x1f, 0x7c, 0x0, 0x7, 0xdf, 0x0, 0x1,
    0xf7, 0xc0, 0x0, 0x7d, 0xf0, 0x0, 0x1f, 0x7c,
    0x0, 0x7, 0xcf, 0x40, 0x1, 0xf3, 0xf4, 0x17,
    0xfc, 0x7f, 0xff, 0xff, 0x6, 0xff, 0x87, 0xc0,
    0x0, 0x1, 0xf0, 0x0, 0x0, 0x7c, 0x0, 0x0,
    0x1f, 0x0, 0x0, 0x7, 0xc0, 0x0, 0x1, 0xf0,
    0x0, 0x0, 0x7c,

    /* U+04F5 "ӵ" */
    0x2, 0xd0, 0xf0, 0x0, 0xf8, 0x3d, 0x0, 0x18,
    0x5, 0x0, 0x0, 0x0, 0x0, 0x3c, 0x0, 0xf,
    0x4f, 0x0, 0x3, 0xd3, 0xc0, 0x0, 0xf4, 0xf0,
    0x0, 0x3d, 0x3c, 0x0, 0xf, 0x4f, 0x0, 0x3,
    0xd3, 0xd0, 0x0, 0xf4, 0xbd, 0x6, 0xfd, 0xf,
    0xff, 0xef, 0x40, 0xbf, 0x83, 0xd0, 0x0, 0x0,
    0xf4, 0x0, 0x0, 0x3d, 0x0, 0x0, 0xf, 0x40,
    0x0, 0x3, 0xd0,

    /* U+04F6 "Ӷ" */
    0x3f, 0xff, 0xfd, 0x3f, 0xff, 0xfd, 0x3c, 0x0,
    0x0, 0x3c, 0x0, 0x0, 0x3c, 0x0, 0x0, 0x3c,
    0x0, 0x0, 0x3c, 0x0, 0x0, 0x3c, 0x0, 0x0,
    0x3c, 0x0, 0x0, 0x3c, 0x0, 0x0, 0x3c, 0x0,
    0x0, 0x3c, 0x0, 0x0, 0x3c, 0x0, 0x0, 0x3c,
    0x0, 0x0, 0x3c, 0x0, 0x0, 0x3c, 0x0, 0x0,
    0x3f, 0xd0, 0x0, 0x3f, 0xd0, 0x0, 0x3, 0xd0,
    0x0, 0x3, 0xd0, 0x0, 0x3, 0xd0, 0x0, 0x3,
    0xd0, 0x0, 0x3, 0xd0, 0x0,

    /* U+04F7 "ӷ" */
    0x7f, 0xff, 0xf1, 0xff, 0xff, 0xc7, 0xc0, 0x0,
    0x1f, 0x0, 0x0, 0x7c, 0x0, 0x1, 0xf0, 0x0,
    0x7, 0xc0, 0x0, 0x1f, 0x0, 0x0, 0x7c, 0x0,
    0x1, 0xf0, 0x0, 0x7, 0xc0, 0x0, 0x1f, 0x0,
    0x0, 0x7f, 0xc0, 0x1, 0xff, 0x0, 0x0, 0x3c,
    0x0, 0x0, 0xf0, 0x0, 0x3, 0xc0, 0x0, 0xf,
    0x0, 0x0, 0x28, 0x0, 0x0,

    /* U+04F8 "Ӹ" */
    0x2, 0xd0, 0xb0, 0x0, 0x2e, 0xf, 0x40, 0x0,
    0x80, 0x50, 0x0, 0x0, 0x0, 0x0, 0x0, 0x0,
    0x0, 0xf, 0x40, 0x0, 0x2d, 0xf4, 0x0, 0x2,
    0xdf, 0x40, 0x0, 0x2d, 0xf4, 0x0, 0x2, 0xdf,
    0x40, 0x0, 0x2d, 0xf4, 0x0, 0x2, 0xdf, 0x40,
    0x0, 0x2d, 0xff, 0xe4, 0x2, 0xdf, 0xff, 0xf4,
    0x2d, 0xf4, 0x1f, 0xc2, 0xdf, 0x40, 0x3d, 0x2d,
    0xf4, 0x2, 0xe2, 0xdf, 0x40, 0x1f, 0x2d, 0xf4,
    0x2, 0xe2, 0xdf, 0x40, 0x3d, 0x2d, 0xf4, 0x1f,
    0xc2, 0xdf, 0xff, 0xf0, 0x2d, 0xff, 0xf4, 0x2,
    0xd0,

    /* U+04F9 "ӹ" */
    0x2, 0xd0, 0xb0, 0x0, 0x2e, 0xf, 0x40, 0x0,
    0x80, 0x50, 0x0, 0x0, 0x0, 0x0, 0xb4, 0x0,
    0x3, 0xcb, 0x40, 0x0, 0x3c, 0xb4, 0x0, 0x3,
    0xcb, 0x40, 0x0, 0x3c, 0xb4, 0x0, 0x3, 0xcb,
    0x40, 0x0, 0x3c, 0xbf, 0xf9, 0x3, 0xcb, 0xff,
    0xf8, 0x3c, 0xb4, 0x7, 0xc3, 0xcb, 0x40, 0x2d,
    0x3c, 0xb4, 0x2, 0xd3, 0xcb, 0x40, 0x7c, 0x3c,
    0xbf, 0xff, 0x83, 0xcb, 0xff, 0x90, 0x3c,

    /* U+04FA "Ӻ" */
    0x3, 0xff, 0xff, 0xd0, 0x3f, 0xff, 0xfd, 0x3,
    0xc0, 0x0, 0x0, 0x3c, 0x0, 0x0, 0x3, 0xc0,
    0x0, 0x0, 0x3c, 0x0, 0x0, 0x3, 0xc0, 0x0,
    0x0, 0x3c, 0x0, 0x0, 0x3f, 0xff, 0xd0, 0x3,
    0xff, 0xfd, 0x0, 0x3, 0xc0, 0x0, 0x0, 0x3c,
    0x0, 0x0, 0x3, 0xc0, 0x0, 0x0, 0x3c, 0x0,
    0x0, 0x3, 0xc0, 0x0, 0x0, 0x3c, 0x0, 0x0,
    0x3, 0xfc, 0x0, 0x0, 0x3f, 0xc0, 0x0, 0x0,
    0x3c, 0x0, 0x0, 0x3, 0xc0, 0x0, 0x0, 0x3c,
    0x0, 0x0, 0x7f, 0x80, 0x0, 0x7, 0xe0, 0x0,
    0x0,

    /* U+04FB "ӻ" */
    0x7, 0xff, 0xff, 0x1, 0xff, 0xff, 0xc0, 0x7c,
    0x0, 0x0, 0x1f, 0x0, 0x0, 0x7, 0xc0, 0x0,
    0x1, 0xf0, 0x0, 0x2, 0xfe, 0xa4, 0x1, 0xff,
    0xfe, 0x0, 0x7, 0xc0, 0x0, 0x1, 0xf0, 0x0,
    0x0, 0x7c, 0x0, 0x0, 0x1f, 0x0, 0x0, 0x7,
    0xfc, 0x0, 0x1, 0xff, 0x0, 0x0, 0x3, 0xc0,
    0x0, 0x0, 0xf0, 0x0, 0x0, 0x3c, 0x0, 0x2,
    0xfe, 0x0, 0x0, 0x7e, 0x0, 0x0,

    /* U+04FC "Ӽ" */
    0x2f, 0x0, 0x1, 0xf0, 0xf, 0x80, 0x3, 0xe0,
    0x7, 0xc0, 0xb, 0xc0, 0x3, 0xe0, 0xf, 0x40,
    0x0, 0xf4, 0x2e, 0x0, 0x0, 0xbc, 0x7c, 0x0,
    0x0, 0x3e, 0xf4, 0x0, 0x0, 0x1f, 0xe0, 0x0,
    0x0, 0xb, 0xd0, 0x0, 0x0, 0xf, 0xe0, 0x0,
    0x0, 0x3e, 0xf4, 0x0, 0x0, 0x7c, 0xbc, 0x0,
    0x0, 0xf4, 0x3e, 0x0, 0x2, 0xe0, 0x1f, 0x0,
    0x3, 0xc0, 0xf, 0xc0, 0xf, 0x80, 0x3, 0xd0,
    0x1f, 0x0, 0x2, 0xfe, 0x3d, 0x0, 0x0, 0xfe,
    0x0, 0x0, 0x0, 0x1e, 0x0, 0x0, 0x0, 0x1e,
    0x0, 0x0, 0x0, 0x2d, 0x0, 0x0, 0x3, 0xfc,
    0x0, 0x0, 0x3, 0xf4,

    /* U+04FD "ӽ" */
    0x3d, 0x0, 0xf, 0x81, 0xf0, 0x2, 0xf0, 0xb,
    0xc0, 0x7d, 0x0, 0x3e, 0xf, 0x80, 0x0, 0xf6,
    0xf0, 0x0, 0xb, 0xfc, 0x0, 0x0, 0x3f, 0x40,
    0x0, 0x3, 0xf8, 0x0, 0x0, 0xbf, 0xd0, 0x0,
    0x1f, 0x1f, 0x0, 0x3, 0xd0, 0xbc, 0x0, 0xf8,
    0x3, 0xe0, 0x2f, 0x0, 0x1f, 0xd7, 0xc0, 0x0,
    0xbe, 0x0, 0x0, 0x1, 0xe0, 0x0, 0x0, 0x1e,
    0x0, 0x0, 0x2, 0xd0, 0x0, 0x3, 0xfc, 0x0,
    0x0, 0x3f, 0x40,

    /* U+04FE "Ӿ" */
    0x2f, 0x0, 0x1, 0xf0, 0x3e, 0x0, 0xf, 0x40,
    0x7c, 0x0, 0xbc, 0x0, 0xbc, 0x7, 0xc0, 0x0,
    0xf8, 0x3d, 0x0, 0x1, 0xf2, 0xf0, 0x0, 0x2,
    0xff, 0x0, 0x3, 0xff, 0xff, 0xf4, 0xf, 0xff,
    0xff, 0xd0, 0x0, 0x7f, 0xc0, 0x0, 0x3, 0xdf,
    0x80, 0x0, 0x2e, 0x1f, 0x0, 0x0, 0xf0, 0x3e,
    0x0, 0xb, 0x80, 0x3d, 0x0, 0x7c, 0x0, 0xbc,
    0x3, 0xd0, 0x0, 0xf4, 0x1f, 0x0, 0x2, 0xf0,
    0xf4, 0x0, 0x3, 0xe0,

    /* U+04FF "ӿ" */
    0x3d, 0x0, 0xf, 0x81, 0xf0, 0x2, 0xf0, 0xb,
    0xc0, 0x7d, 0x0, 0x3e, 0xf, 0x80, 0x0, 0xf2,
    0xf0, 0x0, 0x7, 0xfc, 0x0, 0x3f, 0xff, 0xff,
    0x82, 0xaf, 0xfe, 0xa4, 0x0, 0xbf, 0xc0, 0x0,
    0x1f, 0x1f, 0x0, 0x3, 0xd0, 0xf8, 0x0, 0xf8,
    0x3, 0xd0, 0x2f, 0x0, 0x1f, 0x7, 0xc0, 0x0,
    0xbc,

    /* U+0500 "Ԁ" */
    0x0, 0x0, 0x2f, 0x0, 0x0, 0x2f, 0x0, 0x0,
    0x2f, 0x0, 0x0, 0x2f, 0x0, 0x0, 0x2f, 0x0,
    0x0, 0x2f, 0x0, 0x0, 0x2f, 0x0, 0xbf, 0xff,
    0xb, 0xff, 0xff, 0x1f, 0x90, 0x2f, 0x3e, 0x0,
    0x2f, 0x3d, 0x0, 0x2f, 0x3c, 0x0, 0x2f, 0x3d,
    0x0, 0x2f, 0x3e, 0x0, 0x2f, 0x1f, 0x90, 0x2f,
    0xb, 0xff, 0xff, 0x0, 0xbf, 0xff,

    /* U+0501 "ԁ" */
    0x0, 0x0, 0x6, 0x40, 0x0, 0x2, 0xe0, 0x0,
    0x0, 0xb8, 0x0, 0x0, 0x2e, 0x0, 0x0, 0xb,
    0x80, 0x0, 0x2, 0xe0, 0x1b, 0xf4, 0xb8, 0x1f,
    0xff, 0xee, 0xf, 0x80, 0x7f, 0x8b, 0xc0, 0x7,
    0xe3, 0xd0, 0x0, 0xf8, 0xf0, 0x0, 0x3e, 0x3c,
    0x0, 0xb, 0x8f, 0x0, 0x2, 0xe3, 0xc0, 0x0,
    0xf8, 0xf4, 0x0, 0x3e, 0x2f, 0x0, 0x1f, 0x83,
    0xe0, 0x1f, 0xe0, 0x7f, 0xff, 0xb8, 0x6, 0xfe,
    0x1e,

    /* U+0502 "Ԃ" */
    0x0, 0x3, 0xd0, 0x0, 0x0, 0xf, 0x40, 0x0,
    0x0, 0x3d, 0x0, 0x0, 0x0, 0xf4, 0x0, 0x0,
    0x3, 0xd0, 0x0, 0x0, 0xf, 0x40, 0x0, 0x0,
    0x3d, 0x0, 0x0, 0xbf, 0xf4, 0x2e, 0xf, 0xff,
    0xd0, 0xb8, 0xbd, 0xf, 0x42, 0xe3, 0xd0, 0x3d,
    0xb, 0x9f, 0x0, 0xf4, 0x2e, 0x7c, 0x3, 0xd0,
    0xb9, 0xf0, 0xf, 0x42, 0xe3, 0xc0, 0x3d, 0xb,
    0x8f, 0x82, 0xfc, 0x3d, 0x1f, 0xfe, 0xbf, 0xf0,
    0x1f, 0xe0, 0xbe, 0x0,

    /* U+0503 "ԃ" */
    0x0, 0x3, 0xd0, 0x0, 0x0, 0xf, 0x40, 0x0,
    0x0, 0x3d, 0x0, 0x0, 0x0, 0xf4, 0x0, 0x0,
    0x3, 0xd0, 0x0, 0x0, 0xf, 0x40, 0x0, 0x7f,
    0x3d, 0x0, 0x3, 0xff, 0xf4, 0x0, 0x2f, 0xf,
    0xd0, 0x0, 0xf4, 0x1f, 0x40, 0x3, 0xc0, 0x3d,
    0x0, 0x1f, 0x0, 0xf4, 0x1e, 0x7c, 0x3, 0xd0,
    0xb9, 0xf0, 0xf, 0x42, 0xe7, 0xc0, 0x3d, 0xb,
    0x8f, 0x0, 0xf4, 0x2e, 0x3d, 0x7, 0xd0, 0xb8,
    0xfc, 0x3f, 0xc3, 0xd1, 0xff, 0xcb, 0xff, 0x1,
    0xfd, 0xb, 0xf0,

    /* U+0504 "Ԅ" */
    0x1b, 0xf8, 0x0, 0x1, 0xff, 0xfc, 0x0, 0x1,
    0x1, 0xf4, 0x0, 0x0, 0x3, 0xd0, 0x0, 0x0,
    0xb, 0x40, 0x0, 0x0, 0x3d, 0x0, 0x0, 0x1,
    0xf0, 0x0, 0x3, 0xfe, 0x0, 0x3c, 0xf, 0xfc,
    0x0, 0xf0, 0x0, 0x7c, 0x3, 0xc0, 0x0, 0xf4,
    0xf, 0x0, 0x2, 0xe0, 0x3c, 0x0, 0xb, 0x80,
    0xf0, 0x0, 0x1e, 0x3, 0xc0, 0x0, 0x7c, 0x1f,
    0x0, 0x0, 0xf4, 0xf8, 0x0, 0x2, 0xff, 0xd0,
    0x0, 0x2, 0xfd, 0x0,

    /* U+0505 "ԅ" */
    0x1f, 0xf8, 0x0, 0x0, 0xff, 0xfc, 0x0, 0x2,
    0x0, 0xf8, 0x0, 0x0, 0x2, 0xe0, 0x0, 0x0,
    0xb, 0x80, 0x0, 0x0, 0x7c, 0x2, 0x80, 0xbf,
    0x80, 0xf, 0x1, 0xff, 0x80, 0x3c, 0x0, 0xf,
    0x80, 0xf0, 0x0, 0x2f, 0x3, 0xc0, 0x0, 0x7c,
    0xf, 0x0, 0x0, 0xf4, 0xbc, 0x0, 0x3, 0xff,
    0xd0, 0x0, 0x2, 0xfd, 0x0,

    /* U+0506 "Ԇ" */
    0x2, 0xff, 0x90, 0x0, 0xff, 0xff, 0xe0, 0x3,
    0xd0, 0xb, 0xd0, 0x0, 0x0, 0xf, 0xc0, 0x0,
    0x0, 0x2f, 0x0, 0x0, 0x0, 0xbc, 0x0, 0x0,
    0x7, 0xd0, 0x0, 0x0, 0xbd, 0x0, 0xb, 0xff,
    0x80, 0x0, 0x2f, 0xff, 0x80, 0x0, 0x0, 0xb,
    0xd0, 0x0, 0x0, 0xb, 0xc0, 0x0, 0x0, 0xf,
    0x0, 0x0, 0x0, 0x3d, 0x0, 0x0, 0x0, 0xf4,
    0x0, 0x0, 0x3, 0xd0, 0x0, 0x0, 0xf, 0xf4,
    0x0, 0x0, 0x3f, 0xd0, 0x0, 0x0, 0xf, 0x40,
    0x0, 0x0, 0x3d, 0x0, 0x0, 0x0, 0xf4, 0x0,
    0x0, 0x3, 0xd0, 0x0, 0x0, 0xb, 0x40,

    /* U+0507 "ԇ" */
    0x2f, 0xff, 0x40, 0xf, 0xff, 0xff, 0x0, 0x64,
    0x1, 0xf4, 0x0, 0x0, 0xb, 0x80, 0x0, 0x0,
    0xb8, 0x0, 0x0, 0x2f, 0x0, 0xb, 0xff, 0x80,
    0x0, 0xbf, 0xfe, 0x0, 0x0, 0x1, 0xf8, 0x0,
    0x0, 0x7, 0xc0, 0x0, 0x0, 0x3c, 0x0, 0x0,
    0x3, 0xc0, 0x0, 0x0, 0x3f, 0xc0, 0x0, 0x3,
    0xfc, 0x0, 0x0, 0x3, 0xc0, 0x0, 0x0, 0x3c,
    0x0, 0x0, 0x3, 0xc0, 0x0, 0x0, 0x3c, 0x0,
    0x0, 0x2, 0x80,

    /* U+0508 "Ԉ" */
    0x3, 0xff, 0xd0, 0x0, 0xf, 0xff, 0x40, 0x0,
    0x3c, 0x3d, 0x0, 0x0, 0xf0, 0xf4, 0x0, 0x7,
    0xc3, 0xd0, 0x0, 0x1e, 0xf, 0x40, 0x0, 0x78,
    0x3d, 0x0, 0x2, 0xe0, 0xf4, 0x19, 0xb, 0x43,
    0xd0, 0xb8, 0x3d, 0xf, 0x42, 0xe0, 0xf0, 0x3d,
    0xb, 0x83, 0xc0, 0xf4, 0x2e, 0xf, 0x3, 0xd0,
    0xb8, 0x3c, 0xf, 0x42, 0xe1, 0xf0, 0x3d, 0xb,
    0x8b, 0x80, 0xbc, 0x3d, 0xfd, 0x0, 0xff, 0xf3,
    0xe0, 0x0, 0xfe, 0x0,

    /* U+0509 "ԉ" */
    0x3, 0xff, 0xd0, 0x0, 0xf, 0xff, 0x40, 0x0,
    0x3c, 0x3d, 0x0, 0x1, 0xf0, 0xf4, 0x0, 0x7,
    0x83, 0xd0, 0x0, 0x2e, 0xf, 0x42, 0xe0, 0xb4,
    0x3d, 0xb, 0x83, 0xd0, 0xf4, 0x2e, 0xf, 0x3,
    0xd0, 0xb8, 0x3c, 0xf, 0x42, 0xe1, 0xf0, 0x3d,
    0xb, 0x8b, 0x80, 0xb8, 0x3d, 0xfc, 0x0, 0xff,
    0xf3, 0xd0, 0x1, 0xfe, 0x0,

    /* U+050A "Ԋ" */
    0x78, 0xf, 0x40, 0x7, 0x80, 0xf4, 0x0, 0x78,
    0xf, 0x40, 0x7, 0x80, 0xf4, 0x0, 0x78, 0xf,
    0x40, 0x7, 0x80, 0xf4, 0x0, 0x78, 0xf, 0x40,
    0x7, 0xff, 0xf4, 0x1e, 0x7f, 0xff, 0x41, 0xe7,
    0x80, 0xf4, 0x1e, 0x78, 0xf, 0x41, 0xe7, 0x80,
    0xf4, 0x1e, 0x78, 0xf, 0x41, 0xe7, 0x80, 0xf4,
    0x1e, 0x78, 0xb, 0x42, 0xe7, 0x80, 0xbc, 0x3d,
    0x78, 0x3, 0xff, 0xc7, 0x80, 0x1f, 0xe0,

    /* U+050B "ԋ" */
    0x78, 0xb, 0x40, 0x7, 0x80, 0xb4, 0x0, 0x78,
    0xb, 0x40, 0x7, 0x80, 0xb4, 0x0, 0x78, 0xb,
    0x40, 0x7, 0x80, 0xb4, 0x19, 0x7f, 0xff, 0x42,
    0xe7, 0xff, 0xf4, 0x2e, 0x78, 0xb, 0x42, 0xe7,
    0x80, 0xb4, 0x2e, 0x78, 0xb, 0x82, 0xd7, 0x80,
    0x7c, 0x3d, 0x78, 0x3, 0xff, 0xc7, 0x80, 0xf,
    0xe0,

    /* U+050C "Ԍ" */
    0x0, 0x2f, 0xf9, 0x0, 0x2f, 0xff, 0xf4, 0xb,
    0xf4, 0xb, 0x0, 0xf8, 0x0, 0x0, 0x2f, 0x0,
    0x0, 0x3, 0xe0, 0x0, 0x0, 0x7c, 0x0, 0x0,
    0x7, 0xc0, 0x0, 0x0, 0x7c, 0x1, 0xff, 0xd7,
    0xc0, 0x1f, 0xfd, 0x7c, 0x0, 0x3, 0xd7, 0xc0,
    0x0, 0x3d, 0x3d, 0x0, 0x3, 0xc3, 0xf0, 0x0,
    0x7c, 0x1f, 0x40, 0xb, 0xc0, 0xbe, 0x2, 0xf4,
    0x2, 0xff, 0xfe, 0x0, 0x6, 0xff, 0x40,

    /* U+050D "ԍ" */
    0x0, 0x7f, 0xf9, 0x0, 0x7f, 0xff, 0xf0, 0x1f,
    0xc0, 0x5, 0x3, 0xf0, 0x0, 0x0, 0x3d, 0x0,
    0x0, 0x7, 0xc0, 0x0, 0x0, 0xbc, 0x3, 0xff,
    0xcb, 0xc0, 0x3f, 0xfc, 0x7c, 0x0, 0x3, 0xc7,
    0xc0, 0x0, 0x7c, 0x3e, 0x0, 0xb, 0x81, 0xf8,
    0x2, 0xf0, 0x7, 0xff, 0xfd, 0x0, 0xb, 0xfe,
    0x0,

    /* U+050E "Ԏ" */
    0xff, 0xff, 0xff, 0xc3, 0xff, 0xff, 0xff, 0x0,
    0x1, 0xf0, 0x0, 0x0, 0x7, 0xc0, 0x0, 0x0,
    0x1f, 0x0, 0x0, 0x0, 0x7c, 0x0, 0x0, 0x1,
    0xf0, 0x0, 0x0, 0x7, 0xc0, 0x19, 0x0, 0x1f,
    0x0, 0xb8, 0x0, 0x7c, 0x2, 0xe0, 0x1, 0xf0,
    0xb, 0x80, 0x7, 0xc0, 0x2e, 0x0, 0x1f, 0x0,
    0xb8, 0x0, 0x7c, 0x2, 0xe0, 0x1, 0xf0, 0xf,
    0x80, 0x3, 0xe0, 0xbd, 0x0, 0xb, 0xff, 0xe0,
    0x0, 0x7, 0xfd, 0x0,

    /* U+050F "ԏ" */
    0x7f, 0xff, 0xfc, 0x1, 0xff, 0xff, 0xf0, 0x0,
    0x7, 0xc0, 0x0, 0x0, 0x1f, 0x0, 0x0, 0x0,
    0x7c, 0x0, 0x0, 0x1, 0xf0, 0x3, 0xd0, 0x7,
    0xc0, 0xf, 0x40, 0x1f, 0x0, 0x3d, 0x0, 0x7c,
    0x0, 0xf4, 0x1, 0xf0, 0x3, 0xd0, 0x7, 0xc0,
    0xf, 0x40, 0xf, 0x80, 0xbc, 0x0, 0x1f, 0xff,
    0xd0, 0x0, 0xb, 0xfd, 0x0,

    /* U+0510 "Ԑ" */
    0x2, 0xff, 0x90, 0x1f, 0xff, 0xfd, 0x3f, 0x40,
    0x2d, 0x7d, 0x0, 0x0, 0x7c, 0x0, 0x0, 0x3d,
    0x0, 0x0, 0x1f, 0x80, 0x0, 0x2, 0xff, 0xf0,
    0x6, 0xff, 0xf0, 0x2f, 0x80, 0x0, 0x7d, 0x0,
    0x0, 0xb8, 0x0, 0x0, 0xf8, 0x0, 0x0, 0xf8,
    0x0, 0x0, 0xbc, 0x0, 0x0, 0x3f, 0x40, 0x1b,
    0x1f, 0xff, 0xff, 0x1, 0xff, 0xf8,

    /* U+0511 "ԑ" */
    0x1, 0xff, 0xe0, 0xf, 0xff, 0xfc, 0x3f, 0x0,
    0x24, 0x3d, 0x0, 0x0, 0x3d, 0x0, 0x0, 0x1f,
    0x40, 0x0, 0x7, 0xff, 0x80, 0xb, 0xff, 0x80,
    0x3e, 0x0, 0x0, 0x7c, 0x0, 0x0, 0x7c, 0x0,
    0x0, 0x3e, 0x0, 0x18, 0x1f, 0xff, 0xfc, 0x2,
    0xff, 0xe4,

    /* U+0512 "Ԓ" */
    0x0, 0x1f, 0xff, 0xf0, 0x1, 0xff, 0xff, 0x0,
    0x2e, 0x2, 0xf0, 0x2, 0xe0, 0x1f, 0x0, 0x3d,
    0x1, 0xf0, 0x3, 0xd0, 0x1f, 0x0, 0x3c, 0x1,
    0xf0, 0x7, 0xc0, 0x1f, 0x0, 0x7c, 0x1, 0xf0,
    0xb, 0x80, 0x1f, 0x0, 0xf8, 0x1, 0xf0, 0xf,
    0x40, 0x1f, 0x0, 0xf0, 0x1, 0xf0, 0x1f, 0x0,
    0x1f, 0x3, 0xe0, 0x1, 0xf0, 0x7d, 0x0, 0x1f,
    0xff, 0x80, 0x1, 0xff, 0xe0, 0x0, 0x1f,

    /* U+0513 "ԓ" */
    0x0, 0x7f, 0xff, 0xc0, 0xb, 0xff, 0xfc, 0x0,
    0xb8, 0x3, 0xc0, 0xb, 0x40, 0x3c, 0x0, 0xf4,
    0x3, 0xc0, 0xf, 0x0, 0x3c, 0x0, 0xf0, 0x3,
    0xc0, 0x1f, 0x0, 0x3c, 0x2, 0xe0, 0x3, 0xc0,
    0x3d, 0x0, 0x3c, 0x3, 0xc0, 0x3, 0xc0, 0xbc,
    0x0, 0x3c, 0x6f, 0x0, 0x3, 0xcb, 0xd0, 0x0,
    0x3c, 0x0, 0x0, 0x0, 0x0,

    /* U+1E00 "Ḁ" */
    0x0, 0xb, 0xc0, 0x0, 0x0, 0xf, 0xe0, 0x0,
    0x0, 0x1f, 0xf0, 0x0, 0x0, 0x2d, 0xf0, 0x0,
    0x0, 0x3c, 0xb8, 0x0, 0x0, 0x7c, 0x7c, 0x0,
    0x0, 0xb8, 0x3d, 0x0, 0x0, 0xf0, 0x2e, 0x0,
    0x1, 0xf0, 0x1f, 0x0, 0x2, 0xe0, 0xf, 0x40,
    0x3, 0xff, 0xff, 0x80, 0x7, 0xff, 0xff, 0xc0,
    0xb, 0x80, 0x3, 0xd0, 0xf, 0x0, 0x2, 0xe0,
    0x1f, 0x0, 0x1, 0xf0, 0x2e, 0x0, 0x0, 0xf4,
    0x3d, 0x0, 0x0, 0xb8, 0x7c, 0x0, 0x0, 0x7c,
    0x0, 0x0, 0x0, 0x0, 0x0, 0x0, 0x0, 0x0,
    0x0, 0xf, 0xe0, 0x0, 0x0, 0x3d, 0x74, 0x0,
    0x0, 0x34, 0x38, 0x0, 0x0, 0x38, 0x74, 0x0,
    0x0, 0x1f, 0xe0, 0x0, 0x0, 0x0, 0x0, 0x0,

    /* U+1E01 "ḁ" */
    0x1, 0xff, 0xe0, 0x3, 0xff, 0xff, 0x0, 0x90,
    0x7, 0xe0, 0x0, 0x0, 0x7c, 0x0, 0x0, 0x1f,
    0x0, 0x15, 0xab, 0xc0, 0xbf, 0xff, 0xf0, 0xbe,
    0x0, 0x7c, 0x3d, 0x0, 0x1f, 0x1f, 0x0, 0x7,
    0xc3, 0xc0, 0x3, 0xf0, 0xf8, 0x3, 0xfc, 0x1f,
    0xff, 0xcf, 0x1, 0xff, 0x83, 0xc0, 0x0, 0x0,
    0x0, 0x0, 0xfd, 0x0, 0x0, 0xf6, 0xd0, 0x0,
    0x34, 0x38, 0x0, 0xe, 0x1d, 0x0, 0x1, 0xfe,
    0x0, 0x0, 0x0, 0x0, 0x0,

    /* U+1E3E "Ḿ" */
    0x0, 0x1, 0xf4, 0x0, 0x0, 0x3e, 0x0, 0x0,
    0xb, 0x80, 0x0, 0x1, 0xe0, 0x0, 0x0, 0x0,
    0x0, 0x0, 0x0, 0x0, 0x0, 0xbe, 0x0, 0xf,
    0xcb, 0xf0, 0x1, 0xfc, 0xbf, 0x0, 0x2f, 0xcb,
    0xb4, 0x3, 0xec, 0xbb, 0x80, 0x3e, 0xcb, 0x7c,
    0x3, 0xac, 0xb7, 0xc0, 0x77, 0xcb, 0x6c, 0xb,
    0x3c, 0xb5, 0xd0, 0xf3, 0xcb, 0x4e, 0xe, 0x3c,
    0xb4, 0xf1, 0xd3, 0xcb, 0x4b, 0x2c, 0x3c, 0xb4,
    0x76, 0xc3, 0xcb, 0x47, 0x78, 0x3c, 0xb4, 0x3f,
    0x83, 0xcb, 0x43, 0xf4, 0x3c, 0xb4, 0x2f, 0x3,
    0xcb, 0x41, 0xf0, 0x3c,

    /* U+1E3F "ḿ" */
    0x0, 0x0, 0xf8, 0x0, 0x0, 0x3f, 0x0, 0x0,
    0x7, 0x80, 0x0, 0x0, 0xa0, 0x0, 0x0, 0x0,
    0x0, 0xf, 0x2f, 0x43, 0xf0, 0xf7, 0xfc, 0xff,
    0xcf, 0xc3, 0xf8, 0x3c, 0xf4, 0x1f, 0x2, 0xdf,
    0x41, 0xf0, 0x2d, 0xf4, 0xf, 0x2, 0xdf, 0x0,
    0xf0, 0x2d, 0xf0, 0xf, 0x2, 0xdf, 0x0, 0xf0,
    0x2d, 0xf0, 0xf, 0x2, 0xdf, 0x0, 0xf0, 0x2d,
    0xf0, 0xf, 0x2, 0xdf, 0x0, 0xf0, 0x2d, 0xf0,
    0xf, 0x2, 0xd0,

    /* U+1E80 "Ẁ" */
    0x0, 0x7d, 0x0, 0x0, 0x0, 0x2f, 0x0, 0x0,
    0x0, 0xf, 0x40, 0x0, 0x0, 0x2, 0xc0, 0x0,
    0x0, 0x0, 0x0, 0x0, 0x0, 0x0, 0x0, 0x0,
    0xf4, 0x0, 0x0, 0x2e, 0xf4, 0x0, 0x0, 0x2d,
    0xb8, 0x0, 0x0, 0x3c, 0x78, 0x0, 0x0, 0x3c,
    0x7c, 0x0, 0x0, 0x3c, 0x3c, 0x1, 0x40, 0x3c,
    0x3c, 0xb, 0xc0, 0x78, 0x3c, 0xf, 0xe0, 0x78,
    0x3d, 0xe, 0xf0, 0xb4, 0x2d, 0x1d, 0xb0, 0xb4,
    0x1e, 0x2c, 0x74, 0xb0, 0x1e, 0x3c, 0x38, 0xf0,
    0xf, 0x38, 0x3c, 0xf0, 0xf, 0x74, 0x2d, 0xf0,
    0xf, 0xb0, 0x1e, 0xe0, 0xf, 0xe0, 0xf, 0xe0,
    0xb, 0xd0, 0xb, 0xd0, 0x7, 0xc0, 0x7, 0xd0,

    /* U+1E81 "ẁ" */
    0x0, 0x3f, 0x0, 0x0, 0x0, 0x3, 0xe0, 0x0,
    0x0, 0x0, 0x3d, 0x0, 0x0, 0x0, 0x1, 0x40,
    0x0, 0x0, 0x0, 0x0, 0x0, 0xf, 0x0, 0xbc,
    0x1, 0xe2, 0xd0, 0x2f, 0x40, 0xb4, 0xb4, 0xf,
    0xe0, 0x3c, 0x1e, 0x3, 0x7c, 0xf, 0x3, 0xc1,
    0xdb, 0x3, 0x80, 0xf0, 0xb2, 0xd1, 0xe0, 0x2c,
    0x3c, 0x74, 0xb4, 0xb, 0x4e, 0xe, 0x2c, 0x1,
    0xe7, 0x43, 0xcf, 0x0, 0x39, 0xc0, 0xb3, 0x80,
    0xf, 0xb0, 0x1d, 0xe0, 0x2, 0xf8, 0x3, 0xf4,
    0x0, 0xbe, 0x0, 0xfc, 0x0, 0x1f, 0x40, 0x3f,
    0x0,

    /* U+1E82 "Ẃ" */
    0x0, 0x0, 0xbc, 0x0, 0x0, 0x1, 0xf4, 0x0,
    0x0, 0x3, 0xd0, 0x0, 0x0, 0xb, 0x40, 0x0,
    0x0, 0x0, 0x0, 0x0, 0x0, 0x0, 0x0, 0x0,
    0xf4, 0x0, 0x0, 0x2e, 0xf4, 0x0, 0x0, 0x2d,
    0xb8, 0x0, 0x0, 0x3c, 0x78, 0x0, 0x0, 0x3c,
    0x7c, 0x0, 0x0, 0x3c, 0x3c, 0x1, 0x40, 0x3c,
    0x3c, 0xb, 0xc0, 0x78, 0x3c, 0xf, 0xe0, 0x78,
    0x3d, 0xe, 0xf0, 0xb4, 0x2d, 0x1d, 0xb0, 0xb4,
    0x1e, 0x2c, 0x74, 0xb0, 0x1e, 0x3c, 0x38, 0xf0,
    0xf, 0x38, 0x3c, 0xf0, 0xf, 0x74, 0x2d, 0xf0,
    0xf, 0xb0, 0x1e, 0xe0, 0xf, 0xe0, 0xf, 0xe0,
    0xb, 0xd0, 0xb, 0xd0, 0x7, 0xc0, 0x7, 0xd0,

    /* U+1E83 "ẃ" */
    0x0, 0x0, 0x1f, 0x40, 0x0, 0x0, 0xf, 0x40,
    0x0, 0x0, 0xf, 0x40, 0x0, 0x0, 0x1, 0x0,
    0x0, 0x0, 0x0, 0x0, 0x0, 0xf, 0x0, 0xbc,
    0x1, 0xe2, 0xd0, 0x2f, 0x40, 0xb4, 0xb4, 0xf,
    0xe0, 0x3c, 0x1e, 0x3, 0x7c, 0xf, 0x3, 0xc1,
    0xdb, 0x3, 0x80, 0xf0, 0xb2, 0xd1, 0xe0, 0x2c,
    0x3c, 0x74, 0xb4, 0xb, 0x4e, 0xe, 0x2c, 0x1,
    0xe7, 0x43, 0xcf, 0x0, 0x39, 0xc0, 0xb3, 0x80,
    0xf, 0xb0, 0x1d, 0xe0, 0x2, 0xf8, 0x3, 0xf4,
    0x0, 0xbe, 0x0, 0xfc, 0x0, 0x1f, 0x40, 0x3f,
    0x0,

    /* U+1E84 "Ẅ" */
    0x0, 0x74, 0x2c, 0x0, 0x0, 0xb8, 0x3d, 0x0,
    0x0, 0x20, 0x14, 0x0, 0x0, 0x0, 0x0, 0x0,
    0x0, 0x0, 0x0, 0x0, 0xf4, 0x0, 0x0, 0x2e,
    0xf4, 0x0, 0x0, 0x2d, 0xb8, 0x0, 0x0, 0x3c,
    0x78, 0x0, 0x0, 0x3c, 0x7c, 0x0, 0x0, 0x3c,
    0x3c, 0x1, 0x40, 0x3c, 0x3c, 0xb, 0xc0, 0x78,
    0x3c, 0xf, 0xe0, 0x78, 0x3d, 0xe, 0xf0, 0xb4,
    0x2d, 0x1d, 0xb0, 0xb4, 0x1e, 0x2c, 0x74, 0xb0,
    0x1e, 0x3c, 0x38, 0xf0, 0xf, 0x38, 0x3c, 0xf0,
    0xf, 0x74, 0x2d, 0xf0, 0xf, 0xb0, 0x1e, 0xe0,
    0xf, 0xe0, 0xf, 0xe0, 0xb, 0xd0, 0xb, 0xd0,
    0x7, 0xc0, 0x7, 0xd0,

    /* U+1E85 "ẅ" */
    0x0, 0x2d, 0xf, 0x0, 0x0, 0xf, 0x83, 0xd0,
    0x0, 0x0, 0x80, 0x50, 0x0, 0x0, 0x0, 0x0,
    0x0, 0x3c, 0x2, 0xf0, 0x7, 0x8b, 0x40, 0xbd,
    0x2, 0xd2, 0xd0, 0x3f, 0x80, 0xf0, 0x78, 0xd,
    0xf0, 0x3c, 0xf, 0x7, 0x6c, 0xe, 0x3, 0xc2,
    0xcb, 0x47, 0x80, 0xb0, 0xf1, 0xd2, 0xd0, 0x2d,
    0x38, 0x38, 0xb0, 0x7, 0x9d, 0xf, 0x3c, 0x0,
    0xe7, 0x2, 0xce, 0x0, 0x3e, 0xc0, 0x77, 0x80,
    0xb, 0xe0, 0xf, 0xd0, 0x2, 0xf8, 0x3, 0xf0,
    0x0, 0x7d, 0x0, 0xfc, 0x0,

    /* U+1EA0 "Ạ" */
    0x0, 0xb, 0xc0, 0x0, 0x0, 0xf, 0xe0, 0x0,
    0x0, 0x1f, 0xf0, 0x0, 0x0, 0x2d, 0xf0, 0x0,
    0x0, 0x3c, 0xb8, 0x0, 0x0, 0x7c, 0x7c, 0x0,
    0x0, 0xb8, 0x3d, 0x0, 0x0, 0xf0, 0x2e, 0x0,
    0x1, 0xf0, 0x1f, 0x0, 0x2, 0xe0, 0xf, 0x40,
    0x3, 0xff, 0xff, 0x80, 0x7, 0xff, 0xff, 0xc0,
    0xb, 0x80, 0x3, 0xd0, 0xf, 0x0, 0x2, 0xe0,
    0x1f, 0x0, 0x1, 0xf0, 0x2e, 0x0, 0x0, 0xf4,
    0x3d, 0x0, 0x0, 0xb8, 0x7c, 0x0, 0x0, 0x7c,
    0x0, 0x0, 0x0, 0x0, 0x0, 0x0, 0x0, 0x0,
    0x0, 0x3, 0xc0, 0x0, 0x0, 0xb, 0xc0, 0x0,
    0x0, 0x3, 0x80, 0x0,

    /* U+1EA1 "ạ" */
    0x1, 0xff, 0xe0, 0x3, 0xff, 0xff, 0x0, 0x90,
    0x7, 0xe0, 0x0, 0x0, 0x7c, 0x0, 0x0, 0x1f,
    0x0, 0x15, 0xab, 0xc0, 0xbf, 0xff, 0xf0, 0xbe,
    0x0, 0x7c, 0x3d, 0x0, 0x1f, 0x1f, 0x0, 0x7,
    0xc3, 0xc0, 0x3, 0xf0, 0xf8, 0x3, 0xfc, 0x1f,
    0xff, 0xcf, 0x1, 0xff, 0x83, 0xc0, 0x0, 0x0,
    0x0, 0x0, 0x74, 0x0, 0x0, 0x3f, 0x0, 0x0,
    0x7, 0x80, 0x0,

    /* U+1EA2 "Ả" */
    0x0, 0x0, 0x0, 0x0, 0x0, 0xf, 0xe0, 0x0,
    0x0, 0x5, 0xb4, 0x0, 0x0, 0x0, 0x78, 0x0,
    0x0, 0x1, 0xf0, 0x0, 0x0, 0x3, 0x80, 0x0,
    0x0, 0x3, 0x40, 0x0, 0x0, 0x0, 0x0, 0x0,
    0x0, 0xb, 0xc0, 0x0, 0x0, 0xf, 0xe0, 0x0,
    0x0, 0x1f, 0xf0, 0x0, 0x0, 0x2d, 0xf0, 0x0,
    0x0, 0x3c, 0xb8, 0x0, 0x0, 0x7c, 0x7c, 0x0,
    0x0, 0xb8, 0x3d, 0x0, 0x0, 0xf0, 0x2e, 0x0,
    0x1, 0xf0, 0x1f, 0x0, 0x2, 0xe0, 0xf, 0x40,
    0x3, 0xff, 0xff, 0x80, 0x7, 0xff, 0xff, 0xc0,
    0xb, 0x80, 0x3, 0xd0, 0xf, 0x0, 0x2, 0xe0,
    0x1f, 0x0, 0x1, 0xf0, 0x2e, 0x0, 0x0, 0xf4,
    0x3d, 0x0, 0x0, 0xb8, 0x7c, 0x0, 0x0, 0x7c,

    /* U+1EA3 "ả" */
    0x0, 0x0, 0x0, 0x0, 0x1f, 0xe0, 0x0, 0x1,
    0x7d, 0x0, 0x0, 0x7, 0x40, 0x0, 0xb, 0xc0,
    0x0, 0x7, 0x80, 0x0, 0x0, 0xc0, 0x0, 0x0,
    0x0, 0x0, 0x1, 0xff, 0xe0, 0x3, 0xff, 0xff,
    0x0, 0x90, 0x7, 0xe0, 0x0, 0x0, 0x7c, 0x0,
    0x0, 0x1f, 0x0, 0x15, 0xab, 0xc0, 0xbf, 0xff,
    0xf0, 0xbe, 0x0, 0x7c, 0x3d, 0x0, 0x1f, 0x1f,
    0x0, 0x7, 0xc3, 0xc0, 0x3, 0xf0, 0xf8, 0x3,
    0xfc, 0x1f, 0xff, 0xcf, 0x1, 0xff, 0x83, 0xc0,

    /* U+1EA4 "Ấ" */
    0x0, 0x0, 0x0, 0xf4, 0x0, 0x6, 0x81, 0xe0,
    0x0, 0xf, 0xf3, 0x80, 0x0, 0x3e, 0xb8, 0x0,
    0x0, 0xf0, 0x1e, 0x0, 0x0, 0x0, 0x0, 0x0,
    0x0, 0x0, 0x0, 0x0, 0x0, 0xb, 0xc0, 0x0,
    0x0, 0xf, 0xe0, 0x0, 0x0, 0x1f, 0xf0, 0x0,
    0x0, 0x2d, 0xf0, 0x0, 0x0, 0x3c, 0xb8, 0x0,
    0x0, 0x7c, 0x7c, 0x0, 0x0, 0xb8, 0x3d, 0x0,
    0x0, 0xf0, 0x2e, 0x0, 0x1, 0xf0, 0x1f, 0x0,
    0x2, 0xe0, 0xf, 0x40, 0x3, 0xff, 0xff, 0x80,
    0x7, 0xff, 0xff, 0xc0, 0xb, 0x80, 0x3, 0xd0,
    0xf, 0x0, 0x2, 0xe0, 0x1f, 0x0, 0x1, 0xf0,
    0x2e, 0x0, 0x0, 0xf4, 0x3d, 0x0, 0x0, 0xb8,
    0x7c, 0x0, 0x0, 0x7c,

    /* U+1EA5 "ấ" */
    0x0, 0x0, 0x2, 0xe0, 0x0, 0x0, 0x7c, 0x0,
    0x2f, 0x8f, 0x0, 0xb, 0xfd, 0x0, 0x1, 0xe0,
    0xb4, 0x0, 0x14, 0x1, 0x40, 0x0, 0x0, 0x0,
    0x0, 0x1f, 0xfe, 0x0, 0xf, 0xff, 0xfc, 0x0,
    0x90, 0x7, 0xe0, 0x0, 0x0, 0x1f, 0x0, 0x0,
    0x1, 0xf0, 0x0, 0x56, 0xaf, 0x0, 0xbf, 0xff,
    0xf0, 0x2f, 0x80, 0x1f, 0x3, 0xd0, 0x1, 0xf0,
    0x7c, 0x0, 0x1f, 0x3, 0xc0, 0x3, 0xf0, 0x3e,
    0x0, 0xff, 0x1, 0xff, 0xfc, 0xf0, 0x7, 0xfe,
    0xf, 0x0,

    /* U+1EA6 "Ầ" */
    0x2e, 0x0, 0x0, 0x0, 0xf, 0x6, 0x80, 0x0,
    0x3, 0xcf, 0xf0, 0x0, 0x0, 0x3e, 0xb8, 0x0,
    0x0, 0xf0, 0x1e, 0x0, 0x0, 0x0, 0x0, 0x0,
    0x0, 0x0, 0x0, 0x0, 0x0, 0xb, 0xc0, 0x0,
    0x0, 0xf, 0xe0, 0x0, 0x0, 0x1f, 0xf0, 0x0,
    0x0, 0x2d, 0xf0, 0x0, 0x0, 0x3c, 0xb8, 0x0,
    0x0, 0x7c, 0x7c, 0x0, 0x0, 0xb8, 0x3d, 0x0,
    0x0, 0xf0, 0x2e, 0x0, 0x1, 0xf0, 0x1f, 0x0,
    0x2, 0xe0, 0xf, 0x40, 0x3, 0xff, 0xff, 0x80,
    0x7, 0xff, 0xff, 0xc0, 0xb, 0x80, 0x3, 0xd0,
    0xf, 0x0, 0x2, 0xe0, 0x1f, 0x0, 0x1, 0xf0,
    0x2e, 0x0, 0x0, 0xf4, 0x3d, 0x0, 0x0, 0xb8,
    0x7c, 0x0, 0x0, 0x7c,

    /* U+1EA7 "ầ" */
    0xb8, 0x0, 0x0, 0xf, 0x0, 0x0, 0x0, 0xf2,
    0xf8, 0x0, 0x2, 0xff, 0x40, 0x1, 0xe0, 0xb4,
    0x0, 0x50, 0x5, 0x0, 0x0, 0x0, 0x0, 0x7,
    0xff, 0x80, 0xf, 0xff, 0xfc, 0x2, 0x40, 0x1f,
    0x80, 0x0, 0x1, 0xf0, 0x0, 0x0, 0x7c, 0x0,
    0x56, 0xaf, 0x2, 0xff, 0xff, 0xc2, 0xf8, 0x1,
    0xf0, 0xf4, 0x0, 0x7c, 0x7c, 0x0, 0x1f, 0xf,
    0x0, 0xf, 0xc3, 0xe0, 0xf, 0xf0, 0x7f, 0xff,
    0x3c, 0x7, 0xfe, 0xf, 0x0,

    /* U+1EA8 "Ẩ" */
    0x0, 0x0, 0xb, 0x80, 0x0, 0x0, 0x0, 0xb0,
    0x0, 0x0, 0x0, 0xb0, 0x0, 0x6, 0x83, 0x80,
    0x0, 0xf, 0xf2, 0x0, 0x0, 0x3e, 0xb8, 0x0,
    0x0, 0xb4, 0x2d, 0x0, 0x0, 0x40, 0x5, 0x0,
    0x0, 0x0, 0x0, 0x0, 0x0, 0xb, 0xc0, 0x0,
    0x0, 0xf, 0xe0, 0x0, 0x0, 0x1f, 0xf0, 0x0,
    0x0, 0x2d, 0xf0, 0x0, 0x0, 0x3c, 0xb8, 0x0,
    0x0, 0x7c, 0x7c, 0x0, 0x0, 0xb8, 0x3d, 0x0,
    0x0, 0xf0, 0x2e, 0x0, 0x1, 0xf0, 0x1f, 0x0,
    0x2, 0xe0, 0xf, 0x40, 0x3, 0xff, 0xff, 0x80,
    0x7, 0xff, 0xff, 0xc0, 0xb, 0x80, 0x3, 0xd0,
    0xf, 0x0, 0x2, 0xe0, 0x1f, 0x0, 0x1, 0xf0,
    0x2e, 0x0, 0x0, 0xf4, 0x3d, 0x0, 0x0, 0xb8,
    0x7c, 0x0, 0x0, 0x7c,

    /* U+1EA9 "ẩ" */
    0x0, 0x0, 0x2e, 0x0, 0x0, 0x0, 0xb0, 0x0,
    0x0, 0x2c, 0x0, 0x0, 0x2d, 0x0, 0x2f, 0x8d,
    0x0, 0x2f, 0xf4, 0x0, 0x1e, 0xb, 0x40, 0x5,
    0x0, 0x50, 0x0, 0x0, 0x0, 0x0, 0x7f, 0xf8,
    0x0, 0xff, 0xff, 0xc0, 0x24, 0x1, 0xf8, 0x0,
    0x0, 0x1f, 0x0, 0x0, 0x7, 0xc0, 0x5, 0x6a,
    0xf0, 0x2f, 0xff, 0xfc, 0x2f, 0x80, 0x1f, 0xf,
    0x40, 0x7, 0xc7, 0xc0, 0x1, 0xf0, 0xf0, 0x0,
    0xfc, 0x3e, 0x0, 0xff, 0x7, 0xff, 0xf3, 0xc0,
    0x7f, 0xe0, 0xf0,

    /* U+1EAA "Ẫ" */
    0x0, 0x3e, 0x7, 0x0, 0x0, 0xfb, 0xee, 0x0,
    0x0, 0xc0, 0xb8, 0x0, 0x0, 0x1, 0x40, 0x0,
    0x0, 0xf, 0xf0, 0x0, 0x0, 0x3d, 0xb8, 0x0,
    0x0, 0xf0, 0x1e, 0x0, 0x0, 0x0, 0x0, 0x0,
    0x0, 0x0, 0x0, 0x0, 0x0, 0xb, 0xc0, 0x0,
    0x0, 0xf, 0xe0, 0x0, 0x0, 0x1f, 0xf0, 0x0,
    0x0, 0x2d, 0xf0, 0x0, 0x0, 0x3c, 0xb8, 0x0,
    0x0, 0x7c, 0x7c, 0x0, 0x0, 0xb8, 0x3d, 0x0,
    0x0, 0xf0, 0x2e, 0x0, 0x1, 0xf0, 0x1f, 0x0,
    0x2, 0xe0, 0xf, 0x40, 0x3, 0xff, 0xff, 0x80,
    0x7, 0xff, 0xff, 0xc0, 0xb, 0x80, 0x3, 0xd0,
    0xf, 0x0, 0x2, 0xe0, 0x1f, 0x0, 0x1, 0xf0,
    0x2e, 0x0, 0x0, 0xf4, 0x3d, 0x0, 0x0, 0xb8,
    0x7c, 0x0, 0x0, 0x7c,

    /* U+1EAB "ẫ" */
    0x0, 0xf8, 0x1c, 0x0, 0xfb, 0xee, 0x0, 0x30,
    0x2e, 0x0, 0x0, 0x0, 0x0, 0x0, 0x2f, 0x80,
    0x0, 0x2e, 0xb8, 0x0, 0x2d, 0x7, 0x80, 0x0,
    0x0, 0x0, 0x0, 0x0, 0x0, 0x0, 0x7f, 0xf8,
    0x0, 0xff, 0xff, 0xc0, 0x24, 0x1, 0xf8, 0x0,
    0x0, 0x1f, 0x0, 0x0, 0x7, 0xc0, 0x5, 0x6a,
    0xf0, 0x2f, 0xff, 0xfc, 0x2f, 0x80, 0x1f, 0xf,
    0x40, 0x7, 0xc7, 0xc0, 0x1, 0xf0, 0xf0, 0x0,
    0xfc, 0x3e, 0x0, 0xff, 0x7, 0xff, 0xf3, 0xc0,
    0x7f, 0xe0, 0xf0,

    /* U+1EAC "Ậ" */
    0x0, 0xb, 0xd0, 0x0, 0x0, 0x1f, 0xf0, 0x0,
    0x0, 0x7c, 0x7c, 0x0, 0x0, 0xe0, 0x1f, 0x0,
    0x0, 0x0, 0x0, 0x0, 0x0, 0x0, 0x0, 0x0,
    0x0, 0xb, 0xc0, 0x0, 0x0, 0xf, 0xe0, 0x0,
    0x0, 0x1f, 0xf0, 0x0, 0x0, 0x2d, 0xf0, 0x0,
    0x0, 0x3c, 0xb8, 0x0, 0x0, 0x7c, 0x7c, 0x0,
    0x0, 0xb8, 0x3d, 0x0, 0x0, 0xf0, 0x2e, 0x0,
    0x1, 0xf0, 0x1f, 0x0, 0x2, 0xe0, 0xf, 0x40,
    0x3, 0xff, 0xff, 0x80, 0x7, 0xff, 0xff, 0xc0,
    0xb, 0x80, 0x3, 0xd0, 0xf, 0x0, 0x2, 0xe0,
    0x1f, 0x0, 0x1, 0xf0, 0x2e, 0x0, 0x0, 0xf4,
    0x3d, 0x0, 0x0, 0xb8, 0x7c, 0x0, 0x0, 0x7c,
    0x0, 0x0, 0x0, 0x0, 0x0, 0x0, 0x0, 0x0,
    0x0, 0x3, 0xc0, 0x0, 0x0, 0xb, 0xc0, 0x0,
    0x0, 0x3, 0x80, 0x0,

    /* U+1EAD "ậ" */
    0x0, 0x2f, 0x40, 0x0, 0x2f, 0xf4, 0x0, 0x1e,
    0xf, 0x40, 0x9, 0x0, 0xa0, 0x0, 0x0, 0x0,
    0x0, 0x7f, 0xf8, 0x0, 0xff, 0xff, 0xc0, 0x24,
    0x1, 0xf8, 0x0, 0x0, 0x1f, 0x0, 0x0, 0x7,
    0xc0, 0x5, 0x6a, 0xf0, 0x2f, 0xff, 0xfc, 0x2f,
    0x80, 0x1f, 0xf, 0x40, 0x7, 0xc7, 0xc0, 0x1,
    0xf0, 0xf0, 0x0, 0xfc, 0x3e, 0x0, 0xff, 0x7,
    0xff, 0xf3, 0xc0, 0x7f, 0xe0, 0xf0, 0x0, 0x0,
    0x0, 0x0, 0x1d, 0x0, 0x0, 0xf, 0xc0, 0x0,
    0x1, 0xe0, 0x0,

    /* U+1EAE "Ắ" */
    0x0, 0x0, 0xb8, 0x0, 0x0, 0x0, 0xf0, 0x0,
    0x0, 0x3, 0x80, 0x0, 0x0, 0xe0, 0xd, 0x0,
    0x0, 0xbf, 0xfc, 0x0, 0x0, 0x1f, 0xe0, 0x0,
    0x0, 0x0, 0x0, 0x0, 0x0, 0x0, 0x0, 0x0,
    0x0, 0xb, 0xc0, 0x0, 0x0, 0xf, 0xe0, 0x0,
    0x0, 0x1f, 0xf0, 0x0, 0x0, 0x2d, 0xf0, 0x0,
    0x0, 0x3c, 0xb8, 0x0, 0x0, 0x7c, 0x7c, 0x0,
    0x0, 0xb8, 0x3d, 0x0, 0x0, 0xf0, 0x2e, 0x0,
    0x1, 0xf0, 0x1f, 0x0, 0x2, 0xe0, 0xf, 0x40,
    0x3, 0xff, 0xff, 0x80, 0x7, 0xff, 0xff, 0xc0,
    0xb, 0x80, 0x3, 0xd0, 0xf, 0x0, 0x2, 0xe0,
    0x1f, 0x0, 0x1, 0xf0, 0x2e, 0x0, 0x0, 0xf4,
    0x3d, 0x0, 0x0, 0xb8, 0x7c, 0x0, 0x0, 0x7c,

    /* U+1EAF "ắ" */
    0x0, 0x2, 0xe0, 0x0, 0x0, 0xf0, 0x0, 0x0,
    0xe0, 0x0, 0xe, 0x0, 0xd0, 0x2, 0xff, 0xf0,
    0x0, 0x1f, 0xe0, 0x0, 0x0, 0x0, 0x0, 0x0,
    0x0, 0x0, 0x1, 0xff, 0xe0, 0x3, 0xff, 0xff,
    0x0, 0x90, 0x7, 0xe0, 0x0, 0x0, 0x7c, 0x0,
    0x0, 0x1f, 0x0, 0x15, 0xab, 0xc0, 0xbf, 0xff,
    0xf0, 0xbe, 0x0, 0x7c, 0x3d, 0x0, 0x1f, 0x1f,
    0x0, 0x7, 0xc3, 0xc0, 0x3, 0xf0, 0xf8, 0x3,
    0xfc, 0x1f, 0xff, 0xcf, 0x1, 0xff, 0x83, 0xc0,

    /* U+1EB0 "Ằ" */
    0x0, 0x7c, 0x0, 0x0, 0x0, 0x1e, 0x0, 0x0,
    0x0, 0x7, 0x0, 0x0, 0x0, 0xe0, 0xd, 0x0,
    0x0, 0xbf, 0xfc, 0x0, 0x0, 0x1f, 0xe0, 0x0,
    0x0, 0x0, 0x0, 0x0, 0x0, 0x0, 0x0, 0x0,
    0x0, 0xb, 0xc0, 0x0, 0x0, 0xf, 0xe0, 0x0,
    0x0, 0x1f, 0xf0, 0x0, 0x0, 0x2d, 0xf0, 0x0,
    0x0, 0x3c, 0xb8, 0x0, 0x0, 0x7c, 0x7c, 0x0,
    0x0, 0xb8, 0x3d, 0x0, 0x0, 0xf0, 0x2e, 0x0,
    0x1, 0xf0, 0x1f, 0x0, 0x2, 0xe0, 0xf, 0x40,
    0x3, 0xff, 0xff, 0x80, 0x7, 0xff, 0xff, 0xc0,
    0xb, 0x80, 0x3, 0xd0, 0xf, 0x0, 0x2, 0xe0,
    0x1f, 0x0, 0x1, 0xf0, 0x2e, 0x0, 0x0, 0xf4,
    0x3d, 0x0, 0x0, 0xb8, 0x7c, 0x0, 0x0, 0x7c,

    /* U+1EB1 "ằ" */
    0x1, 0xf0, 0x0, 0x0, 0x1e, 0x0, 0x0, 0x1,
    0xc0, 0x0, 0xe, 0x0, 0xd0, 0x2, 0xff, 0xf0,
    0x0, 0x1f, 0xe0, 0x0, 0x0, 0x0, 0x0, 0x0,
    0x0, 0x0, 0x1, 0xff, 0xe0, 0x3, 0xff, 0xff,
    0x0, 0x90, 0x7, 0xe0, 0x0, 0x0, 0x7c, 0x0,
    0x0, 0x1f, 0x0, 0x15, 0xab, 0xc0, 0xbf, 0xff,
    0xf0, 0xbe, 0x0, 0x7c, 0x3d, 0x0, 0x1f, 0x1f,
    0x0, 0x7, 0xc3, 0xc0, 0x3, 0xf0, 0xf8, 0x3,
    0xfc, 0x1f, 0xff, 0xcf, 0x1, 0xff, 0x83, 0xc0,

    /* U+1EB2 "Ẳ" */
    0x0, 0xf, 0x80, 0x0, 0x0, 0x0, 0xe0, 0x0,
    0x0, 0x1, 0xd0, 0x0, 0x0, 0x43, 0x44, 0x0,
    0x0, 0xe0, 0xd, 0x0, 0x0, 0x7f, 0xfc, 0x0,
    0x0, 0x1f, 0xe0, 0x0, 0x0, 0x0, 0x0, 0x0,
    0x0, 0x0, 0x0, 0x0, 0x0, 0xb, 0xc0, 0x0,
    0x0, 0xf, 0xe0, 0x0, 0x0, 0x1f, 0xf0, 0x0,
    0x0, 0x2d, 0xf0, 0x0, 0x0, 0x3c, 0xb8, 0x0,
    0x0, 0x7c, 0x7c, 0x0, 0x0, 0xb8, 0x3d, 0x0,
    0x0, 0xf0, 0x2e, 0x0, 0x1, 0xf0, 0x1f, 0x0,
    0x2, 0xe0, 0xf, 0x40, 0x3, 0xff, 0xff, 0x80,
    0x7, 0xff, 0xff, 0xc0, 0xb, 0x80, 0x3, 0xd0,
    0xf, 0x0, 0x2, 0xe0, 0x1f, 0x0, 0x1, 0xf0,
    0x2e, 0x0, 0x0, 0xf4, 0x3d, 0x0, 0x0, 0xb8,
    0x7c, 0x0, 0x0, 0x7c,

    /* U+1EB3 "ẳ" */
    0x0, 0x3e, 0x0, 0x0, 0x0, 0xe0, 0x0, 0x0,
    0x74, 0x0, 0x4, 0x34, 0x40, 0x3, 0x80, 0x34,
    0x0, 0x7f, 0xfc, 0x0, 0x7, 0xf8, 0x0, 0x0,
    0x0, 0x0, 0x0, 0x0, 0x0, 0x0, 0x7f, 0xf8,
    0x0, 0xff, 0xff, 0xc0, 0x24, 0x1, 0xf8, 0x0,
    0x0, 0x1f, 0x0, 0x0, 0x7, 0xc0, 0x5, 0x6a,
    0xf0, 0x2f, 0xff, 0xfc, 0x2f, 0x80, 0x1f, 0xf,
    0x40, 0x7, 0xc7, 0xc0, 0x1, 0xf0, 0xf0, 0x0,
    0xfc, 0x3e, 0x0, 0xff, 0x7, 0xff, 0xf3, 0xc0,
    0x7f, 0xe0, 0xf0,

    /* U+1EB4 "Ẵ" */
    0x0, 0x3e, 0x7, 0x0, 0x0, 0xfb, 0xed, 0x0,
    0x0, 0xc0, 0xb8, 0x0, 0x0, 0x0, 0x0, 0x0,
    0x0, 0xe0, 0xd, 0x0, 0x0, 0xbf, 0xfc, 0x0,
    0x0, 0x2f, 0xe0, 0x0, 0x0, 0x0, 0x0, 0x0,
    0x0, 0x0, 0x0, 0x0, 0x0, 0xb, 0xc0, 0x0,
    0x0, 0xf, 0xe0, 0x0, 0x0, 0x1f, 0xf0, 0x0,
    0x0, 0x2d, 0xf0, 0x0, 0x0, 0x3c, 0xb8, 0x0,
    0x0, 0x7c, 0x7c, 0x0, 0x0, 0xb8, 0x3d, 0x0,
    0x0, 0xf0, 0x2e, 0x0, 0x1, 0xf0, 0x1f, 0x0,
    0x2, 0xe0, 0xf, 0x40, 0x3, 0xff, 0xff, 0x80,
    0x7, 0xff, 0xff, 0xc0, 0xb, 0x80, 0x3, 0xd0,
    0xf, 0x0, 0x2, 0xe0, 0x1f, 0x0, 0x1, 0xf0,
    0x2e, 0x0, 0x0, 0xf4, 0x3d, 0x0, 0x0, 0xb8,
    0x7c, 0x0, 0x0, 0x7c,

    /* U+1EB5 "ẵ" */
    0x1, 0xf8, 0x1c, 0x0, 0xfb, 0xed, 0x0, 0x30,
    0x2e, 0x0, 0x0, 0x0, 0x0, 0x3, 0x80, 0x74,
    0x0, 0xbf, 0xfc, 0x0, 0xb, 0xf8, 0x0, 0x0,
    0x0, 0x0, 0x0, 0x0, 0x0, 0x0, 0x7f, 0xf8,
    0x0, 0xff, 0xff, 0xc0, 0x24, 0x1, 0xf8, 0x0,
    0x0, 0x1f, 0x0, 0x0, 0x7, 0xc0, 0x5, 0x6a,
    0xf0, 0x2f, 0xff, 0xfc, 0x2f, 0x80, 0x1f, 0xf,
    0x40, 0x7, 0xc7, 0xc0, 0x1, 0xf0, 0xf0, 0x0,
    0xfc, 0x3e, 0x0, 0xff, 0x7, 0xff, 0xf3, 0xc0,
    0x7f, 0xe0, 0xf0,

    /* U+1EB6 "Ặ" */
    0x0, 0x40, 0x5, 0x0, 0x0, 0xe0, 0x1d, 0x0,
    0x0, 0x7f, 0xfc, 0x0, 0x0, 0x1f, 0xe0, 0x0,
    0x0, 0x0, 0x0, 0x0, 0x0, 0x0, 0x0, 0x0,
    0x0, 0xb, 0xc0, 0x0, 0x0, 0xf, 0xe0, 0x0,
    0x0, 0x1f, 0xf0, 0x0, 0x0, 0x2d, 0xf0, 0x0,
    0x0, 0x3c, 0xb8, 0x0, 0x0, 0x7c, 0x7c, 0x0,
    0x0, 0xb8, 0x3d, 0x0, 0x0, 0xf0, 0x2e, 0x0,
    0x1, 0xf0, 0x1f, 0x0, 0x2, 0xe0, 0xf, 0x40,
    0x3, 0xff, 0xff, 0x80, 0x7, 0xff, 0xff, 0xc0,
    0xb, 0x80, 0x3, 0xd0, 0xf, 0x0, 0x2, 0xe0,
    0x1f, 0x0, 0x1, 0xf0, 0x2e, 0x0, 0x0, 0xf4,
    0x3d, 0x0, 0x0, 0xb8, 0x7c, 0x0, 0x0, 0x7c,
    0x0, 0x0, 0x0, 0x0, 0x0, 0x0, 0x0, 0x0,
    0x0, 0x3, 0xc0, 0x0, 0x0, 0xb, 0xc0, 0x0,
    0x0, 0x3, 0x80, 0x0,

    /* U+1EB7 "ặ" */
    0x3, 0x40, 0x74, 0x0, 0xbf, 0xfc, 0x0, 0xb,
    0xf8, 0x0, 0x0, 0x0, 0x0, 0x0, 0x0, 0x0,
    0x0, 0x7f, 0xf8, 0x0, 0xff, 0xff, 0xc0, 0x24,
    0x1, 0xf8, 0x0, 0x0, 0x1f, 0x0, 0x0, 0x7,
    0xc0, 0x5, 0x6a, 0xf0, 0x2f, 0xff, 0xfc, 0x2f,
    0x80, 0x1f, 0xf, 0x40, 0x7, 0xc7, 0xc0, 0x1,
    0xf0, 0xf0, 0x0, 0xfc, 0x3e, 0x0, 0xff, 0x7,
    0xff, 0xf3, 0xc0, 0x7f, 0xe0, 0xf0, 0x0, 0x0,
    0x0, 0x0, 0x1d, 0x0, 0x0, 0xf, 0xc0, 0x0,
    0x1, 0xe0, 0x0,

    /* U+1EB8 "Ẹ" */
    0x7f, 0xff, 0xfd, 0x7f, 0xff, 0xfd, 0x7c, 0x0,
    0x0, 0x7c, 0x0, 0x0, 0x7c, 0x0, 0x0, 0x7c,
    0x0, 0x0, 0x7c, 0x0, 0x0, 0x7f, 0xff, 0xfc,
    0x7f, 0xff, 0xfc, 0x7c, 0x0, 0x0, 0x7c, 0x0,
    0x0, 0x7c, 0x0, 0x0, 0x7c, 0x0, 0x0, 0x7c,
    0x0, 0x0, 0x7c, 0x0, 0x0, 0x7c, 0x0, 0x0,
    0x7f, 0xff, 0xfd, 0x7f, 0xff, 0xfd, 0x0, 0x0,
    0x0, 0x0, 0x0, 0x0, 0x0, 0x3c, 0x0, 0x0,
    0x3d, 0x0, 0x0, 0x2c, 0x0,

    /* U+1EB9 "ẹ" */
    0x0, 0xbf, 0xe0, 0x0, 0xff, 0xff, 0x40, 0xf8,
    0x2, 0xf0, 0xb8, 0x0, 0x3e, 0x3d, 0x0, 0xb,
    0xcf, 0xff, 0xff, 0xf7, 0xff, 0xff, 0xfd, 0xf0,
    0x0, 0x0, 0x3d, 0x0, 0x0, 0xf, 0x80, 0x0,
    0x2, 0xf0, 0x0, 0x0, 0x3f, 0x40, 0x18, 0x3,
    0xff, 0xff, 0x0, 0x1b, 0xfe, 0x40, 0x0, 0x0,
    0x0, 0x0, 0x2c, 0x0, 0x0, 0xf, 0x40, 0x0,
    0x3, 0xc0, 0x0,

    /* U+1EBA "Ẻ" */
    0x0, 0x0, 0x0, 0x0, 0xfe, 0x0, 0x0, 0x5b,
    0x40, 0x0, 0x3, 0x80, 0x0, 0x1f, 0x40, 0x0,
    0x38, 0x0, 0x0, 0x34, 0x0, 0x0, 0x0, 0x0,
    0x7f, 0xff, 0xfd, 0x7f, 0xff, 0xfd, 0x7c, 0x0,
    0x0, 0x7c, 0x0, 0x0, 0x7c, 0x0, 0x0, 0x7c,
    0x0, 0x0, 0x7c, 0x0, 0x0, 0x7f, 0xff, 0xfc,
    0x7f, 0xff, 0xfc, 0x7c, 0x0, 0x0, 0x7c, 0x0,
    0x0, 0x7c, 0x0, 0x0, 0x7c, 0x0, 0x0, 0x7c,
    0x0, 0x0, 0x7c, 0x0, 0x0, 0x7c, 0x0, 0x0,
    0x7f, 0xff, 0xfd, 0x7f, 0xff, 0xfd,

    /* U+1EBB "ẻ" */
    0x0, 0x0, 0x0, 0x0, 0xf, 0xf0, 0x0, 0x1,
    0x6e, 0x0, 0x0, 0x3, 0xc0, 0x0, 0x7, 0xd0,
    0x0, 0x3, 0xc0, 0x0, 0x0, 0xa0, 0x0, 0x0,
    0x0, 0x0, 0x0, 0xbf, 0xe0, 0x0, 0xff, 0xff,
    0x40, 0xf8, 0x2, 0xf0, 0xb8, 0x0, 0x3e, 0x3d,
    0x0, 0xb, 0xcf, 0xff, 0xff, 0xf7, 0xff, 0xff,
    0xfd, 0xf0, 0x0, 0x0, 0x3d, 0x0, 0x0, 0xf,
    0x80, 0x0, 0x2, 0xf0, 0x0, 0x0, 0x3f, 0x40,
    0x18, 0x3, 0xff, 0xff, 0x0, 0x1b, 0xfe, 0x40,

    /* U+1EBC "Ẽ" */
    0x7, 0xe4, 0x38, 0xf, 0xff, 0xf0, 0x1c, 0xb,
    0xd0, 0x0, 0x0, 0x0, 0x0, 0x0, 0x0, 0x7f,
    0xff, 0xfd, 0x7f, 0xff, 0xfd, 0x7c, 0x0, 0x0,
    0x7c, 0x0, 0x0, 0x7c, 0x0, 0x0, 0x7c, 0x0,
    0x0, 0x7c, 0x0, 0x0, 0x7f, 0xff, 0xfc, 0x7f,
    0xff, 0xfc, 0x7c, 0x0, 0x0, 0x7c, 0x0, 0x0,
    0x7c, 0x0, 0x0, 0x7c, 0x0, 0x0, 0x7c, 0x0,
    0x0, 0x7c, 0x0, 0x0, 0x7c, 0x0, 0x0, 0x7f,
    0xff, 0xfd, 0x7f, 0xff, 0xfd,

    /* U+1EBD "ẽ" */
    0x1, 0xff, 0xfe, 0x0, 0xff, 0xfe, 0x0, 0x0,
    0x0, 0x0, 0x0, 0x0, 0x0, 0x0, 0xbf, 0xe0,
    0x0, 0xff, 0xff, 0x40, 0xf8, 0x2, 0xf0, 0xb8,
    0x0, 0x3e, 0x3d, 0x0, 0xb, 0xcf, 0xff, 0xff,
    0xf7, 0xff, 0xff, 0xfd, 0xf0, 0x0, 0x0, 0x3d,
    0x0, 0x0, 0xf, 0x80, 0x0, 0x2, 0xf0, 0x0,
    0x0, 0x3f, 0x40, 0x18, 0x3, 0xff, 0xff, 0x0,
    0x1b, 0xfe, 0x40,

    /* U+1EBE "Ế" */
    0x0, 0x0, 0xb, 0x80, 0xa, 0x7, 0x80, 0xf,
    0xf3, 0x80, 0xf, 0xaf, 0x0, 0xb, 0x41, 0xe0,
    0x0, 0x0, 0x0, 0x0, 0x0, 0x0, 0x1, 0xff,
    0xff, 0xf4, 0x7f, 0xff, 0xfd, 0x1f, 0x0, 0x0,
    0x7, 0xc0, 0x0, 0x1, 0xf0, 0x0, 0x0, 0x7c,
    0x0, 0x0, 0x1f, 0x0, 0x0, 0x7, 0xff, 0xff,
    0xc1, 0xff, 0xff, 0xf0, 0x7c, 0x0, 0x0, 0x1f,
    0x0, 0x0, 0x7, 0xc0, 0x0, 0x1, 0xf0, 0x0,
    0x0, 0x7c, 0x0, 0x0, 0x1f, 0x0, 0x0, 0x7,
    0xc0, 0x0, 0x1, 0xff, 0xff, 0xf4, 0x7f, 0xff,
    0xfd, 0x0,

    /* U+1EBF "ế" */
    0x0, 0x0, 0x3, 0xd0, 0x0, 0x0, 0x78, 0x0,
    0x3f, 0x4e, 0x0, 0xb, 0xfd, 0x0, 0x2, 0xe0,
    0xf0, 0x0, 0x14, 0x1, 0x40, 0x0, 0x0, 0x0,
    0x0, 0xb, 0xfe, 0x0, 0x3, 0xff, 0xfd, 0x0,
    0xf8, 0x2, 0xf0, 0x2e, 0x0, 0xf, 0x83, 0xd0,
    0x0, 0xbc, 0x3f, 0xff, 0xff, 0xc7, 0xff, 0xff,
    0xfc, 0x7c, 0x0, 0x0, 0x3, 0xd0, 0x0, 0x0,
    0x3e, 0x0, 0x0, 0x2, 0xf0, 0x0, 0x0, 0xf,
    0xd0, 0x6, 0x0, 0x3f, 0xff, 0xf0, 0x0, 0x6f,
    0xf9, 0x0,

    /* U+1EC0 "Ề" */
    0xb8, 0x0, 0x0, 0xf, 0x42, 0x80, 0x0, 0xb3,
    0xfc, 0x0, 0x3, 0xeb, 0xc0, 0x2, 0xd0, 0x78,
    0x0, 0x0, 0x0, 0x0, 0x0, 0x0, 0x0, 0x7f,
    0xff, 0xfd, 0x1f, 0xff, 0xff, 0x47, 0xc0, 0x0,
    0x1, 0xf0, 0x0, 0x0, 0x7c, 0x0, 0x0, 0x1f,
    0x0, 0x0, 0x7, 0xc0, 0x0, 0x1, 0xff, 0xff,
    0xf0, 0x7f, 0xff, 0xfc, 0x1f, 0x0, 0x0, 0x7,
    0xc0, 0x0, 0x1, 0xf0, 0x0, 0x0, 0x7c, 0x0,
    0x0, 0x1f, 0x0, 0x0, 0x7, 0xc0, 0x0, 0x1,
    0xf0, 0x0, 0x0, 0x7f, 0xff, 0xfd, 0x1f, 0xff,
    0xff, 0x40,

    /* U+1EC1 "ề" */
    0x3d, 0x0, 0x0, 0x0, 0xf0, 0x0, 0x0, 0x3,
    0x8f, 0xd0, 0x0, 0x2, 0xff, 0x40, 0x0, 0xb8,
    0x3c, 0x0, 0x5, 0x0, 0x50, 0x0, 0x0, 0x0,
    0x0, 0x2, 0xff, 0x80, 0x0, 0xff, 0xff, 0x40,
    0x3e, 0x0, 0xbc, 0xb, 0x80, 0x3, 0xe0, 0xf4,
    0x0, 0x2f, 0xf, 0xff, 0xff, 0xf1, 0xff, 0xff,
    0xff, 0x1f, 0x0, 0x0, 0x0, 0xf4, 0x0, 0x0,
    0xf, 0x80, 0x0, 0x0, 0xbc, 0x0, 0x0, 0x3,
    0xf4, 0x1, 0x80, 0xf, 0xff, 0xfc, 0x0, 0x1b,
    0xfe, 0x40,

    /* U+1EC2 "Ể" */
    0x0, 0x0, 0x7d, 0x0, 0x0, 0x2, 0xc0, 0x0,
    0x0, 0xb0, 0x0, 0xa0, 0xf0, 0x0, 0xff, 0x24,
    0x0, 0xba, 0xe0, 0x0, 0xb4, 0x1e, 0x0, 0x10,
    0x0, 0x40, 0x0, 0x0, 0x0, 0x1f, 0xff, 0xff,
    0x47, 0xff, 0xff, 0xd1, 0xf0, 0x0, 0x0, 0x7c,
    0x0, 0x0, 0x1f, 0x0, 0x0, 0x7, 0xc0, 0x0,
    0x1, 0xf0, 0x0, 0x0, 0x7f, 0xff, 0xfc, 0x1f,
    0xff, 0xff, 0x7, 0xc0, 0x0, 0x1, 0xf0, 0x0,
    0x0, 0x7c, 0x0, 0x0, 0x1f, 0x0, 0x0, 0x7,
    0xc0, 0x0, 0x1, 0xf0, 0x0, 0x0, 0x7c, 0x0,
    0x0, 0x1f, 0xff, 0xff, 0x47, 0xff, 0xff, 0xd0,

    /* U+1EC3 "ể" */
    0x0, 0x0, 0x2e, 0x0, 0x0, 0x0, 0xa0, 0x0,
    0x0, 0x2c, 0x0, 0x0, 0x2d, 0x0, 0x3f, 0x4c,
    0x0, 0x2f, 0xf4, 0x0, 0x2e, 0xf, 0x0, 0x5,
    0x0, 0x50, 0x0, 0x0, 0x0, 0x0, 0x2f, 0xf8,
    0x0, 0x3f, 0xff, 0xd0, 0x3e, 0x0, 0xbc, 0x2e,
    0x0, 0xf, 0x8f, 0x40, 0x2, 0xf3, 0xff, 0xff,
    0xfd, 0xff, 0xff, 0xff, 0x7c, 0x0, 0x0, 0xf,
    0x40, 0x0, 0x3, 0xe0, 0x0, 0x0, 0xbc, 0x0,
    0x0, 0xf, 0xd0, 0x6, 0x0, 0xff, 0xff, 0xc0,
    0x6, 0xff, 0x90,

    /* U+1EC4 "Ễ" */
    0x3, 0xe0, 0x70, 0xb, 0xbe, 0xe0, 0xc, 0xb,
    0xc0, 0x0, 0x14, 0x0, 0x0, 0xff, 0x0, 0x3,
    0xdb, 0x80, 0xb, 0x41, 0xe0, 0x0, 0x0, 0x0,
    0x0, 0x0, 0x0, 0x7f, 0xff, 0xfd, 0x7f, 0xff,
    0xfd, 0x7c, 0x0, 0x0, 0x7c, 0x0, 0x0, 0x7c,
    0x0, 0x0, 0x7c, 0x0, 0x0, 0x7c, 0x0, 0x0,
    0x7f, 0xff, 0xfc, 0x7f, 0xff, 0xfc, 0x7c, 0x0,
    0x0, 0x7c, 0x0, 0x0, 0x7c, 0x0, 0x0, 0x7c,
    0x0, 0x0, 0x7c, 0x0, 0x0, 0x7c, 0x0, 0x0,
    0x7c, 0x0, 0x0, 0x7f, 0xff, 0xfd, 0x7f, 0xff,
    0xfd,

    /* U+1EC5 "ễ" */
    0x0, 0xf8, 0x1c, 0x0, 0xfb, 0xee, 0x0, 0x30,
    0x2e, 0x0, 0x0, 0x0, 0x0, 0x0, 0x3f, 0x80,
    0x0, 0x3e, 0xf4, 0x0, 0x3c, 0x7, 0x40, 0x0,
    0x0, 0x0, 0x0, 0x0, 0x0, 0x0, 0x2f, 0xf8,
    0x0, 0x3f, 0xff, 0xd0, 0x3e, 0x0, 0xbc, 0x2e,
    0x0, 0xf, 0x8f, 0x40, 0x2, 0xf3, 0xff, 0xff,
    0xfd, 0xff, 0xff, 0xff, 0x7c, 0x0, 0x0, 0xf,
    0x40, 0x0, 0x3, 0xe0, 0x0, 0x0, 0xbc, 0x0,
    0x0, 0xf, 0xd0, 0x6, 0x0, 0xff, 0xff, 0xc0,
    0x6, 0xff, 0x90,

    /* U+1EC6 "Ệ" */
    0x0, 0x7f, 0x0, 0x0, 0xff, 0x80, 0x3, 0xd3,
    0xd0, 0xf, 0x40, 0xb4, 0x0, 0x0, 0x0, 0x0,
    0x0, 0x0, 0x7f, 0xff, 0xfd, 0x7f, 0xff, 0xfd,
    0x7c, 0x0, 0x0, 0x7c, 0x0, 0x0, 0x7c, 0x0,
    0x0, 0x7c, 0x0, 0x0, 0x7c, 0x0, 0x0, 0x7f,
    0xff, 0xfc, 0x7f, 0xff, 0xfc, 0x7c, 0x0, 0x0,
    0x7c, 0x0, 0x0, 0x7c, 0x0, 0x0, 0x7c, 0x0,
    0x0, 0x7c, 0x0, 0x0, 0x7c, 0x0, 0x0, 0x7c,
    0x0, 0x0, 0x7f, 0xff, 0xfd, 0x7f, 0xff, 0xfd,
    0x0, 0x0, 0x0, 0x0, 0x0, 0x0, 0x0, 0x3c,
    0x0, 0x0, 0x3d, 0x0, 0x0, 0x2c, 0x0,

    /* U+1EC7 "ệ" */
    0x0, 0x2f, 0x80, 0x0, 0x1f, 0xf4, 0x0, 0x1f,
    0xf, 0x40, 0x9, 0x0, 0x60, 0x0, 0x0, 0x0,
    0x0, 0x2f, 0xf8, 0x0, 0x3f, 0xff, 0xd0, 0x3e,
    0x0, 0xbc, 0x2e, 0x0, 0xf, 0x8f, 0x40, 0x2,
    0xf3, 0xff, 0xff, 0xfd, 0xff, 0xff, 0xff, 0x7c,
    0x0, 0x0, 0xf, 0x40, 0x0, 0x3, 0xe0, 0x0,
    0x0, 0xbc, 0x0, 0x0, 0xf, 0xd0, 0x6, 0x0,
    0xff, 0xff, 0xc0, 0x6, 0xff, 0x90, 0x0, 0x0,
    0x0, 0x0, 0xb, 0x0, 0x0, 0x3, 0xd0, 0x0,
    0x0, 0xf0, 0x0,

    /* U+1EC8 "Ỉ" */
    0x0, 0x0, 0x0, 0x3, 0xf8, 0x0, 0x5, 0xb4,
    0x0, 0x1, 0xe0, 0x0, 0x2f, 0x0, 0x0, 0xe0,
    0x0, 0x3, 0x40, 0x0, 0x0, 0x0, 0x3f, 0xff,
    0xf8, 0xab, 0xfa, 0x90, 0x7, 0xc0, 0x0, 0x1f,
    0x0, 0x0, 0x7c, 0x0, 0x1, 0xf0, 0x0, 0x7,
    0xc0, 0x0, 0x1f, 0x0, 0x0, 0x7c, 0x0, 0x1,
    0xf0, 0x0, 0x7, 0xc0, 0x0, 0x1f, 0x0, 0x0,
    0x7c, 0x0, 0x1, 0xf0, 0x0, 0x7, 0xc0, 0x0,
    0x1f, 0x0, 0x2a, 0xfe, 0xa4, 0xff, 0xff, 0xe0,

    /* U+1EC9 "ỉ" */
    0x0, 0x0, 0x0, 0x0, 0xfe, 0x0, 0x0, 0x5b,
    0x80, 0x0, 0x3, 0x80, 0x0, 0x2f, 0x0, 0x0,
    0x38, 0x0, 0x0, 0x24, 0x0, 0x0, 0x0, 0x0,
    0x2f, 0xfc, 0x0, 0x1a, 0xfc, 0x0, 0x0, 0x3c,
    0x0, 0x0, 0x3c, 0x0, 0x0, 0x3c, 0x0, 0x0,
    0x3c, 0x0, 0x0, 0x3c, 0x0, 0x0, 0x3c, 0x0,
    0x0, 0x3c, 0x0, 0x0, 0x3c, 0x0, 0x0, 0x3c,
    0x0, 0x0, 0x3c, 0x0, 0x6a, 0xbe, 0xa9, 0xbf,
    0xff, 0xfe,

    /* U+1ECA "Ị" */
    0x3f, 0xff, 0xf8, 0xab, 0xfa, 0x90, 0x7, 0xc0,
    0x0, 0x1f, 0x0, 0x0, 0x7c, 0x0, 0x1, 0xf0,
    0x0, 0x7, 0xc0, 0x0, 0x1f, 0x0, 0x0, 0x7c,
    0x0, 0x1, 0xf0, 0x0, 0x7, 0xc0, 0x0, 0x1f,
    0x0, 0x0, 0x7c, 0x0, 0x1, 0xf0, 0x0, 0x7,
    0xc0, 0x0, 0x1f, 0x0, 0x2a, 0xfe, 0xa4, 0xff,
    0xff, 0xe0, 0x0, 0x0, 0x0, 0x0, 0x0, 0x0,
    0x3c, 0x0, 0x2, 0xf0, 0x0, 0x3, 0x80, 0x0,

    /* U+1ECB "ị" */
    0x0, 0x3c, 0x0, 0x0, 0x7d, 0x0, 0x0, 0x28,
    0x0, 0x0, 0x0, 0x0, 0x0, 0x0, 0x0, 0x2f,
    0xfc, 0x0, 0x1a, 0xfc, 0x0, 0x0, 0x3c, 0x0,
    0x0, 0x3c, 0x0, 0x0, 0x3c, 0x0, 0x0, 0x3c,
    0x0, 0x0, 0x3c, 0x0, 0x0, 0x3c, 0x0, 0x0,
    0x3c, 0x0, 0x0, 0x3c, 0x0, 0x0, 0x3c, 0x0,
    0x0, 0x3c, 0x0, 0x6a, 0xbe, 0xa9, 0xbf, 0xff,
    0xfe, 0x0, 0x0, 0x0, 0x0, 0x0, 0x0, 0x0,
    0x3c, 0x0, 0x0, 0x7d, 0x0, 0x0, 0x2c, 0x0,

    /* U+1ECC "Ọ" */
    0x0, 0xbf, 0xd0, 0x0, 0x7f, 0xff, 0xc0, 0x1f,
    0xd0, 0x7f, 0x3, 0xf0, 0x0, 0xf4, 0x7d, 0x0,
    0xb, 0xcb, 0xc0, 0x0, 0x7c, 0xfc, 0x0, 0x3,
    0xdf, 0x80, 0x0, 0x3d, 0xf8, 0x0, 0x3, 0xef,
    0x80, 0x0, 0x3e, 0xf8, 0x0, 0x3, 0xdf, 0xc0,
    0x0, 0x3d, 0xbc, 0x0, 0x7, 0xc7, 0xd0, 0x0,
    0xbc, 0x3f, 0x0, 0xf, 0x41, 0xfd, 0x7, 0xf0,
    0xb, 0xff, 0xfc, 0x0, 0xb, 0xfd, 0x0, 0x0,
    0x0, 0x0, 0x0, 0x0, 0xe0, 0x0, 0x0, 0x2f,
    0x0, 0x0, 0x0, 0xe0, 0x0,

    /* U+1ECD "ọ" */
    0x0, 0xbf, 0xd0, 0x0, 0x7f, 0xff, 0xc0, 0x1f,
    0x80, 0x3f, 0x3, 0xe0, 0x0, 0xf4, 0x3c, 0x0,
    0xb, 0xc7, 0xc0, 0x0, 0x7c, 0xbc, 0x0, 0x7,
    0xcb, 0xc0, 0x0, 0x7c, 0x7c, 0x0, 0x7, 0xc3,
    0xc0, 0x0, 0xbc, 0x3e, 0x0, 0xf, 0x40, 0xf8,
    0x3, 0xf0, 0x7, 0xff, 0xfc, 0x0, 0xb, 0xfd,
    0x0, 0x0, 0x0, 0x0, 0x0, 0x0, 0xe0, 0x0,
    0x0, 0x2f, 0x0, 0x0, 0x0, 0xe0, 0x0,

    /* U+1ECE "Ỏ" */
    0x0, 0x0, 0x0, 0x0, 0x7, 0xf4, 0x0, 0x0,
    0x17, 0xd0, 0x0, 0x0, 0x1d, 0x0, 0x0, 0x7,
    0xc0, 0x0, 0x1, 0xe0, 0x0, 0x0, 0x1d, 0x0,
    0x0, 0x0, 0x0, 0x0, 0x0, 0xbf, 0xd0, 0x0,
    0x7f, 0xff, 0xc0, 0x1f, 0xd0, 0x7f, 0x3, 0xf0,
    0x0, 0xf4, 0x7d, 0x0, 0xb, 0xcb, 0xc0, 0x0,
    0x7c, 0xfc, 0x0, 0x3, 0xdf, 0x80, 0x0, 0x3d,
    0xf8, 0x0, 0x3, 0xef, 0x80, 0x0, 0x3e, 0xf8,
    0x0, 0x3, 0xdf, 0xc0, 0x0, 0x3d, 0xbc, 0x0,
    0x7, 0xc7, 0xd0, 0x0, 0xbc, 0x3f, 0x0, 0xf,
    0x41, 0xfd, 0x7, 0xf0, 0xb, 0xff, 0xfc, 0x0,
    0xb, 0xfd, 0x0,

    /* U+1ECF "ỏ" */
    0x0, 0x0, 0x0, 0x0, 0x3, 0xf8, 0x0, 0x0,
    0x16, 0xd0, 0x0, 0x0, 0x1e, 0x0, 0x0, 0xb,
    0xc0, 0x0, 0x0, 0xe0, 0x0, 0x0, 0xd, 0x0,
    0x0, 0x0, 0x0, 0x0, 0x0, 0xbf, 0xd0, 0x0,
    0x7f, 0xff, 0xc0, 0x1f, 0x80, 0x3f, 0x3, 0xe0,
    0x0, 0xf4, 0x3c, 0x0, 0xb, 0xc7, 0xc0, 0x0,
    0x7c, 0xbc, 0x0, 0x7, 0xcb, 0xc0, 0x0, 0x7c,
    0x7c, 0x0, 0x7, 0xc3, 0xc0, 0x0, 0xbc, 0x3e,
    0x0, 0xf, 0x40, 0xf8, 0x3, 0xf0, 0x7, 0xff,
    0xfc, 0x0, 0xb, 0xfd, 0x0,

    /* U+1ED0 "Ố" */
    0x0, 0x0, 0x1, 0x90, 0x0, 0x0, 0x3c, 0x0,
    0x1a, 0xb, 0x0, 0x7, 0xfc, 0x80, 0x0, 0xf1,
    0xe0, 0x0, 0x38, 0x7, 0x80, 0x0, 0x0, 0x0,
    0x0, 0x0, 0x0, 0x0, 0x0, 0xbf, 0xd0, 0x0,
    0x7f, 0xff, 0xc0, 0x1f, 0xd0, 0x7f, 0x3, 0xf0,
    0x0, 0xf4, 0x7d, 0x0, 0xb, 0xcb, 0xc0, 0x0,
    0x7c, 0xfc, 0x0, 0x3, 0xdf, 0x80, 0x0, 0x3d,
    0xf8, 0x0, 0x3, 0xef, 0x80, 0x0, 0x3e, 0xf8,
    0x0, 0x3, 0xdf, 0xc0, 0x0, 0x3d, 0xbc, 0x0,
    0x7, 0xc7, 0xd0, 0x0, 0xbc, 0x3f, 0x0, 0xf,
    0x41, 0xfd, 0x7, 0xf0, 0xb, 0xff, 0xfc, 0x0,
    0xb, 0xfd, 0x0,

    /* U+1ED1 "ố" */
    0x0, 0x0, 0x3, 0xd0, 0x0, 0x0, 0x78, 0x0,
    0x3f, 0x4e, 0x0, 0xb, 0xfd, 0x0, 0x2, 0xe0,
    0xf0, 0x0, 0x20, 0x1, 0x40, 0x0, 0x0, 0x0,
    0x0, 0xb, 0xfd, 0x0, 0x7, 0xff, 0xfc, 0x1,
    0xf8, 0x3, 0xf0, 0x3e, 0x0, 0xf, 0x43, 0xc0,
    0x0, 0xbc, 0x7c, 0x0, 0x7, 0xcb, 0xc0, 0x0,
    0x7c, 0xbc, 0x0, 0x7, 0xc7, 0xc0, 0x0, 0x7c,
    0x3c, 0x0, 0xb, 0xc3, 0xe0, 0x0, 0xf4, 0xf,
    0x80, 0x3f, 0x0, 0x7f, 0xff, 0xc0, 0x0, 0xbf,
    0xd0, 0x0,

    /* U+1ED2 "Ồ" */
    0x18, 0x0, 0x0, 0x0, 0x78, 0x0, 0x0, 0x0,
    0xb4, 0x68, 0x0, 0x0, 0x57, 0xfc, 0x0, 0x0,
    0x3c, 0x78, 0x0, 0x3, 0x80, 0x78, 0x0, 0x0,
    0x0, 0x0, 0x0, 0x0, 0x0, 0x0, 0x0, 0x2f,
    0xf4, 0x0, 0x7, 0xff, 0xfc, 0x0, 0x7f, 0x41,
    0xfc, 0x3, 0xf0, 0x0, 0xf4, 0x1f, 0x40, 0x2,
    0xf0, 0xbc, 0x0, 0x7, 0xc3, 0xf0, 0x0, 0xf,
    0x4f, 0x80, 0x0, 0x3d, 0x3e, 0x0, 0x0, 0xf8,
    0xf8, 0x0, 0x3, 0xe3, 0xe0, 0x0, 0xf, 0x4f,
    0xc0, 0x0, 0x3d, 0x2f, 0x0, 0x1, 0xf0, 0x7d,
    0x0, 0xb, 0xc0, 0xfc, 0x0, 0x3d, 0x1, 0xfd,
    0x7, 0xf0, 0x2, 0xff, 0xff, 0x0, 0x0, 0xbf,
    0xd0, 0x0,

    /* U+1ED3 "ồ" */
    0x3d, 0x0, 0x0, 0x0, 0x3c, 0x0, 0x0, 0x0,
    0x38, 0xfd, 0x0, 0x0, 0xb, 0xfd, 0x0, 0x0,
    0xb8, 0x3c, 0x0, 0x1, 0x0, 0x14, 0x0, 0x0,
    0x0, 0x0, 0x0, 0xb, 0xfd, 0x0, 0x1, 0xff,
    0xff, 0x0, 0x1f, 0x80, 0x3f, 0x0, 0xf8, 0x0,
    0x3d, 0x3, 0xc0, 0x0, 0xbc, 0x1f, 0x0, 0x1,
    0xf0, 0xbc, 0x0, 0x7, 0xc2, 0xf0, 0x0, 0x1f,
    0x7, 0xc0, 0x0, 0x7c, 0xf, 0x0, 0x2, 0xf0,
    0x3e, 0x0, 0xf, 0x40, 0x3e, 0x0, 0xfc, 0x0,
    0x7f, 0xff, 0xc0, 0x0, 0x2f, 0xf4, 0x0,

    /* U+1ED4 "Ổ" */
    0x0, 0x0, 0x2e, 0x0, 0x0, 0x0, 0x28, 0x0,
    0x0, 0x2, 0x80, 0x0, 0x50, 0xf0, 0x0, 0x3f,
    0x8c, 0x0, 0xf, 0xbd, 0x0, 0x2, 0xe0, 0xf0,
    0x0, 0x24, 0x2, 0x40, 0x0, 0x0, 0x0, 0x0,
    0xb, 0xfd, 0x0, 0x7, 0xff, 0xfc, 0x1, 0xfd,
    0x7, 0xf0, 0x3f, 0x0, 0xf, 0x47, 0xd0, 0x0,
    0xbc, 0xbc, 0x0, 0x7, 0xcf, 0xc0, 0x0, 0x3d,
    0xf8, 0x0, 0x3, 0xdf, 0x80, 0x0, 0x3e, 0xf8,
    0x0, 0x3, 0xef, 0x80, 0x0, 0x3d, 0xfc, 0x0,
    0x3, 0xdb, 0xc0, 0x0, 0x7c, 0x7d, 0x0, 0xb,
    0xc3, 0xf0, 0x0, 0xf4, 0x1f, 0xd0, 0x7f, 0x0,
    0xbf, 0xff, 0xc0, 0x0, 0xbf, 0xd0, 0x0,

    /* U+1ED5 "ổ" */
    0x0, 0x0, 0x2e, 0x0, 0x0, 0x0, 0x38, 0x0,
    0x0, 0x2, 0xc0, 0x0, 0x0, 0xb0, 0x0, 0x3f,
    0x4c, 0x0, 0xb, 0xbd, 0x0, 0x2, 0xe0, 0xf0,
    0x0, 0x20, 0x1, 0x40, 0x0, 0x0, 0x0, 0x0,
    0xb, 0xfd, 0x0, 0x7, 0xff, 0xfc, 0x1, 0xf8,
    0x3, 0xf0, 0x3e, 0x0, 0xf, 0x43, 0xc0, 0x0,
    0xbc, 0x7c, 0x0, 0x7, 0xcb, 0xc0, 0x0, 0x7c,
    0xbc, 0x0, 0x7, 0xc7, 0xc0, 0x0, 0x7c, 0x3c,
    0x0, 0xb, 0xc3, 0xe0, 0x0, 0xf4, 0xf, 0x80,
    0x3f, 0x0, 0x7f, 0xff, 0xc0, 0x0, 0xbf, 0xd0,
    0x0,

    /* U+1ED6 "Ỗ" */
    0x0, 0x0, 0x0, 0x0, 0x1f, 0x92, 0xc0, 0x3,
    0xef, 0xf4, 0x0, 0x20, 0x19, 0x0, 0x0, 0x1a,
    0x0, 0x0, 0x7, 0xfc, 0x0, 0x0, 0xf2, 0xe0,
    0x0, 0x38, 0x7, 0x80, 0x0, 0x0, 0x0, 0x0,
    0x0, 0x0, 0x0, 0x0, 0xbf, 0xd0, 0x0, 0x7f,
    0xff, 0xc0, 0x1f, 0xd0, 0x7f, 0x3, 0xf0, 0x0,
    0xf4, 0x7d, 0x0, 0xb, 0xcb, 0xc0, 0x0, 0x7c,
    0xfc, 0x0, 0x3, 0xdf, 0x80, 0x0, 0x3d, 0xf8,
    0x0, 0x3, 0xef, 0x80, 0x0, 0x3e, 0xf8, 0x0,
    0x3, 0xdf, 0xc0, 0x0, 0x3d, 0xbc, 0x0, 0x7,
    0xc7, 0xd0, 0x0, 0xbc, 0x3f, 0x0, 0xf, 0x41,
    0xfd, 0x7, 0xf0, 0xb, 0xff, 0xfc, 0x0, 0xb,
    0xfd, 0x0,

    /* U+1ED7 "ỗ" */
    0x0, 0xf8, 0x1c, 0x0, 0x3e, 0xfb, 0x80, 0x3,
    0x2, 0xe0, 0x0, 0x0, 0x0, 0x0, 0x0, 0x3f,
    0x40, 0x0, 0xf, 0xbd, 0x0, 0x3, 0xc0, 0x74,
    0x0, 0x0, 0x0, 0x0, 0x0, 0x0, 0x0, 0x0,
    0xb, 0xfd, 0x0, 0x7, 0xff, 0xfc, 0x1, 0xf8,
    0x3, 0xf0, 0x3e, 0x0, 0xf, 0x43, 0xc0, 0x0,
    0xbc, 0x7c, 0x0, 0x7, 0xcb, 0xc0, 0x0, 0x7c,
    0xbc, 0x0, 0x7, 0xc7, 0xc0, 0x0, 0x7c, 0x3c,
    0x0, 0xb, 0xc3, 0xe0, 0x0, 0xf4, 0xf, 0x80,
    0x3f, 0x0, 0x7f, 0xff, 0xc0, 0x0, 0xbf, 0xd0,
    0x0,

    /* U+1ED8 "Ộ" */
    0x0, 0x2f, 0x40, 0x0, 0x7, 0xfc, 0x0, 0x1,
    0xf1, 0xf0, 0x0, 0x38, 0x7, 0xc0, 0x0, 0x0,
    0x0, 0x0, 0x0, 0x0, 0x0, 0x0, 0xbf, 0xd0,
    0x0, 0x7f, 0xff, 0xc0, 0x1f, 0xd0, 0x7f, 0x3,
    0xf0, 0x0, 0xf4, 0x7d, 0x0, 0xb, 0xcb, 0xc0,
    0x0, 0x7c, 0xfc, 0x0, 0x3, 0xdf, 0x80, 0x0,
    0x3d, 0xf8, 0x0, 0x3, 0xef, 0x80, 0x0, 0x3e,
    0xf8, 0x0, 0x3, 0xdf, 0xc0, 0x0, 0x3d, 0xbc,
    0x0, 0x7, 0xc7, 0xd0, 0x0, 0xbc, 0x3f, 0x0,
    0xf, 0x41, 0xfd, 0x7, 0xf0, 0xb, 0xff, 0xfc,
    0x0, 0xb, 0xfd, 0x0, 0x0, 0x0, 0x0, 0x0,
    0x0, 0xe0, 0x0, 0x0, 0x2f, 0x0, 0x0, 0x0,
    0xe0, 0x0,

    /* U+1ED9 "ộ" */
    0x0, 0x3f, 0x40, 0x0, 0xb, 0xfc, 0x0, 0x2,
    0xe0, 0xf0, 0x0, 0x24, 0x2, 0x80, 0x0, 0x0,
    0x0, 0x0, 0xb, 0xfd, 0x0, 0x7, 0xff, 0xfc,
    0x1, 0xf8, 0x3, 0xf0, 0x3e, 0x0, 0xf, 0x43,
    0xc0, 0x0, 0xbc, 0x7c, 0x0, 0x7, 0xcb, 0xc0,
    0x0, 0x7c, 0xbc, 0x0, 0x7, 0xc7, 0xc0, 0x0,
    0x7c, 0x3c, 0x0, 0xb, 0xc3, 0xe0, 0x0, 0xf4,
    0xf, 0x80, 0x3f, 0x0, 0x7f, 0xff, 0xc0, 0x0,
    0xbf, 0xd0, 0x0, 0x0, 0x0, 0x0, 0x0, 0xe,
    0x0, 0x0, 0x2, 0xf0, 0x0, 0x0, 0xe, 0x0,
    0x0,

    /* U+1EDA "Ớ" */
    0x0, 0x2, 0xf0, 0x0, 0x0, 0x3, 0xd0, 0x0,
    0x0, 0xf, 0x80, 0x0, 0x0, 0x1e, 0x0, 0x0,
    0x0, 0x0, 0x0, 0x0, 0x0, 0x0, 0x0, 0xbc,
    0x0, 0xbf, 0xd0, 0xbc, 0x7, 0xff, 0xfc, 0xf4,
    0x1f, 0xd0, 0x7f, 0xe0, 0x3f, 0x0, 0xf, 0x80,
    0x7d, 0x0, 0xb, 0xc0, 0xbc, 0x0, 0x7, 0xc0,
    0xf8, 0x0, 0x3, 0xd0, 0xf8, 0x0, 0x3, 0xd0,
    0xf8, 0x0, 0x3, 0xe0, 0xf8, 0x0, 0x3, 0xe0,
    0xf8, 0x0, 0x3, 0xd0, 0xf8, 0x0, 0x3, 0xd0,
    0xbc, 0x0, 0x7, 0xc0, 0x7d, 0x0, 0xb, 0xc0,
    0x3f, 0x0, 0xf, 0x40, 0x1f, 0xd0, 0x7f, 0x0,
    0x7, 0xff, 0xfc, 0x0, 0x0, 0xbf, 0xd0, 0x0,

    /* U+1EDB "ớ" */
    0x0, 0x3, 0xf0, 0x0, 0x0, 0x7, 0xc0, 0x0,
    0x0, 0xf, 0x40, 0x0, 0x0, 0x18, 0x0, 0x68,
    0x0, 0x0, 0x0, 0xbc, 0x0, 0xbf, 0xd0, 0xf4,
    0x7, 0xff, 0xfe, 0xf0, 0x1f, 0x80, 0x3f, 0x80,
    0x3e, 0x0, 0xf, 0x40, 0x3c, 0x0, 0xb, 0x80,
    0x7c, 0x0, 0x7, 0xc0, 0xbc, 0x0, 0x7, 0xc0,
    0xbc, 0x0, 0x7, 0xc0, 0x7c, 0x0, 0x7, 0xc0,
    0x3c, 0x0, 0xb, 0xc0, 0x3e, 0x0, 0xf, 0x40,
    0xf, 0x80, 0x3f, 0x0, 0x7, 0xff, 0xfc, 0x0,
    0x0, 0xbf, 0xd0, 0x0,

    /* U+1EDC "Ờ" */
    0x1, 0xf4, 0x0, 0x0, 0x0, 0xbc, 0x0, 0x0,
    0x0, 0x3d, 0x0, 0x0, 0x0, 0xb, 0x0, 0x0,
    0x0, 0x0, 0x0, 0x0, 0x0, 0x0, 0x0, 0xbc,
    0x0, 0xbf, 0xd0, 0xbc, 0x7, 0xff, 0xfc, 0xf4,
    0x1f, 0xd0, 0x7f, 0xe0, 0x3f, 0x0, 0xf, 0x80,
    0x7d, 0x0, 0xb, 0xc0, 0xbc, 0x0, 0x7, 0xc0,
    0xf8, 0x0, 0x3, 0xd0, 0xf8, 0x0, 0x3, 0xd0,
    0xf8, 0x0, 0x3, 0xe0, 0xf8, 0x0, 0x3, 0xe0,
    0xf8, 0x0, 0x3, 0xd0, 0xf8, 0x0, 0x3, 0xd0,
    0xbc, 0x0, 0x7, 0xc0, 0x7d, 0x0, 0xb, 0xc0,
    0x3f, 0x0, 0xf, 0x40, 0x1f, 0xd0, 0x7f, 0x0,
    0x7, 0xff, 0xfc, 0x0, 0x0, 0xbf, 0xd0, 0x0,

    /* U+1EDD "ờ" */
    0x0, 0xfc, 0x0, 0x0, 0x0, 0x3d, 0x0, 0x0,
    0x0, 0xf, 0x0, 0x0, 0x0, 0x2, 0x40, 0x68,
    0x0, 0x0, 0x0, 0xbc, 0x0, 0xbf, 0xd0, 0xf4,
    0x7, 0xff, 0xfe, 0xf0, 0x1f, 0x80, 0x3f, 0x80,
    0x3e, 0x0, 0xf, 0x40, 0x3c, 0x0, 0xb, 0x80,
    0x7c, 0x0, 0x7, 0xc0, 0xbc, 0x0, 0x7, 0xc0,
    0xbc, 0x0, 0x7, 0xc0, 0x7c, 0x0, 0x7, 0xc0,
    0x3c, 0x0, 0xb, 0xc0, 0x3e, 0x0, 0xf, 0x40,
    0xf, 0x80, 0x3f, 0x0, 0x7, 0xff, 0xfc, 0x0,
    0x0, 0xbf, 0xd0, 0x0,

    /* U+1EDE "Ở" */
    0x0, 0x0, 0x0, 0x0, 0x0, 0x7f, 0x40, 0x0,
    0x0, 0x17, 0xd0, 0x0, 0x0, 0x1, 0xd0, 0x0,
    0x0, 0x7, 0xc0, 0x0, 0x0, 0x1e, 0x0, 0x0,
    0x0, 0x1d, 0x0, 0x0, 0x0, 0x0, 0x0, 0xbc,
    0x0, 0xbf, 0xd0, 0xbc, 0x7, 0xff, 0xfc, 0xf4,
    0x1f, 0xd0, 0x7f, 0xe0, 0x3f, 0x0, 0xf, 0x80,
    0x7d, 0x0, 0xb, 0xc0, 0xbc, 0x0, 0x7, 0xc0,
    0xf8, 0x0, 0x3, 0xd0, 0xf8, 0x0, 0x3, 0xd0,
    0xf8, 0x0, 0x3, 0xe0, 0xf8, 0x0, 0x3, 0xe0,
    0xf8, 0x0, 0x3, 0xd0, 0xf8, 0x0, 0x3, 0xd0,
    0xbc, 0x0, 0x7, 0xc0, 0x7d, 0x0, 0xb, 0xc0,
    0x3f, 0x0, 0xf, 0x40, 0x1f, 0xd0, 0x7f, 0x0,
    0x7, 0xff, 0xfc, 0x0, 0x0, 0xbf, 0xd0, 0x0,

    /* U+1EDF "ở" */
    0x0, 0x0, 0x0, 0x0, 0x0, 0x3f, 0x80, 0x0,
    0x0, 0x16, 0xd0, 0x0, 0x0, 0x1, 0xe0, 0x0,
    0x0, 0xb, 0xc0, 0x0, 0x0, 0xe, 0x0, 0x0,
    0x0, 0xd, 0x0, 0xbc, 0x0, 0x0, 0x0, 0xbc,
    0x0, 0xbf, 0xd0, 0xf4, 0x7, 0xff, 0xfe, 0xf0,
    0x1f, 0x80, 0x3f, 0x80, 0x3e, 0x0, 0xf, 0x40,
    0x3c, 0x0, 0xb, 0x80, 0x7c, 0x0, 0x7, 0xc0,
    0xbc, 0x0, 0x7, 0xc0, 0xbc, 0x0, 0x7, 0xc0,
    0x7c, 0x0, 0x7, 0xc0, 0x3c, 0x0, 0xb, 0xc0,
    0x3e, 0x0, 0xf, 0x40, 0xf, 0x80, 0x3f, 0x0,
    0x7, 0xff, 0xfc, 0x0, 0x0, 0xbf, 0xd0, 0x0,

    /* U+1EE0 "Ỡ" */
    0x1, 0xf9, 0xd, 0x0, 0x7, 0xff, 0xfc, 0x0,
    0xb, 0x6, 0xf4, 0x0, 0x0, 0x0, 0x0, 0x0,
    0x0, 0x0, 0x0, 0xbc, 0x0, 0xbf, 0xd0, 0xbc,
    0x7, 0xff, 0xfc, 0xf4, 0x1f, 0xd0, 0x7f, 0xe0,
    0x3f, 0x0, 0xf, 0x80, 0x7d, 0x0, 0xb, 0xc0,
    0xbc, 0x0, 0x7, 0xc0, 0xf8, 0x0, 0x3, 0xd0,
    0xf8, 0x0, 0x3, 0xd0, 0xf8, 0x0, 0x3, 0xe0,
    0xf8, 0x0, 0x3, 0xe0, 0xf8, 0x0, 0x3, 0xd0,
    0xf8, 0x0, 0x3, 0xd0, 0xbc, 0x0, 0x7, 0xc0,
    0x7d, 0x0, 0xb, 0xc0, 0x3f, 0x0, 0xf, 0x40,
    0x1f, 0xd0, 0x7f, 0x0, 0x7, 0xff, 0xfc, 0x0,
    0x0, 0xbf, 0xd0, 0x0,

    /* U+1EE1 "ỡ" */
    0x2, 0xff, 0xfc, 0x0, 0xb, 0xff, 0xf4, 0x0,
    0x0, 0x0, 0x0, 0xbc, 0x0, 0x0, 0x0, 0xbc,
    0x0, 0xbf, 0xd0, 0xf4, 0x7, 0xff, 0xfe, 0xf0,
    0x1f, 0x80, 0x3f, 0x80, 0x3e, 0x0, 0xf, 0x40,
    0x3c, 0x0, 0xb, 0x80, 0x7c, 0x0, 0x7, 0xc0,
    0xbc, 0x0, 0x7, 0xc0, 0xbc, 0x0, 0x7, 0xc0,
    0x7c, 0x0, 0x7, 0xc0, 0x3c, 0x0, 0xb, 0xc0,
    0x3e, 0x0, 0xf, 0x40, 0xf, 0x80, 0x3f, 0x0,
    0x7, 0xff, 0xfc, 0x0, 0x0, 0xbf, 0xd0, 0x0,

    /* U+1EE2 "Ợ" */
    0x0, 0x0, 0x0, 0xbc, 0x0, 0xbf, 0xd0, 0xbc,
    0x7, 0xff, 0xfc, 0xf4, 0x1f, 0xd0, 0x7f, 0xe0,
    0x3f, 0x0, 0xf, 0x80, 0x7d, 0x0, 0xb, 0xc0,
    0xbc, 0x0, 0x7, 0xc0, 0xf8, 0x0, 0x3, 0xd0,
    0xf8, 0x0, 0x3, 0xd0, 0xf8, 0x0, 0x3, 0xe0,
    0xf8, 0x0, 0x3, 0xe0, 0xf8, 0x0, 0x3, 0xd0,
    0xf8, 0x0, 0x3, 0xd0, 0xbc, 0x0, 0x7, 0xc0,
    0x7d, 0x0, 0xb, 0xc0, 0x3f, 0x0, 0xf, 0x40,
    0x1f, 0xd0, 0x7f, 0x0, 0x7, 0xff, 0xfc, 0x0,
    0x0, 0xbf, 0xd0, 0x0, 0x0, 0x0, 0x0, 0x0,
    0x0, 0xe, 0x0, 0x0, 0x0, 0x2f, 0x0, 0x0,
    0x0, 0xe, 0x0, 0x0,

    /* U+1EE3 "ợ" */
    0x0, 0x0, 0x0, 0xbc, 0x0, 0x0, 0x0, 0xbc,
    0x0, 0xbf, 0xd0, 0xf4, 0x7, 0xff, 0xfe, 0xf0,
    0x1f, 0x80, 0x3f, 0x80, 0x3e, 0x0, 0xf, 0x40,
    0x3c, 0x0, 0xb, 0x80, 0x7c, 0x0, 0x7, 0xc0,
    0xbc, 0x0, 0x7, 0xc0, 0xbc, 0x0, 0x7, 0xc0,
    0x7c, 0x0, 0x7, 0xc0, 0x3c, 0x0, 0xb, 0xc0,
    0x3e, 0x0, 0xf, 0x40, 0xf, 0x80, 0x3f, 0x0,
    0x7, 0xff, 0xfc, 0x0, 0x0, 0xbf, 0xd0, 0x0,
    0x0, 0x0, 0x0, 0x0, 0x0, 0xe, 0x0, 0x0,
    0x0, 0x2f, 0x0, 0x0, 0x0, 0xe, 0x0, 0x0,

    /* U+1EE4 "Ụ" */
    0x7c, 0x0, 0x7, 0xc7, 0xc0, 0x0, 0x7c, 0x7c,
    0x0, 0x7, 0xc7, 0xc0, 0x0, 0x7c, 0x7c, 0x0,
    0x7, 0xc7, 0xc0, 0x0, 0x7c, 0x7c, 0x0, 0x7,
    0xc7, 0xc0, 0x0, 0x7c, 0x7c, 0x0, 0x7, 0xc7,
    0xc0, 0x0, 0x7c, 0x7c, 0x0, 0x7, 0xc7, 0xc0,
    0x0, 0x7c, 0x7c, 0x0, 0x7, 0xc3, 0xd0, 0x0,
    0xbc, 0x3e, 0x0, 0xf, 0x81, 0xf8, 0x7, 0xf0,
    0xb, 0xff, 0xfc, 0x0, 0x1b, 0xfe, 0x0, 0x0,
    0x0, 0x0, 0x0, 0x0, 0xe0, 0x0, 0x0, 0x2f,
    0x0, 0x0, 0x0, 0xe0, 0x0,

    /* U+1EE5 "ụ" */
    0xf4, 0x0, 0x2e, 0xf4, 0x0, 0x2e, 0xf4, 0x0,
    0x2e, 0xf4, 0x0, 0x2e, 0xf4, 0x0, 0x2e, 0xf4,
    0x0, 0x2e, 0xf4, 0x0, 0x2e, 0xf4, 0x0, 0x3e,
    0xf4, 0x0, 0x3e, 0xf4, 0x0, 0x3e, 0xf8, 0x0,
    0x7e, 0xbd, 0x1, 0xfe, 0x3f, 0xff, 0xae, 0xb,
    0xfd, 0x1e, 0x0, 0x0, 0x0, 0x0, 0x38, 0x0,
    0x0, 0xbc, 0x0, 0x0, 0x38, 0x0,

    /* U+1EE6 "Ủ" */
    0x0, 0x0, 0x0, 0x0, 0x7, 0xf8, 0x0, 0x0,
    0x17, 0xd0, 0x0, 0x0, 0x1d, 0x0, 0x0, 0xb,
    0xc0, 0x0, 0x1, 0xe0, 0x0, 0x0, 0xc, 0x0,
    0x0, 0x0, 0x0, 0x0, 0x7c, 0x0, 0x7, 0xc7,
    0xc0, 0x0, 0x7c, 0x7c, 0x0, 0x7, 0xc7, 0xc0,
    0x0, 0x7c, 0x7c, 0x0, 0x7, 0xc7, 0xc0, 0x0,
    0x7c, 0x7c, 0x0, 0x7, 0xc7, 0xc0, 0x0, 0x7c,
    0x7c, 0x0, 0x7, 0xc7, 0xc0, 0x0, 0x7c, 0x7c,
    0x0, 0x7, 0xc7, 0xc0, 0x0, 0x7c, 0x7c, 0x0,
    0x7, 0xc3, 0xd0, 0x0, 0xbc, 0x3e, 0x0, 0xf,
    0x81, 0xf8, 0x7, 0xf0, 0xb, 0xff, 0xfc, 0x0,
    0x1b, 0xfe, 0x0,

    /* U+1EE7 "ủ" */
    0x0, 0x0, 0x0, 0x0, 0xfe, 0x0, 0x0, 0x5b,
    0x40, 0x0, 0x7, 0x40, 0x0, 0x2f, 0x0, 0x0,
    0x38, 0x0, 0x0, 0x20, 0x0, 0x0, 0x0, 0x0,
    0xf4, 0x0, 0x2e, 0xf4, 0x0, 0x2e, 0xf4, 0x0,
    0x2e, 0xf4, 0x0, 0x2e, 0xf4, 0x0, 0x2e, 0xf4,
    0x0, 0x2e, 0xf4, 0x0, 0x2e, 0xf4, 0x0, 0x3e,
    0xf4, 0x0, 0x3e, 0xf4, 0x0, 0x3e, 0xf8, 0x0,
    0x7e, 0xbd, 0x1, 0xfe, 0x3f, 0xff, 0xae, 0xb,
    0xfd, 0x1e,

    /* U+1EE8 "Ứ" */
    0x0, 0xf, 0xc0, 0x0, 0x0, 0x1f, 0x40, 0x0,
    0x0, 0x3d, 0x0, 0x0, 0x0, 0xb4, 0x0, 0x0,
    0x0, 0x0, 0x0, 0x0, 0x0, 0x0, 0x0, 0x3d,
    0x7c, 0x0, 0x7c, 0x7c, 0x7c, 0x0, 0x7c, 0xb8,
    0x7c, 0x0, 0x7f, 0xf0, 0x7c, 0x0, 0x7f, 0x40,
    0x7c, 0x0, 0x7c, 0x0, 0x7c, 0x0, 0x7c, 0x0,
    0x7c, 0x0, 0x7c, 0x0, 0x7c, 0x0, 0x7c, 0x0,
    0x7c, 0x0, 0x7c, 0x0, 0x7c, 0x0, 0x7c, 0x0,
    0x7c, 0x0, 0x7c, 0x0, 0x7c, 0x0, 0x7c, 0x0,
    0x7c, 0x0, 0x7c, 0x0, 0x7c, 0x0, 0x7c, 0x0,
    0x3d, 0x0, 0xf8, 0x0, 0x3f, 0x42, 0xf4, 0x0,
    0xf, 0xff, 0xe0, 0x0, 0x2, 0xff, 0x40, 0x0,

    /* U+1EE9 "ứ" */
    0x0, 0x3f, 0x0, 0x0, 0x1, 0xf0, 0x0, 0x0,
    0xf, 0x0, 0x0, 0x0, 0x50, 0x0, 0x3d, 0x0,
    0x0, 0x1, 0xf3, 0xd0, 0x7, 0xcb, 0xcf, 0x40,
    0x1f, 0xbc, 0x3d, 0x0, 0x7f, 0x80, 0xf4, 0x1,
    0xf0, 0x3, 0xd0, 0x7, 0xc0, 0xf, 0x40, 0x1f,
    0x0, 0x3d, 0x0, 0x7c, 0x0, 0xf4, 0x1, 0xf0,
    0x3, 0xd0, 0xb, 0xc0, 0xf, 0x40, 0x2f, 0x0,
    0x3e, 0x0, 0xfc, 0x0, 0xbc, 0xb, 0xf0, 0x0,
    0xff, 0xf7, 0xc0, 0x0, 0xfe, 0xf, 0x0, 0x0,

    /* U+1EEA "Ừ" */
    0x7, 0xe0, 0x0, 0x0, 0x2, 0xf0, 0x0, 0x0,
    0x0, 0xb8, 0x0, 0x0, 0x0, 0x2d, 0x0, 0x0,
    0x0, 0x0, 0x0, 0x0, 0x0, 0x0, 0x0, 0x3d,
    0x7c, 0x0, 0x7c, 0x7c, 0x7c, 0x0, 0x7c, 0xb8,
    0x7c, 0x0, 0x7f, 0xf0, 0x7c, 0x0, 0x7f, 0x40,
    0x7c, 0x0, 0x7c, 0x0, 0x7c, 0x0, 0x7c, 0x0,
    0x7c, 0x0, 0x7c, 0x0, 0x7c, 0x0, 0x7c, 0x0,
    0x7c, 0x0, 0x7c, 0x0, 0x7c, 0x0, 0x7c, 0x0,
    0x7c, 0x0, 0x7c, 0x0, 0x7c, 0x0, 0x7c, 0x0,
    0x7c, 0x0, 0x7c, 0x0, 0x7c, 0x0, 0x7c, 0x0,
    0x3d, 0x0, 0xf8, 0x0, 0x3f, 0x42, 0xf4, 0x0,
    0xf, 0xff, 0xe0, 0x0, 0x2, 0xff, 0x40, 0x0,

    /* U+1EEB "ừ" */
    0x1f, 0x80, 0x0, 0x0, 0x1f, 0x0, 0x0, 0x0,
    0x1f, 0x0, 0x0, 0x0, 0x4, 0x0, 0x3d, 0x0,
    0x0, 0x1, 0xf3, 0xd0, 0x7, 0xcb, 0xcf, 0x40,
    0x1f, 0xbc, 0x3d, 0x0, 0x7f, 0x80, 0xf4, 0x1,
    0xf0, 0x3, 0xd0, 0x7, 0xc0, 0xf, 0x40, 0x1f,
    0x0, 0x3d, 0x0, 0x7c, 0x0, 0xf4, 0x1, 0xf0,
    0x3, 0xd0, 0xb, 0xc0, 0xf, 0x40, 0x2f, 0x0,
    0x3e, 0x0, 0xfc, 0x0, 0xbc, 0xb, 0xf0, 0x0,
    0xff, 0xf7, 0xc0, 0x0, 0xfe, 0xf, 0x0, 0x0,

    /* U+1EEC "Ử" */
    0x0, 0x0, 0x0, 0x0, 0x0, 0xfe, 0x0, 0x0,
    0x0, 0x5b, 0x40, 0x0, 0x0, 0x3, 0x80, 0x0,
    0x0, 0x1f, 0x40, 0x0, 0x0, 0x3d, 0x0, 0x0,
    0x0, 0x38, 0x0, 0x0, 0x0, 0x0, 0x0, 0x3d,
    0x7c, 0x0, 0x7c, 0x7c, 0x7c, 0x0, 0x7c, 0xb8,
    0x7c, 0x0, 0x7f, 0xf0, 0x7c, 0x0, 0x7f, 0x40,
    0x7c, 0x0, 0x7c, 0x0, 0x7c, 0x0, 0x7c, 0x0,
    0x7c, 0x0, 0x7c, 0x0, 0x7c, 0x0, 0x7c, 0x0,
    0x7c, 0x0, 0x7c, 0x0, 0x7c, 0x0, 0x7c, 0x0,
    0x7c, 0x0, 0x7c, 0x0, 0x7c, 0x0, 0x7c, 0x0,
    0x7c, 0x0, 0x7c, 0x0, 0x7c, 0x0, 0x7c, 0x0,
    0x3d, 0x0, 0xf8, 0x0, 0x3f, 0x42, 0xf4, 0x0,
    0xf, 0xff, 0xe0, 0x0, 0x2, 0xff, 0x40, 0x0,

    /* U+1EED "ử" */
    0x0, 0x0, 0x0, 0x0, 0xf, 0xe0, 0x0, 0x0,
    0x16, 0xe0, 0x0, 0x0, 0x3, 0x80, 0x0, 0x0,
    0xbd, 0x0, 0x0, 0x3, 0x80, 0x0, 0x0, 0x9,
    0x0, 0xf, 0x40, 0x0, 0x0, 0x7c, 0xf4, 0x1,
    0xf2, 0xe3, 0xd0, 0x7, 0xef, 0xf, 0x40, 0x1f,
    0xe0, 0x3d, 0x0, 0x7c, 0x0, 0xf4, 0x1, 0xf0,
    0x3, 0xd0, 0x7, 0xc0, 0xf, 0x40, 0x1f, 0x0,
    0x3d, 0x0, 0x7c, 0x0, 0xf4, 0x2, 0xf0, 0x3,
    0xd0, 0xb, 0xc0, 0xf, 0x80, 0x3f, 0x0, 0x2f,
    0x2, 0xfc, 0x0, 0x3f, 0xfd, 0xf0, 0x0, 0x3f,
    0x83, 0xc0, 0x0,

    /* U+1EEE "Ữ" */
    0x7, 0xe4, 0x34, 0x0, 0xf, 0xff, 0xf0, 0x0,
    0x1c, 0x1b, 0xd0, 0x0, 0x0, 0x0, 0x0, 0x0,
    0x0, 0x0, 0x0, 0x3d, 0x7c, 0x0, 0x7c, 0x7c,
    0x7c, 0x0, 0x7c, 0xb8, 0x7c, 0x0, 0x7f, 0xf0,
    0x7c, 0x0, 0x7f, 0x40, 0x7c, 0x0, 0x7c, 0x0,
    0x7c, 0x0, 0x7c, 0x0, 0x7c, 0x0, 0x7c, 0x0,
    0x7c, 0x0, 0x7c, 0x0, 0x7c, 0x0, 0x7c, 0x0,
    0x7c, 0x0, 0x7c, 0x0, 0x7c, 0x0, 0x7c, 0x0,
    0x7c, 0x0, 0x7c, 0x0, 0x7c, 0x0, 0x7c, 0x0,
    0x7c, 0x0, 0x7c, 0x0, 0x3d, 0x0, 0xf8, 0x0,
    0x3f, 0x42, 0xf4, 0x0, 0xf, 0xff, 0xe0, 0x0,
    0x2, 0xff, 0x40, 0x0,

    /* U+1EEF "ữ" */
    0x1f, 0xff, 0xe0, 0x0, 0xff, 0xfe, 0x0, 0x0,
    0x0, 0x0, 0xf, 0x40, 0x0, 0x0, 0x7c, 0xf4,
    0x1, 0xf2, 0xe3, 0xd0, 0x7, 0xef, 0xf, 0x40,
    0x1f, 0xe0, 0x3d, 0x0, 0x7c, 0x0, 0xf4, 0x1,
    0xf0, 0x3, 0xd0, 0x7, 0xc0, 0xf, 0x40, 0x1f,
    0x0, 0x3d, 0x0, 0x7c, 0x0, 0xf4, 0x2, 0xf0,
    0x3, 0xd0, 0xb, 0xc0, 0xf, 0x80, 0x3f, 0x0,
    0x2f, 0x2, 0xfc, 0x0, 0x3f, 0xfd, 0xf0, 0x0,
    0x3f, 0x83, 0xc0, 0x0,

    /* U+1EF0 "Ự" */
    0x0, 0x0, 0x0, 0x3d, 0x7c, 0x0, 0x7c, 0x7c,
    0x7c, 0x0, 0x7c, 0xb8, 0x7c, 0x0, 0x7f, 0xf0,
    0x7c, 0x0, 0x7f, 0x40, 0x7c, 0x0, 0x7c, 0x0,
    0x7c, 0x0, 0x7c, 0x0, 0x7c, 0x0, 0x7c, 0x0,
    0x7c, 0x0, 0x7c, 0x0, 0x7c, 0x0, 0x7c, 0x0,
    0x7c, 0x0, 0x7c, 0x0, 0x7c, 0x0, 0x7c, 0x0,
    0x7c, 0x0, 0x7c, 0x0, 0x7c, 0x0, 0x7c, 0x0,
    0x7c, 0x0, 0x7c, 0x0, 0x3d, 0x0, 0xf8, 0x0,
    0x3f, 0x42, 0xf4, 0x0, 0xf, 0xff, 0xe0, 0x0,
    0x2, 0xff, 0x40, 0x0, 0x0, 0x0, 0x0, 0x0,
    0x0, 0x38, 0x0, 0x0, 0x0, 0x7c, 0x0, 0x0,
    0x0, 0x3c, 0x0, 0x0,

    /* U+1EF1 "ự" */
    0x0, 0x0, 0x0, 0xf4, 0x0, 0x0, 0x7, 0xcf,
    0x40, 0x1f, 0x2e, 0x3d, 0x0, 0x7e, 0xf0, 0xf4,
    0x1, 0xfe, 0x3, 0xd0, 0x7, 0xc0, 0xf, 0x40,
    0x1f, 0x0, 0x3d, 0x0, 0x7c, 0x0, 0xf4, 0x1,
    0xf0, 0x3, 0xd0, 0x7, 0xc0, 0xf, 0x40, 0x2f,
    0x0, 0x3d, 0x0, 0xbc, 0x0, 0xf8, 0x3, 0xf0,
    0x2, 0xf0, 0x2f, 0xc0, 0x3, 0xff, 0xdf, 0x0,
    0x3, 0xf8, 0x3c, 0x0, 0x0, 0x0, 0x0, 0x0,
    0x3, 0x80, 0x0, 0x0, 0x1f, 0x40, 0x0, 0x0,
    0x3c, 0x0, 0x0,

    /* U+1EF2 "Ỳ" */
    0x0, 0xfc, 0x0, 0x0, 0x0, 0x3d, 0x0, 0x0,
    0x0, 0x1f, 0x0, 0x0, 0x0, 0x7, 0x80, 0x0,
    0x0, 0x0, 0x0, 0x0, 0x0, 0x0, 0x0, 0x0,
    0x7d, 0x0, 0x0, 0xbc, 0x2f, 0x0, 0x0, 0xf4,
    0xf, 0x40, 0x2, 0xe0, 0xb, 0xc0, 0x3, 0xc0,
    0x3, 0xd0, 0xb, 0x80, 0x2, 0xf0, 0x1f, 0x0,
    0x0, 0xf4, 0x3e, 0x0, 0x0, 0x7c, 0x7c, 0x0,
    0x0, 0x3d, 0xf4, 0x0, 0x0, 0x1f, 0xf0, 0x0,
    0x0, 0xb, 0xd0, 0x0, 0x0, 0x7, 0xc0, 0x0,
    0x0, 0x7, 0xc0, 0x0, 0x0, 0x7, 0xc0, 0x0,
    0x0, 0x7, 0xc0, 0x0, 0x0, 0x7, 0xc0, 0x0,
    0x0, 0x7, 0xc0, 0x0, 0x0, 0x7, 0xc0, 0x0,

    /* U+1EF3 "ỳ" */
    0x2, 0xf0, 0x0, 0x0, 0xf, 0x80, 0x0, 0x0,
    0x2d, 0x0, 0x0, 0x0, 0x50, 0x0, 0x0, 0x0,
    0x0, 0xb, 0x80, 0x0, 0x3d, 0x7c, 0x0, 0x7,
    0xc3, 0xd0, 0x0, 0xf8, 0x2f, 0x0, 0xf, 0x0,
    0xf0, 0x2, 0xf0, 0xb, 0x80, 0x3d, 0x0, 0x7c,
    0x7, 0xc0, 0x3, 0xd0, 0xb8, 0x0, 0x1f, 0xf,
    0x0, 0x0, 0xf1, 0xf0, 0x0, 0xb, 0xad, 0x0,
    0x0, 0x3f, 0xc0, 0x0, 0x3, 0xf8, 0x0, 0x0,
    0x1f, 0x40, 0x0, 0x1, 0xf0, 0x0, 0x0, 0x3e,
    0x0, 0x0, 0x3, 0xc0, 0x0, 0x0, 0xf8, 0x0,
    0xb, 0xff, 0x0, 0x0, 0xbf, 0x80, 0x0, 0x0,

    /* U+1EF4 "Ỵ" */
    0x7d, 0x0, 0x0, 0xbc, 0x2f, 0x0, 0x0, 0xf4,
    0xf, 0x40, 0x2, 0xe0, 0xb, 0xc0, 0x3, 0xc0,
    0x3, 0xd0, 0xb, 0x80, 0x2, 0xf0, 0x1f, 0x0,
    0x0, 0xf4, 0x3e, 0x0, 0x0, 0x7c, 0x7c, 0x0,
    0x0, 0x3d, 0xf4, 0x0, 0x0, 0x1f, 0xf0, 0x0,
    0x0, 0xb, 0xd0, 0x0, 0x0, 0x7, 0xc0, 0x0,
    0x0, 0x7, 0xc0, 0x0, 0x0, 0x7, 0xc0, 0x0,
    0x0, 0x7, 0xc0, 0x0, 0x0, 0x7, 0xc0, 0x0,
    0x0, 0x7, 0xc0, 0x0, 0x0, 0x7, 0xc0, 0x0,
    0x0, 0x0, 0x0, 0x0, 0x0, 0x0, 0x0, 0x0,
    0x0, 0x7, 0x80, 0x0, 0x0, 0xb, 0xc0, 0x0,
    0x0, 0x3, 0x80, 0x0,

    /* U+1EF5 "ỵ" */
    0xb8, 0x0, 0x3, 0xd7, 0xc0, 0x0, 0x7c, 0x3d,
    0x0, 0xf, 0x81, 0xf0, 0x0, 0xf0, 0xf, 0x40,
    0x2f, 0x0, 0xb8, 0x3, 0xd0, 0x3, 0xc0, 0x7c,
    0x0, 0x3e, 0xb, 0x80, 0x1, 0xf0, 0xf0, 0x0,
    0xf, 0x5f, 0x0, 0x0, 0x7a, 0xd0, 0x0, 0x3,
    0xfc, 0x0, 0x0, 0x2f, 0x80, 0x0, 0x1, 0xf4,
    0x0, 0x0, 0x1f, 0x0, 0x0, 0x3, 0xe1, 0xe0,
    0x0, 0x7c, 0x2f, 0x0, 0xf, 0x81, 0xe0, 0xbf,
    0xf0, 0x0, 0xb, 0xf8, 0x0, 0x0,

    /* U+1EF6 "Ỷ" */
    0x0, 0x0, 0x0, 0x0, 0x0, 0x1f, 0xd0, 0x0,
    0x0, 0x5, 0xf0, 0x0, 0x0, 0x0, 0x74, 0x0,
    0x0, 0x2, 0xf0, 0x0, 0x0, 0x7, 0x80, 0x0,
    0x0, 0x7, 0x0, 0x0, 0x0, 0x0, 0x0, 0x0,
    0x7d, 0x0, 0x0, 0xbc, 0x2f, 0x0, 0x0, 0xf4,
    0xf, 0x40, 0x2, 0xe0, 0xb, 0xc0, 0x3, 0xc0,
    0x3, 0xd0, 0xb, 0x80, 0x2, 0xf0, 0x1f, 0x0,
    0x0, 0xf4, 0x3e, 0x0, 0x0, 0x7c, 0x7c, 0x0,
    0x0, 0x3d, 0xf4, 0x0, 0x0, 0x1f, 0xf0, 0x0,
    0x0, 0xb, 0xd0, 0x0, 0x0, 0x7, 0xc0, 0x0,
    0x0, 0x7, 0xc0, 0x0, 0x0, 0x7, 0xc0, 0x0,
    0x0, 0x7, 0xc0, 0x0, 0x0, 0x7, 0xc0, 0x0,
    0x0, 0x7, 0xc0, 0x0, 0x0, 0x7, 0xc0, 0x0,

    /* U+1EF7 "ỷ" */
    0x0, 0x0, 0x0, 0x0, 0x7, 0xf8, 0x0, 0x0,
    0x17, 0xd0, 0x0, 0x0, 0x1d, 0x0, 0x0, 0xb,
    0xc0, 0x0, 0x1, 0xd0, 0x0, 0x0, 0x8, 0x0,
    0x0, 0x0, 0x0, 0x0, 0xb8, 0x0, 0x3, 0xd7,
    0xc0, 0x0, 0x7c, 0x3d, 0x0, 0xf, 0x82, 0xf0,
    0x0, 0xf0, 0xf, 0x0, 0x2f, 0x0, 0xb8, 0x3,
    0xd0, 0x7, 0xc0, 0x7c, 0x0, 0x3d, 0xb, 0x80,
    0x1, 0xf0, 0xf0, 0x0, 0xf, 0x1f, 0x0, 0x0,
    0xba, 0xd0, 0x0, 0x3, 0xfc, 0x0, 0x0, 0x3f,
    0x80, 0x0, 0x1, 0xf4, 0x0, 0x0, 0x1f, 0x0,
    0x0, 0x3, 0xe0, 0x0, 0x0, 0x3c, 0x0, 0x0,
    0xf, 0x80, 0x0, 0xbf, 0xf0, 0x0, 0xb, 0xf8,
    0x0, 0x0,

    /* U+1EF8 "Ỹ" */
    0x0, 0x7e, 0x43, 0x40, 0x0, 0xff, 0xff, 0x0,
    0x2, 0xc1, 0xbd, 0x0, 0x0, 0x0, 0x0, 0x0,
    0x0, 0x0, 0x0, 0x0, 0x7d, 0x0, 0x0, 0xbc,
    0x2f, 0x0, 0x0, 0xf4, 0xf, 0x40, 0x2, 0xe0,
    0xb, 0xc0, 0x3, 0xc0, 0x3, 0xd0, 0xb, 0x80,
    0x2, 0xf0, 0x1f, 0x0, 0x0, 0xf4, 0x3e, 0x0,
    0x0, 0x7c, 0x7c, 0x0, 0x0, 0x3d, 0xf4, 0x0,
    0x0, 0x1f, 0xf0, 0x0, 0x0, 0xb, 0xd0, 0x0,
    0x0, 0x7, 0xc0, 0x0, 0x0, 0x7, 0xc0, 0x0,
    0x0, 0x7, 0xc0, 0x0, 0x0, 0x7, 0xc0, 0x0,
    0x0, 0x7, 0xc0, 0x0, 0x0, 0x7, 0xc0, 0x0,
    0x0, 0x7, 0xc0, 0x0,

    /* U+1EF9 "ỹ" */
    0x2, 0xff, 0xfd, 0x0, 0x7f, 0xff, 0x80, 0x0,
    0x0, 0x0, 0x0, 0x0, 0x0, 0x0, 0xb8, 0x0,
    0x3, 0xd7, 0xc0, 0x0, 0x7c, 0x3d, 0x0, 0xf,
    0x82, 0xf0, 0x0, 0xf0, 0xf, 0x0, 0x2f, 0x0,
    0xb8, 0x3, 0xd0, 0x7, 0xc0, 0x7c, 0x0, 0x3d,
    0xb, 0x80, 0x1, 0xf0, 0xf0, 0x0, 0xf, 0x1f,
    0x0, 0x0, 0xba, 0xd0, 0x0, 0x3, 0xfc, 0x0,
    0x0, 0x3f, 0x80, 0x0, 0x1, 0xf4, 0x0, 0x0,
    0x1f, 0x0, 0x0, 0x3, 0xe0, 0x0, 0x0, 0x3c,
    0x0, 0x0, 0xf, 0x80, 0x0, 0xbf, 0xf0, 0x0,
    0xb, 0xf8, 0x0, 0x0,

    /* U+1F4D "Ὅ" */
    0x1c, 0x3e, 0x6, 0xff, 0x40, 0x1c, 0x1f, 0xb,
    0xff, 0xfc, 0xf, 0xb, 0x4b, 0xe4, 0x2f, 0x83,
    0xf3, 0x83, 0xe0, 0x1, 0xf4, 0x10, 0x41, 0xf0,
    0x0, 0x3e, 0x0, 0x0, 0xbc, 0x0, 0x7, 0xc0,
    0x0, 0x3e, 0x0, 0x1, 0xf0, 0x0, 0xf, 0x40,
    0x0, 0x3d, 0x0, 0x3, 0xd0, 0x0, 0xf, 0x40,
    0x0, 0xf4, 0x0, 0x3, 0xd0, 0x0, 0x3d, 0x0,
    0x0, 0xf4, 0x0, 0xf, 0x80, 0x0, 0x7c, 0x0,
    0x2, 0xf0, 0x0, 0x1f, 0x0, 0x0, 0x7c, 0x0,
    0xf, 0x80, 0x0, 0xf, 0x80, 0x7, 0xd0, 0x0,
    0x2, 0xf8, 0x7, 0xe0, 0x0, 0x0, 0x2f, 0xff,
    0xf0, 0x0, 0x0, 0x1, 0xbf, 0x90, 0x0,

    /* U+2000 " " */

    /* U+2001 " " */

    /* U+2002 " " */

    /* U+2003 " " */

    /* U+2004 " " */

    /* U+2005 " " */

    /* U+2006 " " */

    /* U+2007 " " */

    /* U+2008 " " */

    /* U+2009 " " */

    /* U+200A " " */

    /* U+200B "​" */

    /* U+2013 "–" */
    0x0, 0x0, 0x0, 0xbf, 0xff, 0xfd, 0xbf, 0xff,
    0xfd,

    /* U+2014 "—" */
    0x0, 0x0, 0x0, 0x0, 0xf, 0xff, 0xff, 0xff,
    0xe3, 0xff, 0xff, 0xff, 0xf8,

    /* U+2015 "―" */
    0x0, 0x0, 0x0, 0x0, 0xf, 0xff, 0xff, 0xff,
    0xe3, 0xff, 0xff, 0xff, 0xf8,

    /* U+2017 "‗" */
    0x7f, 0xff, 0xff, 0xff, 0xcf, 0xff, 0xff, 0xff,
    0xe0, 0x0, 0x0, 0x0, 0x0, 0xaa, 0xaa, 0xaa,
    0xaa, 0x7f, 0xff, 0xff, 0xff, 0xc0,

    /* U+2018 "‘" */
    0x7, 0xc2, 0xe0, 0xf4, 0xbc, 0x3f, 0xf, 0xc1,
    0x40,

    /* U+2019 "’" */
    0xf, 0xc7, 0xe2, 0xf0, 0xbc, 0x3d, 0xf, 0x1,
    0x0,

    /* U+201A "‚" */
    0x5, 0x3, 0xe0, 0xf4, 0x7c, 0x2e, 0xf, 0x3,
    0xc0,

    /* U+201B "‛" */
    0x3e, 0xf, 0xc2, 0xf0, 0x7d, 0xf, 0x81, 0xe0,
    0x10,

    /* U+201C "“" */
    0x3, 0xc0, 0xb4, 0x1f, 0x3, 0xd0, 0xf8, 0x1f,
    0x3, 0xd0, 0xfc, 0x2f, 0x3, 0xe0, 0xfc, 0x1f,
    0x41, 0x50, 0x14, 0x0,

    /* U+201D "”" */
    0xf, 0xc1, 0xf4, 0x3f, 0xb, 0xc0, 0xf4, 0x3f,
    0x7, 0xc0, 0xf8, 0x2e, 0x3, 0xc0, 0xf4, 0x1e,
    0x1, 0x40, 0x10, 0x0,

    /* U+201E "„" */
    0x5, 0x1, 0x43, 0xf0, 0x7d, 0x3e, 0xb, 0xc3,
    0xd0, 0xb8, 0x7c, 0xf, 0x4b, 0x40, 0xf0, 0xf0,
    0x1d, 0x0,

    /* U+2020 "†" */
    0x2, 0xf0, 0x0, 0x1f, 0x0, 0x1, 0xe0, 0x0,
    0xe, 0x0, 0x0, 0xd0, 0xf, 0xff, 0xfe, 0xfa,
    0xea, 0xe0, 0xd, 0x0, 0x0, 0xd0, 0x0, 0xe,
    0x0, 0x0, 0xe0, 0x0, 0x1e, 0x0, 0x1, 0xe0,
    0x0, 0x1e, 0x0, 0x1, 0xf0, 0x0, 0x2f, 0x0,
    0x2, 0xf0, 0x0, 0x2f, 0x0, 0x2, 0xf0, 0x0,

    /* U+2021 "‡" */
    0x0, 0xbc, 0x0, 0x1, 0xf0, 0x0, 0x3, 0xc0,
    0x0, 0xe, 0x0, 0x2a, 0x79, 0xa8, 0xff, 0xff,
    0xe1, 0x43, 0x81, 0x40, 0xe, 0x0, 0x0, 0x7c,
    0x0, 0x1, 0xf0, 0x0, 0x7, 0xc0, 0x0, 0xe,
    0x0, 0x14, 0x38, 0x14, 0xff, 0xff, 0xe2, 0xa7,
    0x9a, 0x80, 0xe, 0x0, 0x0, 0x3c, 0x0, 0x1,
    0xf0, 0x0, 0xb, 0xc0, 0x0,

    /* U+2022 "•" */
    0x6, 0x40, 0xbf, 0xc3, 0xff, 0x8f, 0xff, 0x3f,
    0xf8, 0xff, 0xd0, 0xbd, 0x0,

    /* U+2026 "…" */
    0x4, 0x1, 0x40, 0x50, 0xfc, 0x2f, 0x47, 0xd3,
    0xf0, 0xfd, 0x2f, 0x8b, 0x81, 0xf0, 0x3c,

    /* U+2030 "‰" */
    0x1f, 0xc0, 0x0, 0x0, 0x79, 0xf0, 0x0, 0x0,
    0xb0, 0x74, 0x0, 0x0, 0xb0, 0x74, 0x0, 0x0,
    0xb0, 0x74, 0x0, 0x0, 0x74, 0xf0, 0x0, 0x0,
    0x2f, 0xd1, 0x80, 0x0, 0x0, 0x2f, 0x80, 0x0,
    0x7, 0xf4, 0x0, 0x0, 0xbe, 0x0, 0x0, 0x0,
    0x51, 0xfd, 0x7, 0xf0, 0x3, 0xdf, 0x1e, 0x7c,
    0x7, 0x47, 0x6c, 0x2c, 0x7, 0x3, 0xac, 0x1d,
    0x7, 0x3, 0xac, 0x1d, 0x7, 0x47, 0x6c, 0x2c,
    0x3, 0xdf, 0xe, 0x7c, 0x0, 0xfd, 0x7, 0xe0,

    /* U+2032 "′" */
    0xbd, 0xbc, 0xbc, 0x7c, 0x7c, 0x7c, 0x24,

    /* U+2033 "″" */
    0x7e, 0xf, 0xdf, 0x83, 0xf3, 0xd0, 0xfc, 0xf4,
    0x3e, 0x3d, 0xb, 0x8f, 0x2, 0xe2, 0x80, 0x64,

    /* U+2039 "‹" */
    0x0, 0x0, 0x1c, 0x3, 0xc0, 0xf4, 0x2e, 0x7,
    0xc0, 0xf8, 0x3, 0xd0, 0x1f, 0x0, 0xb8, 0x3,
    0xd0, 0x4,

    /* U+203A "›" */
    0x0, 0x7, 0x0, 0x7c, 0x3, 0xe0, 0xf, 0x40,
    0x7c, 0x3, 0xd0, 0xf8, 0x1f, 0x3, 0xc0, 0xb4,
    0x1, 0x0,

    /* U+203C "‼" */
    0xbd, 0xb, 0xc7, 0xc0, 0xbc, 0x7c, 0xb, 0xc7,
    0xc0, 0x7c, 0x7c, 0x7, 0xc7, 0xc0, 0x7c, 0x3c,
    0x7, 0xc3, 0xc0, 0x7c, 0x3c, 0x3, 0x83, 0xc0,
    0x38, 0x3c, 0x3, 0x83, 0x80, 0x38, 0x38, 0x3,
    0x80, 0x0, 0x0, 0x14, 0x1, 0x4b, 0xd0, 0xbc,
    0xbd, 0xf, 0xd7, 0xc0, 0x7c,

    /* U+2044 "⁄" */
    0x0, 0x0, 0x3c, 0x0, 0x0, 0x78, 0x0, 0x0,
    0xf0, 0x0, 0x1, 0xe0, 0x0, 0x3, 0xc0, 0x0,
    0x7, 0x80, 0x0, 0xf, 0x0, 0x0, 0x1e, 0x0,
    0x0, 0x3c, 0x0, 0x0, 0x78, 0x0, 0x0, 0xf0,
    0x0, 0x2, 0xe0, 0x0, 0x3, 0xc0, 0x0, 0xb,
    0x40, 0x0, 0xf, 0x0, 0x0, 0x2d, 0x0, 0x0,
    0x3c, 0x0, 0x0, 0xb4, 0x0, 0x0,

    /* U+207F "ⁿ" */
    0xe3, 0xf4, 0xfe, 0xbc, 0xf0, 0x1d, 0xf0, 0x1e,
    0xf0, 0x1e, 0xf0, 0x1e, 0xf0, 0x1e, 0xf0, 0x1e,
    0x50, 0x4,

    /* U+20A3 "₣" */
    0x3, 0xff, 0xff, 0x40, 0xff, 0xff, 0xd0, 0x3c,
    0x0, 0x0, 0xf, 0x0, 0x0, 0x3, 0xc0, 0x0,
    0x0, 0xf0, 0x0, 0x0, 0x3c, 0x0, 0x0, 0xf,
    0x0, 0x0, 0x3, 0xff, 0xff, 0x0, 0xff, 0xff,
    0xc0, 0x3c, 0x0, 0x0, 0xf, 0x0, 0x0, 0x3,
    0xc0, 0x0, 0x1f, 0xff, 0xf0, 0x6, 0xff, 0xa8,
    0x0, 0xf, 0x0, 0x0, 0x3, 0xc0, 0x0, 0x0,
    0xf0, 0x0, 0x0,

    /* U+20A4 "₤" */
    0x0, 0x1f, 0xf9, 0x0, 0xf, 0xff, 0xf4, 0x2,
    0xf4, 0x6, 0x0, 0x3e, 0x0, 0x0, 0x3, 0xd0,
    0x0, 0x0, 0x3d, 0x0, 0x0, 0x3, 0xd0, 0x0,
    0x7, 0xff, 0xff, 0x0, 0x6b, 0xfa, 0xa0, 0x0,
    0x3d, 0x0, 0x0, 0x6b, 0xfa, 0xa0, 0x7, 0xff,
    0xff, 0x0, 0x3, 0xd0, 0x0, 0x0, 0x3c, 0x0,
    0x0, 0x7, 0xc0, 0x0, 0x1, 0xf4, 0x0, 0x0,
    0x7f, 0xff, 0xff, 0xc7, 0xff, 0xff, 0xfc,

    /* U+20A7 "₧" */
    0xff, 0xe0, 0x0, 0x3, 0xff, 0xf0, 0x0, 0xf,
    0x3, 0xf0, 0x0, 0x3c, 0x3, 0xc0, 0x0, 0xf0,
    0xf, 0x40, 0x3, 0xc0, 0x3d, 0x0, 0xf, 0x0,
    0xf0, 0xc0, 0x3c, 0x7, 0xc7, 0x0, 0xf0, 0x7e,
    0x3e, 0x93, 0xff, 0xe3, 0xff, 0xcf, 0xf9, 0x3,
    0xc0, 0x3c, 0x0, 0xf, 0x0, 0xf0, 0x0, 0x3c,
    0x3, 0xc0, 0x0, 0xf0, 0xf, 0x0, 0x3, 0xc0,
    0x3c, 0x0, 0xb, 0x40, 0xf0, 0x0, 0x1f, 0xf3,
    0xc0, 0x0, 0x2f, 0xc0,

    /* U+20AB "₫" */
    0x0, 0x0, 0xb, 0x80, 0x0, 0x6a, 0xbf, 0x90,
    0x2, 0xff, 0xff, 0x80, 0x0, 0x2, 0xe0, 0x0,
    0x0, 0xb, 0x80, 0x6, 0xfd, 0x2e, 0x0, 0x7f,
    0xff, 0xb8, 0x3, 0xe0, 0x1f, 0xe0, 0x2f, 0x0,
    0x1f, 0x80, 0xf4, 0x0, 0x3e, 0x3, 0xc0, 0x0,
    0xf8, 0xf, 0x0, 0x2, 0xe0, 0x3c, 0x0, 0xb,
    0x80, 0xf0, 0x0, 0x3e, 0x3, 0xd0, 0x0, 0xf8,
    0xb, 0xc0, 0x7, 0xe0, 0xf, 0x80, 0x7f, 0x80,
    0x1f, 0xff, 0xee, 0x0, 0x1b, 0xf8, 0x78, 0x0,
    0x0, 0x0, 0x0, 0x0, 0x0, 0x0, 0x0, 0x7f,
    0xff, 0xfe, 0x1, 0xff, 0xff, 0xf4, 0x0,

    /* U+20AC "€" */
    0x0, 0xb, 0xfe, 0x40, 0x7, 0xff, 0xfc, 0x1,
    0xfd, 0x2, 0x40, 0x3f, 0x0, 0x0, 0x7, 0xc0,
    0x0, 0x0, 0xbc, 0x0, 0x0, 0xff, 0xff, 0xf0,
    0xa, 0xfe, 0xaa, 0x0, 0xf, 0x40, 0x0, 0x0,
    0xf4, 0x0, 0x0, 0xff, 0xff, 0xd0, 0xa, 0xfe,
    0xa8, 0x0, 0xb, 0xc0, 0x0, 0x0, 0x3d, 0x0,
    0x0, 0x3, 0xf0, 0x0, 0x0, 0xf, 0xd0, 0x14,
    0x0, 0x7f, 0xff, 0xc0, 0x0, 0xbf, 0xe4,

    /* U+2105 "℅" */
    0x1, 0x90, 0x1, 0x80, 0x2f, 0xf8, 0x3, 0xc0,
    0x78, 0x0, 0xb, 0x40, 0xb0, 0x0, 0xf, 0x0,
    0xf0, 0x0, 0x2d, 0x0, 0xf0, 0x0, 0x3c, 0x0,
    0xb4, 0x0, 0xb4, 0x0, 0x3e, 0x64, 0xf0, 0x0,
    0xb, 0xf7, 0xd0, 0x0, 0x0, 0x7, 0xc0, 0x0,
    0x0, 0xf, 0x46, 0x40, 0x0, 0x1f, 0x3f, 0xf4,
    0x0, 0x3d, 0xb4, 0x3c, 0x0, 0x7c, 0xf0, 0x1d,
    0x0, 0xf4, 0xe0, 0x1e, 0x1, 0xe0, 0xe0, 0x1e,
    0x3, 0xc0, 0xf0, 0x2d, 0x7, 0x80, 0x79, 0x7c,
    0xf, 0x0, 0x1f, 0xe0, 0x0, 0x0, 0x0, 0x0,

    /* U+2113 "ℓ" */
    0x0, 0x2e, 0x0, 0x3, 0xef, 0x0, 0x2d, 0x1d,
    0x0, 0xf4, 0x34, 0x3, 0xc0, 0xd0, 0xf, 0x7,
    0x40, 0x3c, 0x2c, 0x0, 0xf0, 0xe0, 0x3, 0xdf,
    0x0, 0xf, 0xf0, 0x1, 0xbe, 0x0, 0x1f, 0xf0,
    0x0, 0x3, 0xc0, 0x0, 0xf, 0x0, 0x0, 0x3c,
    0x1, 0x0, 0xf4, 0xd, 0x2, 0xe0, 0x70, 0x3,
    0xfb, 0xc0, 0x7, 0xfc, 0x0, 0x0, 0x0,

    /* U+2116 "№" */
    0x64, 0x6, 0x0, 0x0, 0xbc, 0xb, 0x0, 0x0,
    0xbc, 0xb, 0x0, 0x0, 0xbd, 0xb, 0x0, 0x0,
    0xbe, 0xb, 0x0, 0x0, 0xbb, 0xb, 0x0, 0x0,
    0xb7, 0xb, 0x0, 0x40, 0xb3, 0x4b, 0xf, 0xf4,
    0xb3, 0x8b, 0x2e, 0x7c, 0xb2, 0xcb, 0x3c, 0x1d,
    0xb1, 0xcb, 0x3c, 0x1d, 0xb0, 0xeb, 0x3c, 0x1d,
    0xb0, 0xfb, 0x3c, 0x1d, 0xb0, 0xbb, 0x2d, 0x3c,
    0xb0, 0x7f, 0xf, 0xf8, 0xb0, 0x3f, 0x1, 0x50,
    0xb0, 0x3f, 0x0, 0x0, 0xb0, 0x2f, 0x1f, 0xfc,
    0xb0, 0xf, 0x1f, 0xfc,

    /* U+2122 "™" */
    0x55, 0x51, 0x40, 0x14, 0xff, 0xf7, 0xd0, 0x7c,
    0xb, 0x3, 0xe0, 0xbc, 0xb, 0x3, 0xb0, 0xec,
    0xb, 0x3, 0xb0, 0xec, 0xb, 0x3, 0x75, 0xac,
    0xb, 0x3, 0x6b, 0x6c, 0xb, 0x3, 0x5f, 0x2c,
    0xb, 0x3, 0x4f, 0x2c, 0xa, 0x3, 0x4a, 0x1c,

    /* U+2126 "Ω" */
    0x0, 0x1b, 0xe4, 0x0, 0x7, 0xff, 0xfc, 0x0,
    0x3f, 0x56, 0xfc, 0x3, 0xf0, 0x1, 0xf4, 0x1f,
    0x40, 0x2, 0xf0, 0xbc, 0x0, 0x7, 0xc3, 0xe0,
    0x0, 0xf, 0x4f, 0x80, 0x0, 0x3d, 0x3e, 0x0,
    0x0, 0xf8, 0xf8, 0x0, 0x3, 0xd3, 0xe0, 0x0,
    0xf, 0x4b, 0xc0, 0x0, 0x3c, 0x1f, 0x0, 0x1,
    0xf0, 0x3d, 0x0, 0xf, 0x80, 0x7c, 0x0, 0x7c,
    0x0, 0xf4, 0x3, 0xe0, 0x0, 0xf4, 0x2e, 0x0,
    0xff, 0xf0, 0xff, 0xe3, 0xff, 0xc3, 0xff, 0x80,

    /* U+212E "℮" */
    0x0, 0xbf, 0x90, 0x0, 0x79, 0x7, 0xc0, 0x1c,
    0x0, 0x7, 0x3, 0xc0, 0x0, 0x3c, 0xbc, 0x0,
    0x3, 0xdf, 0xc0, 0x0, 0x3e, 0xff, 0xff, 0xff,
    0xef, 0xc0, 0x0, 0x0, 0xfc, 0x0, 0x0, 0xb,
    0xc0, 0x0, 0x0, 0x3c, 0x0, 0x0, 0x42, 0xc0,
    0x0, 0x34, 0xb, 0x40, 0x1d, 0x0, 0x1f, 0xfe,
    0x40, 0x0, 0x0, 0x0, 0x0,

    /* U+215B "⅛" */
    0xb, 0x80, 0xb, 0x40, 0x7f, 0x80, 0xf, 0x0,
    0x23, 0x80, 0x2d, 0x0, 0x3, 0x80, 0x3c, 0x0,
    0x3, 0x80, 0xb4, 0x0, 0x3, 0x80, 0xf0, 0x0,
    0x3, 0x82, 0xd0, 0x0, 0x3, 0x83, 0xc0, 0x0,
    0x3, 0x8b, 0x5f, 0xe0, 0x3, 0x8f, 0x3d, 0x78,
    0x0, 0x2d, 0x74, 0x3c, 0x0, 0x3c, 0x3c, 0x78,
    0x0, 0xb4, 0x2f, 0xe0, 0x0, 0xf0, 0x2e, 0xf4,
    0x2, 0xd0, 0xb4, 0x3c, 0x7, 0x80, 0xb0, 0x2c,
    0xf, 0x0, 0x78, 0x7c, 0x1e, 0x0, 0x1f, 0xe0,

    /* U+215C "⅜" */
    0x2f, 0xc0, 0x3, 0xc0, 0xb5, 0xf0, 0xb, 0x40,
    0x0, 0xf0, 0xf, 0x0, 0x0, 0xf0, 0x2d, 0x0,
    0xf, 0xc0, 0x3c, 0x0, 0x5, 0xe0, 0xb4, 0x0,
    0x0, 0x74, 0xf0, 0x0, 0x0, 0x76, 0xd0, 0x0,
    0xd1, 0xf7, 0xcb, 0xf0, 0x7f, 0xdb, 0x7d, 0x7c,
    0x0, 0xf, 0x38, 0x2c, 0x0, 0x2d, 0x3c, 0x3c,
    0x0, 0x3c, 0x1f, 0xf0, 0x0, 0xb4, 0x1e, 0xf8,
    0x1, 0xf0, 0x78, 0x2d, 0x3, 0xc0, 0x74, 0x1d,
    0x7, 0x80, 0x3d, 0x7c, 0xf, 0x0, 0x1f, 0xf4,

    /* U+215D "⅝" */
    0x3f, 0xf0, 0x3, 0xc0, 0x39, 0x50, 0xb, 0x40,
    0x70, 0x0, 0xf, 0x0, 0x7f, 0xd0, 0x2d, 0x0,
    0x15, 0xf4, 0x3c, 0x0, 0x0, 0x38, 0xb4, 0x0,
    0x0, 0x38, 0xf0, 0x0, 0x0, 0xb6, 0xd0, 0x0,
    0xbf, 0xd3, 0xcf, 0xf0, 0x4, 0xb, 0x7d, 0x7c,
    0x0, 0xf, 0x38, 0x2c, 0x0, 0x2d, 0x3c, 0x3c,
    0x0, 0x3c, 0xf, 0xf0, 0x0, 0xb4, 0x3e, 0xf8,
    0x1, 0xf0, 0x78, 0x2d, 0x3, 0xc0, 0x74, 0x1d,
    0x7, 0x80, 0x3d, 0x7c, 0xf, 0x0, 0x1f, 0xf4,

    /* U+215E "⅞" */
    0xbf, 0xfd, 0xf, 0x0, 0x6a, 0xbc, 0x1e, 0x0,
    0x0, 0x38, 0x3c, 0x0, 0x0, 0xb4, 0x78, 0x0,
    0x0, 0xf0, 0xf0, 0x0, 0x2, 0xd1, 0xe0, 0x0,
    0x3, 0xc3, 0xc0, 0x0, 0xb, 0x47, 0x80, 0x0,
    0xf, 0xf, 0xf, 0xf0, 0x19, 0x2e, 0x3d, 0x7c,
    0x0, 0x3c, 0x38, 0x2c, 0x0, 0xb4, 0x3c, 0x3c,
    0x0, 0xf0, 0xf, 0xf0, 0x2, 0xd0, 0x2e, 0xf8,
    0x3, 0xc0, 0x78, 0x2d, 0xb, 0x40, 0x74, 0x1d,
    0xf, 0x0, 0x3d, 0x7c, 0x2d, 0x0, 0x1f, 0xf4,

    /* U+2202 "∂" */
    0x0, 0x2b, 0x90, 0x0, 0xf, 0xff, 0xd0, 0x0,
    0xd0, 0x7f, 0x0, 0x0, 0x0, 0xf4, 0x0, 0x0,
    0xb, 0xc0, 0x0, 0x0, 0x7c, 0x0, 0x2f, 0x87,
    0xc0, 0x2f, 0xff, 0xbc, 0xb, 0xe0, 0x3f, 0xc1,
    0xf8, 0x0, 0xfc, 0x2f, 0x0, 0xf, 0x83, 0xd0,
    0x0, 0xf8, 0x7c, 0x0, 0xf, 0x7, 0xc0, 0x2,
    0xf0, 0x7c, 0x0, 0x3d, 0x7, 0xc0, 0xb, 0xc0,
    0x3e, 0x2, 0xf0, 0x2, 0xff, 0xfd, 0x0, 0xb,
    0xfe, 0x0, 0x0, 0x0, 0x0, 0x0,

    /* U+2206 "∆" */
    0x0, 0x6, 0x80, 0x0, 0x0, 0x3f, 0x40, 0x0,
    0x0, 0xfe, 0x0, 0x0, 0x7, 0xfc, 0x0, 0x0,
    0x3d, 0xf4, 0x0, 0x0, 0xf2, 0xe0, 0x0, 0x7,
    0xc7, 0xc0, 0x0, 0x2e, 0xf, 0x40, 0x0, 0xf0,
    0x2e, 0x0, 0x7, 0xc0, 0x7c, 0x0, 0x2e, 0x0,
    0xf4, 0x0, 0xf0, 0x2, 0xe0, 0x7, 0xc0, 0x7,
    0xc0, 0x2e, 0x0, 0xf, 0x40, 0xf4, 0x0, 0x2e,
    0x7, 0xc0, 0x0, 0x7c, 0x2e, 0x0, 0x0, 0xf4,
    0xff, 0xff, 0xff, 0xe3, 0xff, 0xff, 0xff, 0x80,

    /* U+220F "∏" */
    0x3f, 0xff, 0xff, 0xc3, 0xff, 0xff, 0xfc, 0x3e,
    0x55, 0x57, 0xc3, 0xd0, 0x0, 0x7c, 0x3d, 0x0,
    0x7, 0xc3, 0xd0, 0x0, 0x7c, 0x3d, 0x0, 0x7,
    0xc3, 0xd0, 0x0, 0x7c, 0x3d, 0x0, 0x7, 0xc3,
    0xd0, 0x0, 0x7c, 0x3d, 0x0, 0x7, 0xc3, 0xd0,
    0x0, 0x7c, 0x3d, 0x0, 0x7, 0xc3, 0xd0, 0x0,
    0x7c, 0x3d, 0x0, 0x7, 0xc3, 0xd0, 0x0, 0x7c,
    0x3d, 0x0, 0x7, 0xc3, 0xd0, 0x0, 0x7c, 0x3d,
    0x0, 0x7, 0xc3, 0xd0, 0x0, 0x7c, 0x3d, 0x0,
    0x7, 0xc3, 0xd0, 0x0, 0x7c, 0x3d, 0x0, 0x7,
    0xc3, 0xd0, 0x0, 0x7c, 0x3d, 0x0, 0x7, 0xc0,
    0x0, 0x0, 0x0,

    /* U+2211 "∑" */
    0x2f, 0xff, 0xff, 0xf0, 0xff, 0xff, 0xff, 0xc1,
    0xfd, 0x55, 0x55, 0x2, 0xf4, 0x0, 0x0, 0x3,
    0xf0, 0x0, 0x0, 0x3, 0xe0, 0x0, 0x0, 0x7,
    0xd0, 0x0, 0x0, 0xf, 0xc0, 0x0, 0x0, 0xf,
    0x80, 0x0, 0x0, 0x1f, 0x40, 0x0, 0x0, 0x2f,
    0x0, 0x0, 0x0, 0x3f, 0x0, 0x0, 0x0, 0xfc,
    0x0, 0x0, 0xb, 0xc0, 0x0, 0x0, 0x3e, 0x0,
    0x0, 0x3, 0xf0, 0x0, 0x0, 0x2f, 0x40, 0x0,
    0x0, 0xf8, 0x0, 0x0, 0xf, 0xc0, 0x0, 0x0,
    0x7d, 0x0, 0x0, 0x3, 0xe0, 0x0, 0x0, 0x2f,
    0x0, 0x0, 0x1, 0xf4, 0x0, 0x0, 0xf, 0xff,
    0xff, 0xff, 0x3f, 0xff, 0xff, 0xfc, 0x0, 0x0,
    0x0, 0x0,

    /* U+2212 "−" */
    0x0, 0x0, 0x0, 0xf, 0xff, 0xff, 0xe3, 0xff,
    0xff, 0xf8,

    /* U+221A "√" */
    0x0, 0x0, 0x0, 0x1c, 0x0, 0x0, 0x0, 0x3c,
    0x0, 0x0, 0x0, 0x78, 0x0, 0x0, 0x0, 0xb0,
    0x0, 0x0, 0x0, 0xf0, 0x0, 0x0, 0x1, 0xd0,
    0x0, 0x0, 0x2, 0xc0, 0x0, 0x0, 0x3, 0xc0,
    0x0, 0x0, 0x7, 0x40, 0x0, 0x0, 0xf, 0x0,
    0xaa, 0x0, 0xe, 0x0, 0xbf, 0x40, 0x2d, 0x0,
    0x7, 0xc0, 0x3c, 0x0, 0x3, 0xc0, 0x38, 0x0,
    0x2, 0xe0, 0xb4, 0x0, 0x0, 0xf0, 0xf0, 0x0,
    0x0, 0xf1, 0xe0, 0x0, 0x0, 0xba, 0xd0, 0x0,
    0x0, 0x3f, 0xc0, 0x0, 0x0, 0x3f, 0x80, 0x0,
    0x0, 0x1f, 0x40, 0x0, 0x0, 0xf, 0x0, 0x0,

    /* U+221E "∞" */
    0x0, 0x0, 0x0, 0x0, 0x2f, 0xc0, 0x7f, 0x1,
    0xfb, 0xc7, 0xef, 0xf, 0x3, 0xf8, 0x1d, 0x38,
    0x7, 0xc0, 0x38, 0xe0, 0x1f, 0x0, 0xe3, 0xc1,
    0xee, 0xb, 0x47, 0xfe, 0x1f, 0xfc, 0x6, 0xd0,
    0x1b, 0x80,

    /* U+222B "∫" */
    0x0, 0xa, 0x90, 0x7, 0xfe, 0x0, 0xfc, 0x0,
    0xf, 0x0, 0x0, 0xf0, 0x0, 0x1f, 0x0, 0x1,
    0xf0, 0x0, 0x1f, 0x0, 0x1, 0xf0, 0x0, 0x1f,
    0x0, 0x1, 0xf0, 0x0, 0x1f, 0x0, 0x1, 0xf0,
    0x0, 0x1f, 0x0, 0x1, 0xf0, 0x0, 0x1f, 0x0,
    0x1, 0xf0, 0x0, 0x1f, 0x0, 0x1, 0xf0, 0x0,
    0x1f, 0x0, 0x1, 0xf0, 0x0, 0x1f, 0x0, 0x1,
    0xf0, 0x0, 0x3e, 0x0, 0xef, 0xc0, 0xf, 0xf4,
    0x0, 0x0, 0x0, 0x0,

    /* U+2248 "≈" */
    0x1, 0x40, 0x0, 0xb, 0xff, 0x80, 0xa3, 0xeb,
    0xff, 0xf8, 0x40, 0xb, 0xf4, 0x0, 0x0, 0x0,
    0x0, 0x0, 0x0, 0x1, 0xff, 0x90, 0x18, 0xfa,
    0xff, 0xfe, 0x20, 0x6, 0xfe, 0x0, 0x0, 0x0,
    0x0,

    /* U+2260 "≠" */
    0x0, 0x0, 0x0, 0x0, 0x0, 0x1e, 0x0, 0x0,
    0xf, 0x0, 0x0, 0x7, 0xc0, 0x3f, 0xff, 0xff,
    0x8f, 0xff, 0xff, 0xe0, 0x0, 0xf4, 0x0, 0x0,
    0x3c, 0x0, 0x0, 0x2d, 0x0, 0xa, 0xaf, 0xea,
    0x93, 0xff, 0xff, 0xf8, 0x7, 0xc0, 0x0, 0x2,
    0xe0, 0x0, 0x0, 0xf0, 0x0, 0x0, 0x14, 0x0,
    0x0,

    /* U+2264 "≤" */
    0x0, 0x0, 0x0, 0x40, 0x0, 0x2, 0xe0, 0x0,
    0xb, 0xf4, 0x0, 0x2f, 0xe0, 0x0, 0xbf, 0x40,
    0x2, 0xfd, 0x0, 0x3, 0xf4, 0x0, 0x0, 0xbe,
    0x40, 0x0, 0x2, 0xfd, 0x0, 0x0, 0xb, 0xf4,
    0x0, 0x0, 0x2f, 0xd0, 0x0, 0x0, 0xbe, 0x0,
    0x0, 0x2, 0x80, 0x0, 0x0, 0x3, 0xff, 0xff,
    0xf8, 0xff, 0xff, 0xfe,

    /* U+2265 "≥" */
    0x10, 0x0, 0x0, 0xf, 0x40, 0x0, 0x3, 0xfd,
    0x0, 0x0, 0xb, 0xf4, 0x0, 0x0, 0x2f, 0xd0,
    0x0, 0x0, 0xbf, 0x40, 0x0, 0x2, 0xf8, 0x0,
    0x1, 0xfd, 0x0, 0xb, 0xf8, 0x0, 0x2f, 0xd0,
    0x0, 0xbf, 0x40, 0x0, 0xfd, 0x0, 0x0, 0x34,
    0x0, 0x0, 0x0, 0x0, 0x0, 0x3, 0xff, 0xff,
    0xf8, 0xff, 0xff, 0xfe,

    /* U+25CA "◊" */
    0x0, 0x9, 0x0, 0x0, 0x1, 0xf0, 0x0, 0x0,
    0x3f, 0x80, 0x0, 0xb, 0xbc, 0x0, 0x1, 0xf1,
    0xf0, 0x0, 0x3d, 0xf, 0x40, 0x7, 0xc0, 0x3c,
    0x0, 0xf0, 0x2, 0xe0, 0x2e, 0x0, 0xf, 0x43,
    0xc0, 0x0, 0x7c, 0x3d, 0x0, 0xf, 0x41, 0xf0,
    0x1, 0xf0, 0xb, 0x80, 0x3d, 0x0, 0x3c, 0xb,
    0x80, 0x1, 0xf0, 0xf0, 0x0, 0xf, 0x7d, 0x0,
    0x0, 0x3f, 0xc0, 0x0, 0x2, 0xf0, 0x0, 0x0,
    0xe, 0x0, 0x0,

    /* U+FB01 "ﬁ" */
    0x0, 0x7f, 0xd0, 0x0, 0x1f, 0xfd, 0x3d, 0x2,
    0xf0, 0x3, 0xe0, 0x3d, 0x0, 0x2c, 0x3, 0xd0,
    0x0, 0x2, 0xff, 0xf8, 0x3d, 0x6b, 0xfa, 0x43,
    0xd0, 0x3d, 0x0, 0x3d, 0x3, 0xd0, 0x3, 0xd0,
    0x3d, 0x0, 0x3d, 0x3, 0xd0, 0x3, 0xd0, 0x3d,
    0x0, 0x3d, 0x3, 0xd0, 0x3, 0xd0, 0x3d, 0x0,
    0x3d, 0x3, 0xd0, 0x3, 0xd0, 0x3d, 0x0, 0x3d,
    0x3, 0xd0, 0x3, 0xd0, 0x3d, 0x0, 0x3d, 0x3,
    0xd0, 0x3, 0xd0,

    /* U+FB02 "ﬂ" */
    0x0, 0x7f, 0xd3, 0xd0, 0x1f, 0xfd, 0x3d, 0x2,
    0xf0, 0x3, 0xd0, 0x3d, 0x0, 0x3d, 0x3, 0xd0,
    0x3, 0xd2, 0xff, 0xf8, 0x3d, 0x6b, 0xfa, 0x43,
    0xd0, 0x3d, 0x0, 0x3d, 0x3, 0xd0, 0x3, 0xd0,
    0x3d, 0x0, 0x3d, 0x3, 0xd0, 0x3, 0xd0, 0x3d,
    0x0, 0x3d, 0x3, 0xd0, 0x3, 0xd0, 0x3d, 0x0,
    0x3d, 0x3, 0xd0, 0x3, 0xd0, 0x3d, 0x0, 0x3d,
    0x3, 0xd0, 0x3, 0xd0, 0x3d, 0x0, 0x3d, 0x3,
    0xd0, 0x3, 0xd0,

    /* U+FB03 "ﬃ" */
    0x1, 0xfe, 0xbf, 0x80, 0x7f, 0xff, 0xf4, 0xb,
    0x83, 0xc0, 0x0, 0xf0, 0x3c, 0x0, 0xf, 0x3,
    0xc0, 0x2, 0xff, 0xff, 0xfe, 0x2f, 0xab, 0xeb,
    0xe0, 0xf0, 0x3c, 0x2e, 0xf, 0x3, 0xc2, 0xe0,
    0xf0, 0x3c, 0x2e, 0xf, 0x3, 0xc2, 0xe0, 0xf0,
    0x3c, 0x2e, 0xf, 0x3, 0xc2, 0xe0, 0xf0, 0x3c,
    0x2e, 0xf, 0x3, 0xc2, 0xe0, 0xf0, 0x3c, 0x2e,
    0xf, 0x3, 0xc2, 0xe0, 0xf0, 0x3c, 0x2e, 0xf,
    0x3, 0xc2, 0xe0,

    /* U+FB04 "ﬄ" */
    0x1, 0xfe, 0xbf, 0xe0, 0x7f, 0xff, 0xfe, 0xb,
    0x83, 0xc2, 0xe0, 0xf0, 0x3c, 0x2e, 0xf, 0x3,
    0xc2, 0xe2, 0xff, 0xff, 0xae, 0x2f, 0xab, 0xe6,
    0xe0, 0xf0, 0x3c, 0x2e, 0xf, 0x3, 0xc2, 0xe0,
    0xf0, 0x3c, 0x2e, 0xf, 0x3, 0xc2, 0xe0, 0xf0,
    0x3c, 0x2e, 0xf, 0x3, 0xc2, 0xe0, 0xf0, 0x3c,
    0x2e, 0xf, 0x3, 0xc2, 0xe0, 0xf0, 0x3c, 0x2e,
    0xf, 0x3, 0xc2, 0xe0, 0xf0, 0x3c, 0x2e, 0xf,
    0x3, 0xc2, 0xe0,

    /* U+FEFF "﻿" */

    /* U+FFFC "￼" */
    0x15, 0x1, 0x40, 0x51, 0xfd, 0x3f, 0x8f, 0xf7,
    0x0, 0x0, 0x2, 0xdc, 0x2e, 0x40, 0x7, 0x22,
    0xd7, 0x0, 0x18, 0xd, 0xd, 0x0, 0x7, 0x34,
    0x34, 0x1, 0xdc, 0xa0, 0xd0, 0x7, 0x70, 0xfe,
    0x0, 0x1c, 0x40, 0x0, 0x0, 0x10, 0x0, 0x3f,
    0x40, 0x1c, 0x0, 0xca, 0x7, 0x70, 0x3, 0xf4,
    0x1d, 0xc0, 0xd, 0xb0, 0x72, 0x0, 0x32, 0xc0,
    0x40, 0x0, 0xf8, 0x0, 0x70, 0x0, 0xa, 0x9d,
    0xc0, 0x0, 0x2e, 0x77, 0x0, 0x0, 0x31, 0xc4,
    0x0, 0x0, 0xc1, 0x0, 0x0, 0x3, 0x1, 0xc0,
    0x0, 0x6c, 0x77, 0x0, 0x2, 0x81, 0xdd, 0x41,
    0x50, 0x5b, 0x7f, 0x4f, 0xd3, 0xfc,

    /* U+FFFD "�" */
    0x0, 0x1, 0x0, 0x0, 0x0, 0x3, 0x80, 0x0,
    0x0, 0xb, 0xd0, 0x0, 0x0, 0x1f, 0xf0, 0x0,
    0x0, 0x3f, 0xf8, 0x0, 0x0, 0xbf, 0xfd, 0x0,
    0x1, 0xd0, 0x1f, 0x0, 0x3, 0x80, 0x3, 0x80,
    0xb, 0xcb, 0x82, 0xc0, 0x1f, 0xff, 0xc2, 0xf0,
    0x3f, 0xff, 0x83, 0xf8, 0xbf, 0xfe, 0x7, 0xfc,
    0xbf, 0xfc, 0x1f, 0xfd, 0x3f, 0xf4, 0x3f, 0xf8,
    0x1f, 0xf4, 0xbf, 0xf0, 0xb, 0xff, 0xff, 0xd0,
    0x3, 0xfe, 0xff, 0x80, 0x1, 0xf0, 0x3f, 0x0,
    0x0, 0xf0, 0x3d, 0x0, 0x0, 0x39, 0xb8, 0x0,
    0x0, 0x1f, 0xf0, 0x0, 0x0, 0xf, 0xd0, 0x0,
    0x0, 0x3, 0xc0, 0x0, 0x0, 0x1, 0x0, 0x0
};


/*---------------------
 *  GLYPH DESCRIPTION
 *--------------------*/

static const lv_font_fmt_txt_glyph_dsc_t glyph_dsc[] = {
    {.bitmap_index = 0, .adv_w = 0, .box_w = 0, .box_h = 0, .ofs_x = 0, .ofs_y = 0} /* id = 0 reserved */,
    {.bitmap_index = 0, .adv_w = 250, .box_w = 0, .box_h = 0, .ofs_x = 0, .ofs_y = 0},
    {.bitmap_index = 0, .adv_w = 250, .box_w = 4, .box_h = 18, .ofs_x = 6, .ofs_y = 0},
    {.bitmap_index = 18, .adv_w = 250, .box_w = 9, .box_h = 7, .ofs_x = 3, .ofs_y = 11},
    {.bitmap_index = 34, .adv_w = 250, .box_w = 16, .box_h = 18, .ofs_x = 0, .ofs_y = 0},
    {.bitmap_index = 106, .adv_w = 250, .box_w = 12, .box_h = 21, .ofs_x = 2, .ofs_y = -2},
    {.bitmap_index = 169, .adv_w = 250, .box_w = 16, .box_h = 18, .ofs_x = 0, .ofs_y = 0},
    {.bitmap_index = 241, .adv_w = 250, .box_w = 16, .box_h = 18, .ofs_x = 0, .ofs_y = 0},
    {.bitmap_index = 313, .adv_w = 250, .box_w = 4, .box_h = 7, .ofs_x = 6, .ofs_y = 11},
    {.bitmap_index = 320, .adv_w = 250, .box_w = 9, .box_h = 23, .ofs_x = 3, .ofs_y = -5},
    {.bitmap_index = 372, .adv_w = 250, .box_w = 9, .box_h = 23, .ofs_x = 3, .ofs_y = -5},
    {.bitmap_index = 424, .adv_w = 250, .box_w = 13, .box_h = 12, .ofs_x = 1, .ofs_y = 7},
    {.bitmap_index = 463, .adv_w = 250, .box_w = 13, .box_h = 12, .ofs_x = 1, .ofs_y = 3},
    {.bitmap_index = 502, .adv_w = 250, .box_w = 5, .box_h = 7, .ofs_x = 5, .ofs_y = -4},
    {.bitmap_index = 511, .adv_w = 250, .box_w = 9, .box_h = 3, .ofs_x = 3, .ofs_y = 6},
    {.bitmap_index = 518, .adv_w = 250, .box_w = 5, .box_h = 5, .ofs_x = 5, .ofs_y = 0},
    {.bitmap_index = 525, .adv_w = 250, .box_w = 11, .box_h = 18, .ofs_x = 2, .ofs_y = 0},
    {.bitmap_index = 575, .adv_w = 250, .box_w = 13, .box_h = 18, .ofs_x = 1, .ofs_y = 0},
    {.bitmap_index = 634, .adv_w = 250, .box_w = 8, .box_h = 18, .ofs_x = 2, .ofs_y = 0},
    {.bitmap_index = 670, .adv_w = 250, .box_w = 12, .box_h = 18, .ofs_x = 2, .ofs_y = 0},
    {.bitmap_index = 724, .adv_w = 250, .box_w = 13, .box_h = 18, .ofs_x = 1, .ofs_y = 0},
    {.bitmap_index = 783, .adv_w = 250, .box_w = 15, .box_h = 18, .ofs_x = 0, .ofs_y = 0},
    {.bitmap_index = 851, .adv_w = 250, .box_w = 12, .box_h = 18, .ofs_x = 2, .ofs_y = 0},
    {.bitmap_index = 905, .adv_w = 250, .box_w = 13, .box_h = 18, .ofs_x = 1, .ofs_y = 0},
    {.bitmap_index = 964, .adv_w = 250, .box_w = 13, .box_h = 18, .ofs_x = 1, .ofs_y = 0},
    {.bitmap_index = 1023, .adv_w = 250, .box_w = 13, .box_h = 18, .ofs_x = 1, .ofs_y = 0},
    {.bitmap_index = 1082, .adv_w = 250, .box_w = 13, .box_h = 18, .ofs_x = 1, .ofs_y = 0},
    {.bitmap_index = 1141, .adv_w = 250, .box_w = 4, .box_h = 14, .ofs_x = 6, .ofs_y = 0},
    {.bitmap_index = 1155, .adv_w = 250, .box_w = 5, .box_h = 18, .ofs_x = 5, .ofs_y = -4},
    {.bitmap_index = 1178, .adv_w = 250, .box_w = 13, .box_h = 14, .ofs_x = 1, .ofs_y = 2},
    {.bitmap_index = 1224, .adv_w = 250, .box_w = 13, .box_h = 7, .ofs_x = 1, .ofs_y = 6},
    {.bitmap_index = 1247, .adv_w = 250, .box_w = 13, .box_h = 14, .ofs_x = 1, .ofs_y = 2},
    {.bitmap_index = 1293, .adv_w = 250, .box_w = 12, .box_h = 18, .ofs_x = 2, .ofs_y = 0},
    {.bitmap_index = 1347, .adv_w = 250, .box_w = 16, .box_h = 20, .ofs_x = 0, .ofs_y = -2},
    {.bitmap_index = 1427, .adv_w = 250, .box_w = 16, .box_h = 18, .ofs_x = 0, .ofs_y = 0},
    {.bitmap_index = 1499, .adv_w = 250, .box_w = 14, .box_h = 18, .ofs_x = 1, .ofs_y = 0},
    {.bitmap_index = 1562, .adv_w = 250, .box_w = 14, .box_h = 18, .ofs_x = 1, .ofs_y = 0},
    {.bitmap_index = 1625, .adv_w = 250, .box_w = 14, .box_h = 18, .ofs_x = 1, .ofs_y = 0},
    {.bitmap_index = 1688, .adv_w = 250, .box_w = 12, .box_h = 18, .ofs_x = 2, .ofs_y = 0},
    {.bitmap_index = 1742, .adv_w = 250, .box_w = 11, .box_h = 18, .ofs_x = 3, .ofs_y = 0},
    {.bitmap_index = 1792, .adv_w = 250, .box_w = 13, .box_h = 18, .ofs_x = 1, .ofs_y = 0},
    {.bitmap_index = 1851, .adv_w = 250, .box_w = 13, .box_h = 18, .ofs_x = 1, .ofs_y = 0},
    {.bitmap_index = 1910, .adv_w = 250, .box_w = 11, .box_h = 18, .ofs_x = 2, .ofs_y = 0},
    {.bitmap_index = 1960, .adv_w = 250, .box_w = 12, .box_h = 18, .ofs_x = 1, .ofs_y = 0},
    {.bitmap_index = 2014, .adv_w = 250, .box_w = 14, .box_h = 18, .ofs_x = 2, .ofs_y = 0},
    {.bitmap_index = 2077, .adv_w = 250, .box_w = 12, .box_h = 18, .ofs_x = 2, .ofs_y = 0},
    {.bitmap_index = 2131, .adv_w = 250, .box_w = 14, .box_h = 18, .ofs_x = 1, .ofs_y = 0},
    {.bitmap_index = 2194, .adv_w = 250, .box_w = 13, .box_h = 18, .ofs_x = 1, .ofs_y = 0},
    {.bitmap_index = 2253, .adv_w = 250, .box_w = 14, .box_h = 18, .ofs_x = 1, .ofs_y = 0},
    {.bitmap_index = 2316, .adv_w = 250, .box_w = 12, .box_h = 18, .ofs_x = 2, .ofs_y = 0},
    {.bitmap_index = 2370, .adv_w = 250, .box_w = 14, .box_h = 23, .ofs_x = 1, .ofs_y = -5},
    {.bitmap_index = 2451, .adv_w = 250, .box_w = 13, .box_h = 18, .ofs_x = 2, .ofs_y = 0},
    {.bitmap_index = 2510, .adv_w = 250, .box_w = 13, .box_h = 18, .ofs_x = 1, .ofs_y = 0},
    {.bitmap_index = 2569, .adv_w = 250, .box_w = 14, .box_h = 18, .ofs_x = 1, .ofs_y = 0},
    {.bitmap_index = 2632, .adv_w = 250, .box_w = 14, .box_h = 18, .ofs_x = 1, .ofs_y = 0},
    {.bitmap_index = 2695, .adv_w = 250, .box_w = 16, .box_h = 18, .ofs_x = 0, .ofs_y = 0},
    {.bitmap_index = 2767, .adv_w = 250, .box_w = 16, .box_h = 18, .ofs_x = 0, .ofs_y = 0},
    {.bitmap_index = 2839, .adv_w = 250, .box_w = 15, .box_h = 18, .ofs_x = 0, .ofs_y = 0},
    {.bitmap_index = 2907, .adv_w = 250, .box_w = 16, .box_h = 18, .ofs_x = 0, .ofs_y = 0},
    {.bitmap_index = 2979, .adv_w = 250, .box_w = 14, .box_h = 18, .ofs_x = 1, .ofs_y = 0},
    {.bitmap_index = 3042, .adv_w = 250, .box_w = 7, .box_h = 22, .ofs_x = 5, .ofs_y = -4},
    {.bitmap_index = 3081, .adv_w = 250, .box_w = 11, .box_h = 18, .ofs_x = 2, .ofs_y = 0},
    {.bitmap_index = 3131, .adv_w = 250, .box_w = 8, .box_h = 22, .ofs_x = 3, .ofs_y = -4},
    {.bitmap_index = 3175, .adv_w = 250, .box_w = 14, .box_h = 12, .ofs_x = 1, .ofs_y = 7},
    {.bitmap_index = 3217, .adv_w = 250, .box_w = 17, .box_h = 2, .ofs_x = -1, .ofs_y = -4},
    {.bitmap_index = 3226, .adv_w = 250, .box_w = 6, .box_h = 4, .ofs_x = 5, .ofs_y = 16},
    {.bitmap_index = 3232, .adv_w = 250, .box_w = 13, .box_h = 14, .ofs_x = 1, .ofs_y = 0},
    {.bitmap_index = 3278, .adv_w = 250, .box_w = 12, .box_h = 19, .ofs_x = 2, .ofs_y = 0},
    {.bitmap_index = 3335, .adv_w = 250, .box_w = 12, .box_h = 14, .ofs_x = 2, .ofs_y = 0},
    {.bitmap_index = 3377, .adv_w = 250, .box_w = 13, .box_h = 19, .ofs_x = 1, .ofs_y = 0},
    {.bitmap_index = 3439, .adv_w = 250, .box_w = 13, .box_h = 14, .ofs_x = 1, .ofs_y = 0},
    {.bitmap_index = 3485, .adv_w = 250, .box_w = 14, .box_h = 19, .ofs_x = 1, .ofs_y = 0},
    {.bitmap_index = 3552, .adv_w = 250, .box_w = 14, .box_h = 20, .ofs_x = 1, .ofs_y = -6},
    {.bitmap_index = 3622, .adv_w = 250, .box_w = 12, .box_h = 19, .ofs_x = 2, .ofs_y = 0},
    {.bitmap_index = 3679, .adv_w = 250, .box_w = 12, .box_h = 19, .ofs_x = 2, .ofs_y = 0},
    {.bitmap_index = 3736, .adv_w = 250, .box_w = 10, .box_h = 25, .ofs_x = 1, .ofs_y = -6},
    {.bitmap_index = 3799, .adv_w = 250, .box_w = 13, .box_h = 19, .ofs_x = 2, .ofs_y = 0},
    {.bitmap_index = 3861, .adv_w = 250, .box_w = 12, .box_h = 19, .ofs_x = 2, .ofs_y = 0},
    {.bitmap_index = 3918, .adv_w = 250, .box_w = 14, .box_h = 14, .ofs_x = 1, .ofs_y = 0},
    {.bitmap_index = 3967, .adv_w = 250, .box_w = 12, .box_h = 14, .ofs_x = 2, .ofs_y = 0},
    {.bitmap_index = 4009, .adv_w = 250, .box_w = 14, .box_h = 14, .ofs_x = 1, .ofs_y = 0},
    {.bitmap_index = 4058, .adv_w = 250, .box_w = 12, .box_h = 20, .ofs_x = 2, .ofs_y = -6},
    {.bitmap_index = 4118, .adv_w = 250, .box_w = 13, .box_h = 20, .ofs_x = 1, .ofs_y = -6},
    {.bitmap_index = 4183, .adv_w = 250, .box_w = 11, .box_h = 14, .ofs_x = 3, .ofs_y = 0},
    {.bitmap_index = 4222, .adv_w = 250, .box_w = 12, .box_h = 14, .ofs_x = 2, .ofs_y = 0},
    {.bitmap_index = 4264, .adv_w = 250, .box_w = 13, .box_h = 18, .ofs_x = 1, .ofs_y = 0},
    {.bitmap_index = 4323, .adv_w = 250, .box_w = 12, .box_h = 14, .ofs_x = 2, .ofs_y = 0},
    {.bitmap_index = 4365, .adv_w = 250, .box_w = 14, .box_h = 14, .ofs_x = 1, .ofs_y = 0},
    {.bitmap_index = 4414, .adv_w = 250, .box_w = 17, .box_h = 14, .ofs_x = -1, .ofs_y = 0},
    {.bitmap_index = 4474, .adv_w = 250, .box_w = 14, .box_h = 14, .ofs_x = 1, .ofs_y = 0},
    {.bitmap_index = 4523, .adv_w = 250, .box_w = 14, .box_h = 20, .ofs_x = 1, .ofs_y = -6},
    {.bitmap_index = 4593, .adv_w = 250, .box_w = 12, .box_h = 14, .ofs_x = 2, .ofs_y = 0},
    {.bitmap_index = 4635, .adv_w = 250, .box_w = 11, .box_h = 22, .ofs_x = 2, .ofs_y = -4},
    {.bitmap_index = 4696, .adv_w = 250, .box_w = 3, .box_h = 25, .ofs_x = 6, .ofs_y = -6},
    {.bitmap_index = 4715, .adv_w = 250, .box_w = 11, .box_h = 22, .ofs_x = 2, .ofs_y = -4},
    {.bitmap_index = 4776, .adv_w = 250, .box_w = 13, .box_h = 5, .ofs_x = 1, .ofs_y = 6},
    {.bitmap_index = 4793, .adv_w = 250, .box_w = 0, .box_h = 0, .ofs_x = 0, .ofs_y = 0},
    {.bitmap_index = 4793, .adv_w = 250, .box_w = 4, .box_h = 19, .ofs_x = 6, .ofs_y = -5},
    {.bitmap_index = 4812, .adv_w = 250, .box_w = 12, .box_h = 18, .ofs_x = 2, .ofs_y = 0},
    {.bitmap_index = 4866, .adv_w = 250, .box_w = 14, .box_h = 18, .ofs_x = 1, .ofs_y = 0},
    {.bitmap_index = 4929, .adv_w = 250, .box_w = 12, .box_h = 12, .ofs_x = 2, .ofs_y = 3},
    {.bitmap_index = 4965, .adv_w = 250, .box_w = 15, .box_h = 18, .ofs_x = 0, .ofs_y = 0},
    {.bitmap_index = 5033, .adv_w = 250, .box_w = 3, .box_h = 25, .ofs_x = 6, .ofs_y = -6},
    {.bitmap_index = 5052, .adv_w = 250, .box_w = 10, .box_h = 19, .ofs_x = 3, .ofs_y = 0},
    {.bitmap_index = 5100, .adv_w = 250, .box_w = 8, .box_h = 3, .ofs_x = 4, .ofs_y = 16},
    {.bitmap_index = 5106, .adv_w = 250, .box_w = 16, .box_h = 20, .ofs_x = 0, .ofs_y = -1},
    {.bitmap_index = 5186, .adv_w = 250, .box_w = 9, .box_h = 10, .ofs_x = 3, .ofs_y = 9},
    {.bitmap_index = 5209, .adv_w = 250, .box_w = 12, .box_h = 12, .ofs_x = 2, .ofs_y = 1},
    {.bitmap_index = 5245, .adv_w = 250, .box_w = 13, .box_h = 7, .ofs_x = 1, .ofs_y = 3},
    {.bitmap_index = 5268, .adv_w = 250, .box_w = 9, .box_h = 3, .ofs_x = 3, .ofs_y = 6},
    {.bitmap_index = 5275, .adv_w = 250, .box_w = 16, .box_h = 20, .ofs_x = 0, .ofs_y = -1},
    {.bitmap_index = 5355, .adv_w = 250, .box_w = 17, .box_h = 2, .ofs_x = -1, .ofs_y = 20},
    {.bitmap_index = 5364, .adv_w = 250, .box_w = 9, .box_h = 8, .ofs_x = 3, .ofs_y = 11},
    {.bitmap_index = 5382, .adv_w = 250, .box_w = 13, .box_h = 15, .ofs_x = 1, .ofs_y = 0},
    {.bitmap_index = 5431, .adv_w = 250, .box_w = 8, .box_h = 10, .ofs_x = 4, .ofs_y = 9},
    {.bitmap_index = 5451, .adv_w = 250, .box_w = 7, .box_h = 10, .ofs_x = 4, .ofs_y = 9},
    {.bitmap_index = 5469, .adv_w = 250, .box_w = 6, .box_h = 4, .ofs_x = 5, .ofs_y = 16},
    {.bitmap_index = 5475, .adv_w = 250, .box_w = 12, .box_h = 20, .ofs_x = 2, .ofs_y = -6},
    {.bitmap_index = 5535, .adv_w = 250, .box_w = 14, .box_h = 23, .ofs_x = 0, .ofs_y = -4},
    {.bitmap_index = 5616, .adv_w = 250, .box_w = 4, .box_h = 4, .ofs_x = 6, .ofs_y = 7},
    {.bitmap_index = 5620, .adv_w = 250, .box_w = 6, .box_h = 7, .ofs_x = 5, .ofs_y = -7},
    {.bitmap_index = 5631, .adv_w = 250, .box_w = 6, .box_h = 10, .ofs_x = 4, .ofs_y = 9},
    {.bitmap_index = 5646, .adv_w = 250, .box_w = 10, .box_h = 9, .ofs_x = 3, .ofs_y = 10},
    {.bitmap_index = 5669, .adv_w = 250, .box_w = 12, .box_h = 12, .ofs_x = 2, .ofs_y = 1},
    {.bitmap_index = 5705, .adv_w = 250, .box_w = 16, .box_h = 18, .ofs_x = 0, .ofs_y = 0},
    {.bitmap_index = 5777, .adv_w = 250, .box_w = 16, .box_h = 19, .ofs_x = 0, .ofs_y = -1},
    {.bitmap_index = 5853, .adv_w = 250, .box_w = 16, .box_h = 19, .ofs_x = 0, .ofs_y = 0},
    {.bitmap_index = 5929, .adv_w = 250, .box_w = 12, .box_h = 19, .ofs_x = 2, .ofs_y = -5},
    {.bitmap_index = 5986, .adv_w = 250, .box_w = 16, .box_h = 24, .ofs_x = 0, .ofs_y = 0},
    {.bitmap_index = 6082, .adv_w = 250, .box_w = 16, .box_h = 24, .ofs_x = 0, .ofs_y = 0},
    {.bitmap_index = 6178, .adv_w = 250, .box_w = 16, .box_h = 24, .ofs_x = 0, .ofs_y = 0},
    {.bitmap_index = 6274, .adv_w = 250, .box_w = 16, .box_h = 23, .ofs_x = 0, .ofs_y = 0},
    {.bitmap_index = 6366, .adv_w = 250, .box_w = 16, .box_h = 23, .ofs_x = 0, .ofs_y = 0},
    {.bitmap_index = 6458, .adv_w = 250, .box_w = 16, .box_h = 23, .ofs_x = 0, .ofs_y = 0},
    {.bitmap_index = 6550, .adv_w = 250, .box_w = 16, .box_h = 18, .ofs_x = 0, .ofs_y = 0},
    {.bitmap_index = 6622, .adv_w = 250, .box_w = 14, .box_h = 24, .ofs_x = 1, .ofs_y = -6},
    {.bitmap_index = 6706, .adv_w = 250, .box_w = 12, .box_h = 24, .ofs_x = 2, .ofs_y = 0},
    {.bitmap_index = 6778, .adv_w = 250, .box_w = 12, .box_h = 24, .ofs_x = 2, .ofs_y = 0},
    {.bitmap_index = 6850, .adv_w = 250, .box_w = 12, .box_h = 24, .ofs_x = 2, .ofs_y = 0},
    {.bitmap_index = 6922, .adv_w = 250, .box_w = 12, .box_h = 23, .ofs_x = 2, .ofs_y = 0},
    {.bitmap_index = 6991, .adv_w = 250, .box_w = 11, .box_h = 24, .ofs_x = 2, .ofs_y = 0},
    {.bitmap_index = 7057, .adv_w = 250, .box_w = 11, .box_h = 24, .ofs_x = 2, .ofs_y = 0},
    {.bitmap_index = 7123, .adv_w = 250, .box_w = 11, .box_h = 24, .ofs_x = 2, .ofs_y = 0},
    {.bitmap_index = 7189, .adv_w = 250, .box_w = 11, .box_h = 23, .ofs_x = 2, .ofs_y = 0},
    {.bitmap_index = 7253, .adv_w = 250, .box_w = 15, .box_h = 18, .ofs_x = 0, .ofs_y = 0},
    {.bitmap_index = 7321, .adv_w = 250, .box_w = 13, .box_h = 23, .ofs_x = 1, .ofs_y = 0},
    {.bitmap_index = 7396, .adv_w = 250, .box_w = 14, .box_h = 24, .ofs_x = 1, .ofs_y = 0},
    {.bitmap_index = 7480, .adv_w = 250, .box_w = 14, .box_h = 24, .ofs_x = 1, .ofs_y = 0},
    {.bitmap_index = 7564, .adv_w = 250, .box_w = 14, .box_h = 24, .ofs_x = 1, .ofs_y = 0},
    {.bitmap_index = 7648, .adv_w = 250, .box_w = 14, .box_h = 23, .ofs_x = 1, .ofs_y = 0},
    {.bitmap_index = 7729, .adv_w = 250, .box_w = 14, .box_h = 23, .ofs_x = 1, .ofs_y = 0},
    {.bitmap_index = 7810, .adv_w = 250, .box_w = 12, .box_h = 12, .ofs_x = 2, .ofs_y = 3},
    {.bitmap_index = 7846, .adv_w = 250, .box_w = 14, .box_h = 20, .ofs_x = 1, .ofs_y = -1},
    {.bitmap_index = 7916, .adv_w = 250, .box_w = 14, .box_h = 24, .ofs_x = 1, .ofs_y = 0},
    {.bitmap_index = 8000, .adv_w = 250, .box_w = 14, .box_h = 24, .ofs_x = 1, .ofs_y = 0},
    {.bitmap_index = 8084, .adv_w = 250, .box_w = 14, .box_h = 24, .ofs_x = 1, .ofs_y = 0},
    {.bitmap_index = 8168, .adv_w = 250, .box_w = 14, .box_h = 23, .ofs_x = 1, .ofs_y = 0},
    {.bitmap_index = 8249, .adv_w = 250, .box_w = 16, .box_h = 24, .ofs_x = 0, .ofs_y = 0},
    {.bitmap_index = 8345, .adv_w = 250, .box_w = 12, .box_h = 18, .ofs_x = 2, .ofs_y = 0},
    {.bitmap_index = 8399, .adv_w = 250, .box_w = 13, .box_h = 19, .ofs_x = 2, .ofs_y = 0},
    {.bitmap_index = 8461, .adv_w = 250, .box_w = 13, .box_h = 19, .ofs_x = 1, .ofs_y = 0},
    {.bitmap_index = 8523, .adv_w = 250, .box_w = 13, .box_h = 19, .ofs_x = 1, .ofs_y = 0},
    {.bitmap_index = 8585, .adv_w = 250, .box_w = 13, .box_h = 19, .ofs_x = 1, .ofs_y = 0},
    {.bitmap_index = 8647, .adv_w = 250, .box_w = 13, .box_h = 18, .ofs_x = 1, .ofs_y = 0},
    {.bitmap_index = 8706, .adv_w = 250, .box_w = 13, .box_h = 18, .ofs_x = 1, .ofs_y = 0},
    {.bitmap_index = 8765, .adv_w = 250, .box_w = 13, .box_h = 22, .ofs_x = 1, .ofs_y = 0},
    {.bitmap_index = 8837, .adv_w = 250, .box_w = 16, .box_h = 14, .ofs_x = 0, .ofs_y = 0},
    {.bitmap_index = 8893, .adv_w = 250, .box_w = 12, .box_h = 20, .ofs_x = 2, .ofs_y = -6},
    {.bitmap_index = 8953, .adv_w = 250, .box_w = 13, .box_h = 19, .ofs_x = 1, .ofs_y = 0},
    {.bitmap_index = 9015, .adv_w = 250, .box_w = 13, .box_h = 19, .ofs_x = 1, .ofs_y = 0},
    {.bitmap_index = 9077, .adv_w = 250, .box_w = 13, .box_h = 19, .ofs_x = 1, .ofs_y = 0},
    {.bitmap_index = 9139, .adv_w = 250, .box_w = 13, .box_h = 18, .ofs_x = 1, .ofs_y = 0},
    {.bitmap_index = 9198, .adv_w = 250, .box_w = 12, .box_h = 19, .ofs_x = 2, .ofs_y = 0},
    {.bitmap_index = 9255, .adv_w = 250, .box_w = 12, .box_h = 19, .ofs_x = 2, .ofs_y = 0},
    {.bitmap_index = 9312, .adv_w = 250, .box_w = 12, .box_h = 19, .ofs_x = 2, .ofs_y = 0},
    {.bitmap_index = 9369, .adv_w = 250, .box_w = 12, .box_h = 18, .ofs_x = 2, .ofs_y = 0},
    {.bitmap_index = 9423, .adv_w = 250, .box_w = 13, .box_h = 20, .ofs_x = 1, .ofs_y = 0},
    {.bitmap_index = 9488, .adv_w = 250, .box_w = 12, .box_h = 18, .ofs_x = 2, .ofs_y = 0},
    {.bitmap_index = 9542, .adv_w = 250, .box_w = 14, .box_h = 19, .ofs_x = 1, .ofs_y = 0},
    {.bitmap_index = 9609, .adv_w = 250, .box_w = 14, .box_h = 19, .ofs_x = 1, .ofs_y = 0},
    {.bitmap_index = 9676, .adv_w = 250, .box_w = 14, .box_h = 19, .ofs_x = 1, .ofs_y = 0},
    {.bitmap_index = 9743, .adv_w = 250, .box_w = 14, .box_h = 18, .ofs_x = 1, .ofs_y = 0},
    {.bitmap_index = 9806, .adv_w = 250, .box_w = 14, .box_h = 18, .ofs_x = 1, .ofs_y = 0},
    {.bitmap_index = 9869, .adv_w = 250, .box_w = 13, .box_h = 12, .ofs_x = 1, .ofs_y = 3},
    {.bitmap_index = 9908, .adv_w = 250, .box_w = 14, .box_h = 16, .ofs_x = 1, .ofs_y = -1},
    {.bitmap_index = 9964, .adv_w = 250, .box_w = 12, .box_h = 19, .ofs_x = 2, .ofs_y = 0},
    {.bitmap_index = 10021, .adv_w = 250, .box_w = 12, .box_h = 19, .ofs_x = 2, .ofs_y = 0},
    {.bitmap_index = 10078, .adv_w = 250, .box_w = 12, .box_h = 19, .ofs_x = 2, .ofs_y = 0},
    {.bitmap_index = 10135, .adv_w = 250, .box_w = 12, .box_h = 18, .ofs_x = 2, .ofs_y = 0},
    {.bitmap_index = 10189, .adv_w = 250, .box_w = 14, .box_h = 25, .ofs_x = 1, .ofs_y = -6},
    {.bitmap_index = 10277, .adv_w = 250, .box_w = 12, .box_h = 25, .ofs_x = 2, .ofs_y = -6},
    {.bitmap_index = 10352, .adv_w = 250, .box_w = 14, .box_h = 24, .ofs_x = 1, .ofs_y = -6},
    {.bitmap_index = 10436, .adv_w = 250, .box_w = 16, .box_h = 22, .ofs_x = 0, .ofs_y = 0},
    {.bitmap_index = 10524, .adv_w = 250, .box_w = 13, .box_h = 18, .ofs_x = 1, .ofs_y = 0},
    {.bitmap_index = 10583, .adv_w = 250, .box_w = 16, .box_h = 24, .ofs_x = 0, .ofs_y = 0},
    {.bitmap_index = 10679, .adv_w = 250, .box_w = 13, .box_h = 19, .ofs_x = 1, .ofs_y = 0},
    {.bitmap_index = 10741, .adv_w = 250, .box_w = 16, .box_h = 24, .ofs_x = 0, .ofs_y = -6},
    {.bitmap_index = 10837, .adv_w = 250, .box_w = 14, .box_h = 20, .ofs_x = 1, .ofs_y = -6},
    {.bitmap_index = 10907, .adv_w = 250, .box_w = 14, .box_h = 24, .ofs_x = 1, .ofs_y = 0},
    {.bitmap_index = 10991, .adv_w = 250, .box_w = 12, .box_h = 19, .ofs_x = 2, .ofs_y = 0},
    {.bitmap_index = 11048, .adv_w = 250, .box_w = 14, .box_h = 24, .ofs_x = 1, .ofs_y = 0},
    {.bitmap_index = 11132, .adv_w = 250, .box_w = 12, .box_h = 19, .ofs_x = 2, .ofs_y = 0},
    {.bitmap_index = 11189, .adv_w = 250, .box_w = 14, .box_h = 23, .ofs_x = 1, .ofs_y = 0},
    {.bitmap_index = 11270, .adv_w = 250, .box_w = 12, .box_h = 18, .ofs_x = 2, .ofs_y = 0},
    {.bitmap_index = 11324, .adv_w = 250, .box_w = 14, .box_h = 24, .ofs_x = 1, .ofs_y = 0},
    {.bitmap_index = 11408, .adv_w = 250, .box_w = 12, .box_h = 19, .ofs_x = 2, .ofs_y = 0},
    {.bitmap_index = 11465, .adv_w = 250, .box_w = 14, .box_h = 24, .ofs_x = 1, .ofs_y = 0},
    {.bitmap_index = 11549, .adv_w = 250, .box_w = 16, .box_h = 19, .ofs_x = 1, .ofs_y = 0},
    {.bitmap_index = 11625, .adv_w = 250, .box_w = 15, .box_h = 18, .ofs_x = 0, .ofs_y = 0},
    {.bitmap_index = 11693, .adv_w = 250, .box_w = 15, .box_h = 19, .ofs_x = 1, .ofs_y = 0},
    {.bitmap_index = 11765, .adv_w = 250, .box_w = 12, .box_h = 22, .ofs_x = 2, .ofs_y = 0},
    {.bitmap_index = 11831, .adv_w = 250, .box_w = 13, .box_h = 18, .ofs_x = 1, .ofs_y = 0},
    {.bitmap_index = 11890, .adv_w = 250, .box_w = 12, .box_h = 24, .ofs_x = 2, .ofs_y = 0},
    {.bitmap_index = 11962, .adv_w = 250, .box_w = 13, .box_h = 19, .ofs_x = 1, .ofs_y = 0},
    {.bitmap_index = 12024, .adv_w = 250, .box_w = 12, .box_h = 23, .ofs_x = 2, .ofs_y = 0},
    {.bitmap_index = 12093, .adv_w = 250, .box_w = 13, .box_h = 18, .ofs_x = 1, .ofs_y = 0},
    {.bitmap_index = 12152, .adv_w = 250, .box_w = 12, .box_h = 24, .ofs_x = 2, .ofs_y = -6},
    {.bitmap_index = 12224, .adv_w = 250, .box_w = 13, .box_h = 19, .ofs_x = 1, .ofs_y = -5},
    {.bitmap_index = 12286, .adv_w = 250, .box_w = 12, .box_h = 24, .ofs_x = 2, .ofs_y = 0},
    {.bitmap_index = 12358, .adv_w = 250, .box_w = 13, .box_h = 19, .ofs_x = 1, .ofs_y = 0},
    {.bitmap_index = 12420, .adv_w = 250, .box_w = 13, .box_h = 24, .ofs_x = 1, .ofs_y = 0},
    {.bitmap_index = 12498, .adv_w = 250, .box_w = 14, .box_h = 25, .ofs_x = 1, .ofs_y = -6},
    {.bitmap_index = 12586, .adv_w = 250, .box_w = 13, .box_h = 24, .ofs_x = 1, .ofs_y = 0},
    {.bitmap_index = 12664, .adv_w = 250, .box_w = 14, .box_h = 25, .ofs_x = 1, .ofs_y = -6},
    {.bitmap_index = 12752, .adv_w = 250, .box_w = 13, .box_h = 23, .ofs_x = 1, .ofs_y = 0},
    {.bitmap_index = 12827, .adv_w = 250, .box_w = 14, .box_h = 24, .ofs_x = 1, .ofs_y = -6},
    {.bitmap_index = 12911, .adv_w = 250, .box_w = 13, .box_h = 24, .ofs_x = 1, .ofs_y = -6},
    {.bitmap_index = 12989, .adv_w = 250, .box_w = 14, .box_h = 25, .ofs_x = 1, .ofs_y = -6},
    {.bitmap_index = 13077, .adv_w = 250, .box_w = 13, .box_h = 24, .ofs_x = 1, .ofs_y = 0},
    {.bitmap_index = 13155, .adv_w = 250, .box_w = 12, .box_h = 25, .ofs_x = 2, .ofs_y = 0},
    {.bitmap_index = 13230, .adv_w = 250, .box_w = 16, .box_h = 18, .ofs_x = 0, .ofs_y = 0},
    {.bitmap_index = 13302, .adv_w = 250, .box_w = 14, .box_h = 19, .ofs_x = 0, .ofs_y = 0},
    {.bitmap_index = 13369, .adv_w = 250, .box_w = 11, .box_h = 23, .ofs_x = 2, .ofs_y = 0},
    {.bitmap_index = 13433, .adv_w = 250, .box_w = 12, .box_h = 18, .ofs_x = 2, .ofs_y = 0},
    {.bitmap_index = 13487, .adv_w = 250, .box_w = 11, .box_h = 22, .ofs_x = 2, .ofs_y = 0},
    {.bitmap_index = 13548, .adv_w = 250, .box_w = 12, .box_h = 17, .ofs_x = 2, .ofs_y = 0},
    {.bitmap_index = 13599, .adv_w = 250, .box_w = 11, .box_h = 24, .ofs_x = 2, .ofs_y = 0},
    {.bitmap_index = 13665, .adv_w = 250, .box_w = 12, .box_h = 19, .ofs_x = 2, .ofs_y = 0},
    {.bitmap_index = 13722, .adv_w = 250, .box_w = 11, .box_h = 24, .ofs_x = 2, .ofs_y = -6},
    {.bitmap_index = 13788, .adv_w = 250, .box_w = 12, .box_h = 25, .ofs_x = 2, .ofs_y = -6},
    {.bitmap_index = 13863, .adv_w = 250, .box_w = 11, .box_h = 23, .ofs_x = 2, .ofs_y = 0},
    {.bitmap_index = 13927, .adv_w = 250, .box_w = 12, .box_h = 14, .ofs_x = 2, .ofs_y = 0},
    {.bitmap_index = 13969, .adv_w = 250, .box_w = 13, .box_h = 18, .ofs_x = 1, .ofs_y = 0},
    {.bitmap_index = 14028, .adv_w = 250, .box_w = 12, .box_h = 25, .ofs_x = 2, .ofs_y = -6},
    {.bitmap_index = 14103, .adv_w = 250, .box_w = 15, .box_h = 24, .ofs_x = 1, .ofs_y = 0},
    {.bitmap_index = 14193, .adv_w = 250, .box_w = 12, .box_h = 25, .ofs_x = 1, .ofs_y = -6},
    {.bitmap_index = 14268, .adv_w = 250, .box_w = 14, .box_h = 24, .ofs_x = 2, .ofs_y = -6},
    {.bitmap_index = 14352, .adv_w = 250, .box_w = 13, .box_h = 25, .ofs_x = 2, .ofs_y = -6},
    {.bitmap_index = 14434, .adv_w = 250, .box_w = 13, .box_h = 14, .ofs_x = 2, .ofs_y = 0},
    {.bitmap_index = 14480, .adv_w = 250, .box_w = 12, .box_h = 24, .ofs_x = 2, .ofs_y = 0},
    {.bitmap_index = 14552, .adv_w = 250, .box_w = 12, .box_h = 25, .ofs_x = 2, .ofs_y = 0},
    {.bitmap_index = 14627, .adv_w = 250, .box_w = 12, .box_h = 24, .ofs_x = 2, .ofs_y = -6},
    {.bitmap_index = 14699, .adv_w = 250, .box_w = 12, .box_h = 25, .ofs_x = 2, .ofs_y = -6},
    {.bitmap_index = 14774, .adv_w = 250, .box_w = 12, .box_h = 18, .ofs_x = 2, .ofs_y = 0},
    {.bitmap_index = 14828, .adv_w = 250, .box_w = 13, .box_h = 19, .ofs_x = 2, .ofs_y = 0},
    {.bitmap_index = 14890, .adv_w = 250, .box_w = 12, .box_h = 18, .ofs_x = 2, .ofs_y = 0},
    {.bitmap_index = 14944, .adv_w = 250, .box_w = 12, .box_h = 19, .ofs_x = 2, .ofs_y = 0},
    {.bitmap_index = 15001, .adv_w = 250, .box_w = 14, .box_h = 18, .ofs_x = 0, .ofs_y = 0},
    {.bitmap_index = 15064, .adv_w = 250, .box_w = 12, .box_h = 19, .ofs_x = 2, .ofs_y = 0},
    {.bitmap_index = 15121, .adv_w = 250, .box_w = 13, .box_h = 24, .ofs_x = 1, .ofs_y = 0},
    {.bitmap_index = 15199, .adv_w = 250, .box_w = 12, .box_h = 19, .ofs_x = 2, .ofs_y = 0},
    {.bitmap_index = 15256, .adv_w = 250, .box_w = 13, .box_h = 24, .ofs_x = 1, .ofs_y = -6},
    {.bitmap_index = 15334, .adv_w = 250, .box_w = 12, .box_h = 20, .ofs_x = 2, .ofs_y = -6},
    {.bitmap_index = 15394, .adv_w = 250, .box_w = 13, .box_h = 24, .ofs_x = 1, .ofs_y = 0},
    {.bitmap_index = 15472, .adv_w = 250, .box_w = 12, .box_h = 19, .ofs_x = 2, .ofs_y = 0},
    {.bitmap_index = 15529, .adv_w = 250, .box_w = 16, .box_h = 18, .ofs_x = -1, .ofs_y = 0},
    {.bitmap_index = 15601, .adv_w = 250, .box_w = 13, .box_h = 23, .ofs_x = 1, .ofs_y = -5},
    {.bitmap_index = 15676, .adv_w = 250, .box_w = 12, .box_h = 20, .ofs_x = 2, .ofs_y = -6},
    {.bitmap_index = 15736, .adv_w = 250, .box_w = 14, .box_h = 22, .ofs_x = 1, .ofs_y = 0},
    {.bitmap_index = 15813, .adv_w = 250, .box_w = 14, .box_h = 18, .ofs_x = 1, .ofs_y = 0},
    {.bitmap_index = 15876, .adv_w = 250, .box_w = 14, .box_h = 24, .ofs_x = 1, .ofs_y = 0},
    {.bitmap_index = 15960, .adv_w = 250, .box_w = 14, .box_h = 19, .ofs_x = 1, .ofs_y = 0},
    {.bitmap_index = 16027, .adv_w = 250, .box_w = 14, .box_h = 25, .ofs_x = 1, .ofs_y = 0},
    {.bitmap_index = 16115, .adv_w = 250, .box_w = 14, .box_h = 19, .ofs_x = 1, .ofs_y = 0},
    {.bitmap_index = 16182, .adv_w = 250, .box_w = 16, .box_h = 18, .ofs_x = 0, .ofs_y = 0},
    {.bitmap_index = 16254, .adv_w = 250, .box_w = 15, .box_h = 14, .ofs_x = 0, .ofs_y = 0},
    {.bitmap_index = 16307, .adv_w = 250, .box_w = 13, .box_h = 24, .ofs_x = 2, .ofs_y = 0},
    {.bitmap_index = 16385, .adv_w = 250, .box_w = 11, .box_h = 19, .ofs_x = 3, .ofs_y = 0},
    {.bitmap_index = 16438, .adv_w = 250, .box_w = 13, .box_h = 24, .ofs_x = 2, .ofs_y = -6},
    {.bitmap_index = 16516, .adv_w = 250, .box_w = 12, .box_h = 20, .ofs_x = 2, .ofs_y = -6},
    {.bitmap_index = 16576, .adv_w = 250, .box_w = 13, .box_h = 24, .ofs_x = 2, .ofs_y = 0},
    {.bitmap_index = 16654, .adv_w = 250, .box_w = 11, .box_h = 19, .ofs_x = 3, .ofs_y = 0},
    {.bitmap_index = 16707, .adv_w = 250, .box_w = 13, .box_h = 24, .ofs_x = 1, .ofs_y = 0},
    {.bitmap_index = 16785, .adv_w = 250, .box_w = 12, .box_h = 19, .ofs_x = 2, .ofs_y = 0},
    {.bitmap_index = 16842, .adv_w = 250, .box_w = 13, .box_h = 24, .ofs_x = 1, .ofs_y = 0},
    {.bitmap_index = 16920, .adv_w = 250, .box_w = 12, .box_h = 19, .ofs_x = 2, .ofs_y = 0},
    {.bitmap_index = 16977, .adv_w = 250, .box_w = 13, .box_h = 24, .ofs_x = 1, .ofs_y = -6},
    {.bitmap_index = 17055, .adv_w = 250, .box_w = 12, .box_h = 20, .ofs_x = 2, .ofs_y = -6},
    {.bitmap_index = 17115, .adv_w = 250, .box_w = 13, .box_h = 24, .ofs_x = 1, .ofs_y = 0},
    {.bitmap_index = 17193, .adv_w = 250, .box_w = 12, .box_h = 19, .ofs_x = 2, .ofs_y = 0},
    {.bitmap_index = 17250, .adv_w = 250, .box_w = 14, .box_h = 24, .ofs_x = 1, .ofs_y = -6},
    {.bitmap_index = 17334, .adv_w = 250, .box_w = 13, .box_h = 24, .ofs_x = 1, .ofs_y = -6},
    {.bitmap_index = 17412, .adv_w = 250, .box_w = 14, .box_h = 24, .ofs_x = 1, .ofs_y = 0},
    {.bitmap_index = 17496, .adv_w = 250, .box_w = 13, .box_h = 19, .ofs_x = 1, .ofs_y = 0},
    {.bitmap_index = 17558, .adv_w = 250, .box_w = 14, .box_h = 18, .ofs_x = 1, .ofs_y = 0},
    {.bitmap_index = 17621, .adv_w = 250, .box_w = 13, .box_h = 18, .ofs_x = 1, .ofs_y = 0},
    {.bitmap_index = 17680, .adv_w = 250, .box_w = 14, .box_h = 23, .ofs_x = 1, .ofs_y = 0},
    {.bitmap_index = 17761, .adv_w = 250, .box_w = 12, .box_h = 18, .ofs_x = 2, .ofs_y = 0},
    {.bitmap_index = 17815, .adv_w = 250, .box_w = 14, .box_h = 22, .ofs_x = 1, .ofs_y = 0},
    {.bitmap_index = 17892, .adv_w = 250, .box_w = 12, .box_h = 18, .ofs_x = 2, .ofs_y = 0},
    {.bitmap_index = 17946, .adv_w = 250, .box_w = 14, .box_h = 24, .ofs_x = 1, .ofs_y = 0},
    {.bitmap_index = 18030, .adv_w = 250, .box_w = 12, .box_h = 19, .ofs_x = 2, .ofs_y = 0},
    {.bitmap_index = 18087, .adv_w = 250, .box_w = 14, .box_h = 26, .ofs_x = 1, .ofs_y = 0},
    {.bitmap_index = 18178, .adv_w = 250, .box_w = 12, .box_h = 22, .ofs_x = 2, .ofs_y = 0},
    {.bitmap_index = 18244, .adv_w = 250, .box_w = 14, .box_h = 25, .ofs_x = 1, .ofs_y = 0},
    {.bitmap_index = 18332, .adv_w = 250, .box_w = 12, .box_h = 19, .ofs_x = 2, .ofs_y = 0},
    {.bitmap_index = 18389, .adv_w = 250, .box_w = 14, .box_h = 24, .ofs_x = 1, .ofs_y = -6},
    {.bitmap_index = 18473, .adv_w = 250, .box_w = 13, .box_h = 20, .ofs_x = 2, .ofs_y = -6},
    {.bitmap_index = 18538, .adv_w = 250, .box_w = 16, .box_h = 24, .ofs_x = 0, .ofs_y = 0},
    {.bitmap_index = 18634, .adv_w = 250, .box_w = 17, .box_h = 19, .ofs_x = -1, .ofs_y = 0},
    {.bitmap_index = 18715, .adv_w = 250, .box_w = 16, .box_h = 24, .ofs_x = 0, .ofs_y = 0},
    {.bitmap_index = 18811, .adv_w = 250, .box_w = 14, .box_h = 25, .ofs_x = 1, .ofs_y = -6},
    {.bitmap_index = 18899, .adv_w = 250, .box_w = 16, .box_h = 23, .ofs_x = 0, .ofs_y = 0},
    {.bitmap_index = 18991, .adv_w = 250, .box_w = 14, .box_h = 24, .ofs_x = 1, .ofs_y = 0},
    {.bitmap_index = 19075, .adv_w = 250, .box_w = 12, .box_h = 19, .ofs_x = 2, .ofs_y = 0},
    {.bitmap_index = 19132, .adv_w = 250, .box_w = 14, .box_h = 23, .ofs_x = 1, .ofs_y = 0},
    {.bitmap_index = 19213, .adv_w = 250, .box_w = 12, .box_h = 18, .ofs_x = 2, .ofs_y = 0},
    {.bitmap_index = 19267, .adv_w = 250, .box_w = 14, .box_h = 24, .ofs_x = 1, .ofs_y = 0},
    {.bitmap_index = 19351, .adv_w = 250, .box_w = 12, .box_h = 19, .ofs_x = 2, .ofs_y = 0},
    {.bitmap_index = 19408, .adv_w = 250, .box_w = 9, .box_h = 19, .ofs_x = 4, .ofs_y = 0},
    {.bitmap_index = 19451, .adv_w = 250, .box_w = 11, .box_h = 24, .ofs_x = 2, .ofs_y = -6},
    {.bitmap_index = 19517, .adv_w = 250, .box_w = 16, .box_h = 19, .ofs_x = 1, .ofs_y = 0},
    {.bitmap_index = 19593, .adv_w = 250, .box_w = 16, .box_h = 16, .ofs_x = 1, .ofs_y = 0},
    {.bitmap_index = 19657, .adv_w = 250, .box_w = 16, .box_h = 19, .ofs_x = 1, .ofs_y = 0},
    {.bitmap_index = 19733, .adv_w = 250, .box_w = 15, .box_h = 16, .ofs_x = 2, .ofs_y = 0},
    {.bitmap_index = 19793, .adv_w = 250, .box_w = 11, .box_h = 25, .ofs_x = 1, .ofs_y = -6},
    {.bitmap_index = 19862, .adv_w = 250, .box_w = 16, .box_h = 27, .ofs_x = 0, .ofs_y = 0},
    {.bitmap_index = 19970, .adv_w = 250, .box_w = 13, .box_h = 26, .ofs_x = 1, .ofs_y = 0},
    {.bitmap_index = 20055, .adv_w = 250, .box_w = 16, .box_h = 24, .ofs_x = 0, .ofs_y = 0},
    {.bitmap_index = 20151, .adv_w = 250, .box_w = 16, .box_h = 19, .ofs_x = 0, .ofs_y = 0},
    {.bitmap_index = 20227, .adv_w = 250, .box_w = 14, .box_h = 25, .ofs_x = 1, .ofs_y = -1},
    {.bitmap_index = 20315, .adv_w = 250, .box_w = 14, .box_h = 20, .ofs_x = 1, .ofs_y = -1},
    {.bitmap_index = 20385, .adv_w = 250, .box_w = 13, .box_h = 24, .ofs_x = 1, .ofs_y = -6},
    {.bitmap_index = 20463, .adv_w = 250, .box_w = 12, .box_h = 20, .ofs_x = 2, .ofs_y = -6},
    {.bitmap_index = 20523, .adv_w = 250, .box_w = 14, .box_h = 24, .ofs_x = 1, .ofs_y = -6},
    {.bitmap_index = 20607, .adv_w = 250, .box_w = 13, .box_h = 23, .ofs_x = 1, .ofs_y = -6},
    {.bitmap_index = 20682, .adv_w = 250, .box_w = 5, .box_h = 7, .ofs_x = 5, .ofs_y = 12},
    {.bitmap_index = 20691, .adv_w = 250, .box_w = 10, .box_h = 4, .ofs_x = 3, .ofs_y = 16},
    {.bitmap_index = 20701, .adv_w = 250, .box_w = 10, .box_h = 4, .ofs_x = 3, .ofs_y = 16},
    {.bitmap_index = 20711, .adv_w = 250, .box_w = 8, .box_h = 2, .ofs_x = 4, .ofs_y = 16},
    {.bitmap_index = 20715, .adv_w = 250, .box_w = 9, .box_h = 4, .ofs_x = 3, .ofs_y = 16},
    {.bitmap_index = 20724, .adv_w = 250, .box_w = 4, .box_h = 3, .ofs_x = 6, .ofs_y = 16},
    {.bitmap_index = 20727, .adv_w = 250, .box_w = 7, .box_h = 7, .ofs_x = 4, .ofs_y = 15},
    {.bitmap_index = 20740, .adv_w = 250, .box_w = 6, .box_h = 6, .ofs_x = 5, .ofs_y = -6},
    {.bitmap_index = 20749, .adv_w = 250, .box_w = 10, .box_h = 3, .ofs_x = 3, .ofs_y = 16},
    {.bitmap_index = 20757, .adv_w = 250, .box_w = 10, .box_h = 5, .ofs_x = 3, .ofs_y = 16},
    {.bitmap_index = 20770, .adv_w = 250, .box_w = 7, .box_h = 7, .ofs_x = 4, .ofs_y = -8},
    {.bitmap_index = 20783, .adv_w = 250, .box_w = 6, .box_h = 4, .ofs_x = 5, .ofs_y = 16},
    {.bitmap_index = 20789, .adv_w = 250, .box_w = 6, .box_h = 4, .ofs_x = 5, .ofs_y = 16},
    {.bitmap_index = 20795, .adv_w = 250, .box_w = 10, .box_h = 3, .ofs_x = 3, .ofs_y = 16},
    {.bitmap_index = 20803, .adv_w = 250, .box_w = 6, .box_h = 7, .ofs_x = 5, .ofs_y = 15},
    {.bitmap_index = 20814, .adv_w = 250, .box_w = 10, .box_h = 5, .ofs_x = 2, .ofs_y = 16},
    {.bitmap_index = 20827, .adv_w = 250, .box_w = 4, .box_h = 3, .ofs_x = 6, .ofs_y = -5},
    {.bitmap_index = 20830, .adv_w = 250, .box_w = 4, .box_h = 5, .ofs_x = 6, .ofs_y = 16},
    {.bitmap_index = 20835, .adv_w = 250, .box_w = 9, .box_h = 6, .ofs_x = 3, .ofs_y = 16},
    {.bitmap_index = 20849, .adv_w = 250, .box_w = 16, .box_h = 18, .ofs_x = 0, .ofs_y = 0},
    {.bitmap_index = 20921, .adv_w = 250, .box_w = 4, .box_h = 4, .ofs_x = 6, .ofs_y = 7},
    {.bitmap_index = 20925, .adv_w = 250, .box_w = 16, .box_h = 18, .ofs_x = -2, .ofs_y = 0},
    {.bitmap_index = 20997, .adv_w = 250, .box_w = 16, .box_h = 18, .ofs_x = -2, .ofs_y = 0},
    {.bitmap_index = 21069, .adv_w = 250, .box_w = 15, .box_h = 18, .ofs_x = -2, .ofs_y = 0},
    {.bitmap_index = 21137, .adv_w = 250, .box_w = 17, .box_h = 18, .ofs_x = -2, .ofs_y = 0},
    {.bitmap_index = 21214, .adv_w = 250, .box_w = 20, .box_h = 18, .ofs_x = -4, .ofs_y = 0},
    {.bitmap_index = 21304, .adv_w = 250, .box_w = 17, .box_h = 18, .ofs_x = -2, .ofs_y = 0},
    {.bitmap_index = 21381, .adv_w = 250, .box_w = 10, .box_h = 22, .ofs_x = 3, .ofs_y = 0},
    {.bitmap_index = 21436, .adv_w = 250, .box_w = 16, .box_h = 18, .ofs_x = 0, .ofs_y = 0},
    {.bitmap_index = 21508, .adv_w = 250, .box_w = 14, .box_h = 18, .ofs_x = 1, .ofs_y = 0},
    {.bitmap_index = 21571, .adv_w = 250, .box_w = 11, .box_h = 18, .ofs_x = 3, .ofs_y = 0},
    {.bitmap_index = 21621, .adv_w = 250, .box_w = 15, .box_h = 18, .ofs_x = 0, .ofs_y = 0},
    {.bitmap_index = 21689, .adv_w = 250, .box_w = 12, .box_h = 18, .ofs_x = 2, .ofs_y = 0},
    {.bitmap_index = 21743, .adv_w = 250, .box_w = 14, .box_h = 18, .ofs_x = 1, .ofs_y = 0},
    {.bitmap_index = 21806, .adv_w = 250, .box_w = 13, .box_h = 18, .ofs_x = 1, .ofs_y = 0},
    {.bitmap_index = 21865, .adv_w = 250, .box_w = 14, .box_h = 18, .ofs_x = 1, .ofs_y = 0},
    {.bitmap_index = 21928, .adv_w = 250, .box_w = 11, .box_h = 18, .ofs_x = 2, .ofs_y = 0},
    {.bitmap_index = 21978, .adv_w = 250, .box_w = 14, .box_h = 18, .ofs_x = 2, .ofs_y = 0},
    {.bitmap_index = 22041, .adv_w = 250, .box_w = 16, .box_h = 18, .ofs_x = 0, .ofs_y = 0},
    {.bitmap_index = 22113, .adv_w = 250, .box_w = 14, .box_h = 18, .ofs_x = 1, .ofs_y = 0},
    {.bitmap_index = 22176, .adv_w = 250, .box_w = 13, .box_h = 18, .ofs_x = 1, .ofs_y = 0},
    {.bitmap_index = 22235, .adv_w = 250, .box_w = 14, .box_h = 18, .ofs_x = 1, .ofs_y = 0},
    {.bitmap_index = 22298, .adv_w = 250, .box_w = 14, .box_h = 18, .ofs_x = 1, .ofs_y = 0},
    {.bitmap_index = 22361, .adv_w = 250, .box_w = 13, .box_h = 18, .ofs_x = 1, .ofs_y = 0},
    {.bitmap_index = 22420, .adv_w = 250, .box_w = 12, .box_h = 18, .ofs_x = 2, .ofs_y = 0},
    {.bitmap_index = 22474, .adv_w = 250, .box_w = 13, .box_h = 18, .ofs_x = 1, .ofs_y = 0},
    {.bitmap_index = 22533, .adv_w = 250, .box_w = 14, .box_h = 18, .ofs_x = 1, .ofs_y = 0},
    {.bitmap_index = 22596, .adv_w = 250, .box_w = 16, .box_h = 18, .ofs_x = 0, .ofs_y = 0},
    {.bitmap_index = 22668, .adv_w = 250, .box_w = 16, .box_h = 18, .ofs_x = 0, .ofs_y = 0},
    {.bitmap_index = 22740, .adv_w = 250, .box_w = 15, .box_h = 18, .ofs_x = 0, .ofs_y = 0},
    {.bitmap_index = 22808, .adv_w = 250, .box_w = 15, .box_h = 18, .ofs_x = 0, .ofs_y = 0},
    {.bitmap_index = 22876, .adv_w = 250, .box_w = 15, .box_h = 18, .ofs_x = 0, .ofs_y = 0},
    {.bitmap_index = 22944, .adv_w = 250, .box_w = 11, .box_h = 23, .ofs_x = 2, .ofs_y = 0},
    {.bitmap_index = 23008, .adv_w = 250, .box_w = 16, .box_h = 23, .ofs_x = 0, .ofs_y = 0},
    {.bitmap_index = 23100, .adv_w = 250, .box_w = 14, .box_h = 20, .ofs_x = 1, .ofs_y = 0},
    {.bitmap_index = 23170, .adv_w = 250, .box_w = 12, .box_h = 20, .ofs_x = 2, .ofs_y = 0},
    {.bitmap_index = 23230, .adv_w = 250, .box_w = 12, .box_h = 26, .ofs_x = 2, .ofs_y = -6},
    {.bitmap_index = 23308, .adv_w = 250, .box_w = 8, .box_h = 20, .ofs_x = 5, .ofs_y = 0},
    {.bitmap_index = 23348, .adv_w = 250, .box_w = 12, .box_h = 22, .ofs_x = 2, .ofs_y = 0},
    {.bitmap_index = 23414, .adv_w = 250, .box_w = 14, .box_h = 14, .ofs_x = 1, .ofs_y = 0},
    {.bitmap_index = 23463, .adv_w = 250, .box_w = 13, .box_h = 26, .ofs_x = 2, .ofs_y = -6},
    {.bitmap_index = 23548, .adv_w = 250, .box_w = 14, .box_h = 20, .ofs_x = 1, .ofs_y = -6},
    {.bitmap_index = 23618, .adv_w = 250, .box_w = 13, .box_h = 20, .ofs_x = 1, .ofs_y = 0},
    {.bitmap_index = 23683, .adv_w = 250, .box_w = 12, .box_h = 14, .ofs_x = 2, .ofs_y = 0},
    {.bitmap_index = 23725, .adv_w = 250, .box_w = 12, .box_h = 25, .ofs_x = 2, .ofs_y = -5},
    {.bitmap_index = 23800, .adv_w = 250, .box_w = 12, .box_h = 20, .ofs_x = 2, .ofs_y = -6},
    {.bitmap_index = 23860, .adv_w = 250, .box_w = 13, .box_h = 18, .ofs_x = 1, .ofs_y = 0},
    {.bitmap_index = 23919, .adv_w = 250, .box_w = 8, .box_h = 14, .ofs_x = 5, .ofs_y = 0},
    {.bitmap_index = 23947, .adv_w = 250, .box_w = 13, .box_h = 14, .ofs_x = 2, .ofs_y = 0},
    {.bitmap_index = 23993, .adv_w = 250, .box_w = 16, .box_h = 20, .ofs_x = 0, .ofs_y = 0},
    {.bitmap_index = 24073, .adv_w = 250, .box_w = 12, .box_h = 20, .ofs_x = 2, .ofs_y = -6},
    {.bitmap_index = 24133, .adv_w = 250, .box_w = 14, .box_h = 14, .ofs_x = 0, .ofs_y = 0},
    {.bitmap_index = 24182, .adv_w = 250, .box_w = 12, .box_h = 25, .ofs_x = 2, .ofs_y = -5},
    {.bitmap_index = 24257, .adv_w = 250, .box_w = 14, .box_h = 14, .ofs_x = 1, .ofs_y = 0},
    {.bitmap_index = 24306, .adv_w = 250, .box_w = 16, .box_h = 14, .ofs_x = 0, .ofs_y = 0},
    {.bitmap_index = 24362, .adv_w = 250, .box_w = 12, .box_h = 20, .ofs_x = 2, .ofs_y = -6},
    {.bitmap_index = 24422, .adv_w = 250, .box_w = 12, .box_h = 19, .ofs_x = 2, .ofs_y = -5},
    {.bitmap_index = 24479, .adv_w = 250, .box_w = 14, .box_h = 14, .ofs_x = 1, .ofs_y = 0},
    {.bitmap_index = 24528, .adv_w = 250, .box_w = 13, .box_h = 14, .ofs_x = 1, .ofs_y = 0},
    {.bitmap_index = 24574, .adv_w = 250, .box_w = 12, .box_h = 14, .ofs_x = 2, .ofs_y = 0},
    {.bitmap_index = 24616, .adv_w = 250, .box_w = 15, .box_h = 20, .ofs_x = 0, .ofs_y = -6},
    {.bitmap_index = 24691, .adv_w = 250, .box_w = 15, .box_h = 20, .ofs_x = 0, .ofs_y = -6},
    {.bitmap_index = 24766, .adv_w = 250, .box_w = 14, .box_h = 26, .ofs_x = 1, .ofs_y = -6},
    {.bitmap_index = 24857, .adv_w = 250, .box_w = 14, .box_h = 14, .ofs_x = 1, .ofs_y = 0},
    {.bitmap_index = 24906, .adv_w = 250, .box_w = 10, .box_h = 18, .ofs_x = 3, .ofs_y = 0},
    {.bitmap_index = 24951, .adv_w = 250, .box_w = 12, .box_h = 18, .ofs_x = 2, .ofs_y = 0},
    {.bitmap_index = 25005, .adv_w = 250, .box_w = 14, .box_h = 20, .ofs_x = 1, .ofs_y = 0},
    {.bitmap_index = 25075, .adv_w = 250, .box_w = 12, .box_h = 20, .ofs_x = 2, .ofs_y = 0},
    {.bitmap_index = 25135, .adv_w = 250, .box_w = 14, .box_h = 20, .ofs_x = 1, .ofs_y = 0},
    {.bitmap_index = 25205, .adv_w = 250, .box_w = 16, .box_h = 20, .ofs_x = 0, .ofs_y = 0},
    {.bitmap_index = 25285, .adv_w = 250, .box_w = 16, .box_h = 18, .ofs_x = 0, .ofs_y = 0},
    {.bitmap_index = 25357, .adv_w = 250, .box_w = 16, .box_h = 14, .ofs_x = 0, .ofs_y = 0},
    {.bitmap_index = 25413, .adv_w = 250, .box_w = 12, .box_h = 24, .ofs_x = 2, .ofs_y = 0},
    {.bitmap_index = 25485, .adv_w = 250, .box_w = 12, .box_h = 23, .ofs_x = 2, .ofs_y = 0},
    {.bitmap_index = 25554, .adv_w = 250, .box_w = 15, .box_h = 18, .ofs_x = 0, .ofs_y = 0},
    {.bitmap_index = 25622, .adv_w = 250, .box_w = 11, .box_h = 24, .ofs_x = 3, .ofs_y = 0},
    {.bitmap_index = 25688, .adv_w = 250, .box_w = 14, .box_h = 18, .ofs_x = 1, .ofs_y = 0},
    {.bitmap_index = 25751, .adv_w = 250, .box_w = 13, .box_h = 18, .ofs_x = 1, .ofs_y = 0},
    {.bitmap_index = 25810, .adv_w = 250, .box_w = 11, .box_h = 18, .ofs_x = 2, .ofs_y = 0},
    {.bitmap_index = 25860, .adv_w = 250, .box_w = 11, .box_h = 23, .ofs_x = 2, .ofs_y = 0},
    {.bitmap_index = 25924, .adv_w = 250, .box_w = 12, .box_h = 18, .ofs_x = 1, .ofs_y = 0},
    {.bitmap_index = 25978, .adv_w = 250, .box_w = 16, .box_h = 18, .ofs_x = 0, .ofs_y = 0},
    {.bitmap_index = 26050, .adv_w = 250, .box_w = 16, .box_h = 18, .ofs_x = 0, .ofs_y = 0},
    {.bitmap_index = 26122, .adv_w = 250, .box_w = 15, .box_h = 18, .ofs_x = 0, .ofs_y = 0},
    {.bitmap_index = 26190, .adv_w = 250, .box_w = 14, .box_h = 24, .ofs_x = 2, .ofs_y = 0},
    {.bitmap_index = 26274, .adv_w = 250, .box_w = 13, .box_h = 24, .ofs_x = 1, .ofs_y = 0},
    {.bitmap_index = 26352, .adv_w = 250, .box_w = 16, .box_h = 24, .ofs_x = 0, .ofs_y = 0},
    {.bitmap_index = 26448, .adv_w = 250, .box_w = 13, .box_h = 23, .ofs_x = 1, .ofs_y = -5},
    {.bitmap_index = 26523, .adv_w = 250, .box_w = 16, .box_h = 18, .ofs_x = 0, .ofs_y = 0},
    {.bitmap_index = 26595, .adv_w = 250, .box_w = 14, .box_h = 18, .ofs_x = 1, .ofs_y = 0},
    {.bitmap_index = 26658, .adv_w = 250, .box_w = 14, .box_h = 18, .ofs_x = 1, .ofs_y = 0},
    {.bitmap_index = 26721, .adv_w = 250, .box_w = 11, .box_h = 18, .ofs_x = 3, .ofs_y = 0},
    {.bitmap_index = 26771, .adv_w = 250, .box_w = 16, .box_h = 23, .ofs_x = 0, .ofs_y = -5},
    {.bitmap_index = 26863, .adv_w = 250, .box_w = 12, .box_h = 18, .ofs_x = 2, .ofs_y = 0},
    {.bitmap_index = 26917, .adv_w = 250, .box_w = 16, .box_h = 18, .ofs_x = 0, .ofs_y = 0},
    {.bitmap_index = 26989, .adv_w = 250, .box_w = 13, .box_h = 18, .ofs_x = 1, .ofs_y = 0},
    {.bitmap_index = 27048, .adv_w = 250, .box_w = 13, .box_h = 18, .ofs_x = 1, .ofs_y = 0},
    {.bitmap_index = 27107, .adv_w = 250, .box_w = 13, .box_h = 24, .ofs_x = 1, .ofs_y = 0},
    {.bitmap_index = 27185, .adv_w = 250, .box_w = 14, .box_h = 18, .ofs_x = 2, .ofs_y = 0},
    {.bitmap_index = 27248, .adv_w = 250, .box_w = 14, .box_h = 18, .ofs_x = 0, .ofs_y = 0},
    {.bitmap_index = 27311, .adv_w = 250, .box_w = 14, .box_h = 18, .ofs_x = 1, .ofs_y = 0},
    {.bitmap_index = 27374, .adv_w = 250, .box_w = 13, .box_h = 18, .ofs_x = 1, .ofs_y = 0},
    {.bitmap_index = 27433, .adv_w = 250, .box_w = 14, .box_h = 18, .ofs_x = 1, .ofs_y = 0},
    {.bitmap_index = 27496, .adv_w = 250, .box_w = 13, .box_h = 18, .ofs_x = 1, .ofs_y = 0},
    {.bitmap_index = 27555, .adv_w = 250, .box_w = 12, .box_h = 18, .ofs_x = 2, .ofs_y = 0},
    {.bitmap_index = 27609, .adv_w = 250, .box_w = 14, .box_h = 18, .ofs_x = 1, .ofs_y = 0},
    {.bitmap_index = 27672, .adv_w = 250, .box_w = 14, .box_h = 18, .ofs_x = 1, .ofs_y = 0},
    {.bitmap_index = 27735, .adv_w = 250, .box_w = 16, .box_h = 18, .ofs_x = 0, .ofs_y = 0},
    {.bitmap_index = 27807, .adv_w = 250, .box_w = 16, .box_h = 18, .ofs_x = 0, .ofs_y = 0},
    {.bitmap_index = 27879, .adv_w = 250, .box_w = 15, .box_h = 18, .ofs_x = 0, .ofs_y = 0},
    {.bitmap_index = 27947, .adv_w = 250, .box_w = 15, .box_h = 23, .ofs_x = 1, .ofs_y = -5},
    {.bitmap_index = 28034, .adv_w = 250, .box_w = 13, .box_h = 18, .ofs_x = 1, .ofs_y = 0},
    {.bitmap_index = 28093, .adv_w = 250, .box_w = 14, .box_h = 18, .ofs_x = 1, .ofs_y = 0},
    {.bitmap_index = 28156, .adv_w = 250, .box_w = 16, .box_h = 23, .ofs_x = 0, .ofs_y = -5},
    {.bitmap_index = 28248, .adv_w = 250, .box_w = 15, .box_h = 18, .ofs_x = 0, .ofs_y = 0},
    {.bitmap_index = 28316, .adv_w = 250, .box_w = 14, .box_h = 18, .ofs_x = 1, .ofs_y = 0},
    {.bitmap_index = 28379, .adv_w = 250, .box_w = 12, .box_h = 18, .ofs_x = 2, .ofs_y = 0},
    {.bitmap_index = 28433, .adv_w = 250, .box_w = 14, .box_h = 18, .ofs_x = 0, .ofs_y = 0},
    {.bitmap_index = 28496, .adv_w = 250, .box_w = 14, .box_h = 18, .ofs_x = 1, .ofs_y = 0},
    {.bitmap_index = 28559, .adv_w = 250, .box_w = 14, .box_h = 18, .ofs_x = 0, .ofs_y = 0},
    {.bitmap_index = 28622, .adv_w = 250, .box_w = 13, .box_h = 14, .ofs_x = 1, .ofs_y = 0},
    {.bitmap_index = 28668, .adv_w = 250, .box_w = 13, .box_h = 20, .ofs_x = 1, .ofs_y = 0},
    {.bitmap_index = 28733, .adv_w = 250, .box_w = 13, .box_h = 14, .ofs_x = 2, .ofs_y = 0},
    {.bitmap_index = 28779, .adv_w = 250, .box_w = 11, .box_h = 14, .ofs_x = 3, .ofs_y = 0},
    {.bitmap_index = 28818, .adv_w = 250, .box_w = 15, .box_h = 19, .ofs_x = 0, .ofs_y = -5},
    {.bitmap_index = 28890, .adv_w = 250, .box_w = 13, .box_h = 14, .ofs_x = 1, .ofs_y = 0},
    {.bitmap_index = 28936, .adv_w = 250, .box_w = 16, .box_h = 14, .ofs_x = 0, .ofs_y = 0},
    {.bitmap_index = 28992, .adv_w = 250, .box_w = 12, .box_h = 14, .ofs_x = 2, .ofs_y = 0},
    {.bitmap_index = 29034, .adv_w = 250, .box_w = 12, .box_h = 14, .ofs_x = 2, .ofs_y = 0},
    {.bitmap_index = 29076, .adv_w = 250, .box_w = 12, .box_h = 20, .ofs_x = 2, .ofs_y = 0},
    {.bitmap_index = 29136, .adv_w = 250, .box_w = 13, .box_h = 14, .ofs_x = 2, .ofs_y = 0},
    {.bitmap_index = 29182, .adv_w = 250, .box_w = 14, .box_h = 15, .ofs_x = 0, .ofs_y = -1},
    {.bitmap_index = 29235, .adv_w = 250, .box_w = 14, .box_h = 14, .ofs_x = 1, .ofs_y = 0},
    {.bitmap_index = 29284, .adv_w = 250, .box_w = 12, .box_h = 14, .ofs_x = 2, .ofs_y = 0},
    {.bitmap_index = 29326, .adv_w = 250, .box_w = 14, .box_h = 14, .ofs_x = 1, .ofs_y = 0},
    {.bitmap_index = 29375, .adv_w = 250, .box_w = 12, .box_h = 14, .ofs_x = 2, .ofs_y = 0},
    {.bitmap_index = 29417, .adv_w = 250, .box_w = 12, .box_h = 20, .ofs_x = 2, .ofs_y = -6},
    {.bitmap_index = 29477, .adv_w = 250, .box_w = 12, .box_h = 14, .ofs_x = 2, .ofs_y = 0},
    {.bitmap_index = 29519, .adv_w = 250, .box_w = 14, .box_h = 14, .ofs_x = 1, .ofs_y = 0},
    {.bitmap_index = 29568, .adv_w = 250, .box_w = 14, .box_h = 20, .ofs_x = 1, .ofs_y = -6},
    {.bitmap_index = 29638, .adv_w = 250, .box_w = 15, .box_h = 26, .ofs_x = 0, .ofs_y = -6},
    {.bitmap_index = 29736, .adv_w = 250, .box_w = 14, .box_h = 14, .ofs_x = 1, .ofs_y = 0},
    {.bitmap_index = 29785, .adv_w = 250, .box_w = 14, .box_h = 19, .ofs_x = 1, .ofs_y = -5},
    {.bitmap_index = 29852, .adv_w = 250, .box_w = 13, .box_h = 14, .ofs_x = 1, .ofs_y = 0},
    {.bitmap_index = 29898, .adv_w = 250, .box_w = 14, .box_h = 14, .ofs_x = 1, .ofs_y = 0},
    {.bitmap_index = 29947, .adv_w = 250, .box_w = 15, .box_h = 19, .ofs_x = 1, .ofs_y = -5},
    {.bitmap_index = 30019, .adv_w = 250, .box_w = 15, .box_h = 14, .ofs_x = 0, .ofs_y = 0},
    {.bitmap_index = 30072, .adv_w = 250, .box_w = 14, .box_h = 14, .ofs_x = 1, .ofs_y = 0},
    {.bitmap_index = 30121, .adv_w = 250, .box_w = 12, .box_h = 14, .ofs_x = 2, .ofs_y = 0},
    {.bitmap_index = 30163, .adv_w = 250, .box_w = 12, .box_h = 14, .ofs_x = 2, .ofs_y = 0},
    {.bitmap_index = 30205, .adv_w = 250, .box_w = 14, .box_h = 14, .ofs_x = 1, .ofs_y = 0},
    {.bitmap_index = 30254, .adv_w = 250, .box_w = 13, .box_h = 14, .ofs_x = 1, .ofs_y = 0},
    {.bitmap_index = 30300, .adv_w = 250, .box_w = 13, .box_h = 20, .ofs_x = 1, .ofs_y = 0},
    {.bitmap_index = 30365, .adv_w = 250, .box_w = 13, .box_h = 18, .ofs_x = 1, .ofs_y = 0},
    {.bitmap_index = 30424, .adv_w = 250, .box_w = 14, .box_h = 26, .ofs_x = 0, .ofs_y = -6},
    {.bitmap_index = 30515, .adv_w = 250, .box_w = 11, .box_h = 20, .ofs_x = 3, .ofs_y = 0},
    {.bitmap_index = 30570, .adv_w = 250, .box_w = 12, .box_h = 14, .ofs_x = 2, .ofs_y = 0},
    {.bitmap_index = 30612, .adv_w = 250, .box_w = 12, .box_h = 14, .ofs_x = 2, .ofs_y = 0},
    {.bitmap_index = 30654, .adv_w = 250, .box_w = 12, .box_h = 19, .ofs_x = 2, .ofs_y = 0},
    {.bitmap_index = 30711, .adv_w = 250, .box_w = 12, .box_h = 18, .ofs_x = 2, .ofs_y = 0},
    {.bitmap_index = 30765, .adv_w = 250, .box_w = 10, .box_h = 26, .ofs_x = 1, .ofs_y = -6},
    {.bitmap_index = 30830, .adv_w = 250, .box_w = 15, .box_h = 15, .ofs_x = 0, .ofs_y = -1},
    {.bitmap_index = 30887, .adv_w = 250, .box_w = 15, .box_h = 14, .ofs_x = 1, .ofs_y = 0},
    {.bitmap_index = 30940, .adv_w = 250, .box_w = 14, .box_h = 20, .ofs_x = 0, .ofs_y = 0},
    {.bitmap_index = 31010, .adv_w = 250, .box_w = 13, .box_h = 20, .ofs_x = 2, .ofs_y = 0},
    {.bitmap_index = 31075, .adv_w = 250, .box_w = 12, .box_h = 20, .ofs_x = 2, .ofs_y = 0},
    {.bitmap_index = 31135, .adv_w = 250, .box_w = 14, .box_h = 26, .ofs_x = 1, .ofs_y = -6},
    {.bitmap_index = 31226, .adv_w = 250, .box_w = 12, .box_h = 19, .ofs_x = 2, .ofs_y = -5},
    {.bitmap_index = 31283, .adv_w = 250, .box_w = 14, .box_h = 18, .ofs_x = 1, .ofs_y = 0},
    {.bitmap_index = 31346, .adv_w = 250, .box_w = 16, .box_h = 14, .ofs_x = -1, .ofs_y = 0},
    {.bitmap_index = 31402, .adv_w = 250, .box_w = 15, .box_h = 20, .ofs_x = 0, .ofs_y = 0},
    {.bitmap_index = 31477, .adv_w = 250, .box_w = 15, .box_h = 17, .ofs_x = 0, .ofs_y = 0},
    {.bitmap_index = 31541, .adv_w = 250, .box_w = 15, .box_h = 18, .ofs_x = 1, .ofs_y = 0},
    {.bitmap_index = 31609, .adv_w = 250, .box_w = 13, .box_h = 14, .ofs_x = 2, .ofs_y = 0},
    {.bitmap_index = 31655, .adv_w = 250, .box_w = 16, .box_h = 18, .ofs_x = 0, .ofs_y = 0},
    {.bitmap_index = 31727, .adv_w = 250, .box_w = 15, .box_h = 14, .ofs_x = 0, .ofs_y = 0},
    {.bitmap_index = 31780, .adv_w = 250, .box_w = 16, .box_h = 18, .ofs_x = 1, .ofs_y = 0},
    {.bitmap_index = 31852, .adv_w = 250, .box_w = 16, .box_h = 14, .ofs_x = 1, .ofs_y = 0},
    {.bitmap_index = 31908, .adv_w = 250, .box_w = 16, .box_h = 18, .ofs_x = 0, .ofs_y = 0},
    {.bitmap_index = 31980, .adv_w = 250, .box_w = 16, .box_h = 14, .ofs_x = 0, .ofs_y = 0},
    {.bitmap_index = 32036, .adv_w = 250, .box_w = 15, .box_h = 18, .ofs_x = 1, .ofs_y = 0},
    {.bitmap_index = 32104, .adv_w = 250, .box_w = 16, .box_h = 14, .ofs_x = 1, .ofs_y = 0},
    {.bitmap_index = 32160, .adv_w = 250, .box_w = 13, .box_h = 29, .ofs_x = 1, .ofs_y = -6},
    {.bitmap_index = 32255, .adv_w = 250, .box_w = 13, .box_h = 23, .ofs_x = 1, .ofs_y = -5},
    {.bitmap_index = 32330, .adv_w = 250, .box_w = 15, .box_h = 18, .ofs_x = 0, .ofs_y = 0},
    {.bitmap_index = 32398, .adv_w = 250, .box_w = 14, .box_h = 26, .ofs_x = 1, .ofs_y = -6},
    {.bitmap_index = 32489, .adv_w = 250, .box_w = 14, .box_h = 18, .ofs_x = 1, .ofs_y = 0},
    {.bitmap_index = 32552, .adv_w = 250, .box_w = 14, .box_h = 14, .ofs_x = 1, .ofs_y = 0},
    {.bitmap_index = 32601, .adv_w = 250, .box_w = 17, .box_h = 18, .ofs_x = 0, .ofs_y = 0},
    {.bitmap_index = 32678, .adv_w = 250, .box_w = 15, .box_h = 14, .ofs_x = 1, .ofs_y = 0},
    {.bitmap_index = 32731, .adv_w = 250, .box_w = 17, .box_h = 24, .ofs_x = 0, .ofs_y = 0},
    {.bitmap_index = 32833, .adv_w = 250, .box_w = 15, .box_h = 20, .ofs_x = 1, .ofs_y = 0},
    {.bitmap_index = 32908, .adv_w = 250, .box_w = 16, .box_h = 24, .ofs_x = 0, .ofs_y = -6},
    {.bitmap_index = 33004, .adv_w = 250, .box_w = 15, .box_h = 20, .ofs_x = 1, .ofs_y = -6},
    {.bitmap_index = 33079, .adv_w = 250, .box_w = 14, .box_h = 21, .ofs_x = 1, .ofs_y = -1},
    {.bitmap_index = 33153, .adv_w = 250, .box_w = 14, .box_h = 17, .ofs_x = 1, .ofs_y = -1},
    {.bitmap_index = 33213, .adv_w = 250, .box_w = 14, .box_h = 27, .ofs_x = 1, .ofs_y = 0},
    {.bitmap_index = 33308, .adv_w = 250, .box_w = 14, .box_h = 23, .ofs_x = 1, .ofs_y = 0},
    {.bitmap_index = 33389, .adv_w = 250, .box_w = 14, .box_h = 23, .ofs_x = 1, .ofs_y = 0},
    {.bitmap_index = 33470, .adv_w = 250, .box_w = 16, .box_h = 18, .ofs_x = -1, .ofs_y = 0},
    {.bitmap_index = 33542, .adv_w = 250, .box_w = 14, .box_h = 24, .ofs_x = 1, .ofs_y = -6},
    {.bitmap_index = 33626, .adv_w = 250, .box_w = 12, .box_h = 20, .ofs_x = 2, .ofs_y = -6},
    {.bitmap_index = 33686, .adv_w = 250, .box_w = 14, .box_h = 18, .ofs_x = 1, .ofs_y = -1},
    {.bitmap_index = 33749, .adv_w = 250, .box_w = 10, .box_h = 5, .ofs_x = 3, .ofs_y = 14},
    {.bitmap_index = 33762, .adv_w = 250, .box_w = 10, .box_h = 3, .ofs_x = 3, .ofs_y = 16},
    {.bitmap_index = 33770, .adv_w = 250, .box_w = 4, .box_h = 5, .ofs_x = 6, .ofs_y = 15},
    {.bitmap_index = 33775, .adv_w = 250, .box_w = 4, .box_h = 5, .ofs_x = 6, .ofs_y = 15},
    {.bitmap_index = 33780, .adv_w = 250, .box_w = 16, .box_h = 13, .ofs_x = 0, .ofs_y = 0},
    {.bitmap_index = 33832, .adv_w = 250, .box_w = 16, .box_h = 14, .ofs_x = 0, .ofs_y = 0},
    {.bitmap_index = 33888, .adv_w = 250, .box_w = 16, .box_h = 29, .ofs_x = 1, .ofs_y = -5},
    {.bitmap_index = 34004, .adv_w = 250, .box_w = 14, .box_h = 25, .ofs_x = 2, .ofs_y = -5},
    {.bitmap_index = 34092, .adv_w = 250, .box_w = 14, .box_h = 18, .ofs_x = 0, .ofs_y = 0},
    {.bitmap_index = 34155, .adv_w = 250, .box_w = 14, .box_h = 20, .ofs_x = 0, .ofs_y = 0},
    {.bitmap_index = 34225, .adv_w = 250, .box_w = 12, .box_h = 18, .ofs_x = 2, .ofs_y = 0},
    {.bitmap_index = 34279, .adv_w = 250, .box_w = 12, .box_h = 20, .ofs_x = 2, .ofs_y = -6},
    {.bitmap_index = 34339, .adv_w = 250, .box_w = 11, .box_h = 22, .ofs_x = 3, .ofs_y = 0},
    {.bitmap_index = 34400, .adv_w = 250, .box_w = 10, .box_h = 18, .ofs_x = 3, .ofs_y = 0},
    {.bitmap_index = 34445, .adv_w = 250, .box_w = 14, .box_h = 18, .ofs_x = 1, .ofs_y = 0},
    {.bitmap_index = 34508, .adv_w = 250, .box_w = 13, .box_h = 14, .ofs_x = 1, .ofs_y = 0},
    {.bitmap_index = 34554, .adv_w = 250, .box_w = 13, .box_h = 24, .ofs_x = 2, .ofs_y = -6},
    {.bitmap_index = 34632, .adv_w = 250, .box_w = 13, .box_h = 20, .ofs_x = 2, .ofs_y = -6},
    {.bitmap_index = 34697, .adv_w = 250, .box_w = 16, .box_h = 23, .ofs_x = 0, .ofs_y = -5},
    {.bitmap_index = 34789, .adv_w = 250, .box_w = 16, .box_h = 19, .ofs_x = 0, .ofs_y = -5},
    {.bitmap_index = 34865, .adv_w = 250, .box_w = 13, .box_h = 24, .ofs_x = 1, .ofs_y = -6},
    {.bitmap_index = 34943, .adv_w = 250, .box_w = 12, .box_h = 20, .ofs_x = 2, .ofs_y = -6},
    {.bitmap_index = 35003, .adv_w = 250, .box_w = 14, .box_h = 23, .ofs_x = 2, .ofs_y = -5},
    {.bitmap_index = 35084, .adv_w = 250, .box_w = 13, .box_h = 19, .ofs_x = 2, .ofs_y = -5},
    {.bitmap_index = 35146, .adv_w = 250, .box_w = 14, .box_h = 18, .ofs_x = 2, .ofs_y = 0},
    {.bitmap_index = 35209, .adv_w = 250, .box_w = 13, .box_h = 14, .ofs_x = 2, .ofs_y = 0},
    {.bitmap_index = 35255, .adv_w = 250, .box_w = 16, .box_h = 18, .ofs_x = 0, .ofs_y = 0},
    {.bitmap_index = 35327, .adv_w = 250, .box_w = 15, .box_h = 20, .ofs_x = 0, .ofs_y = 0},
    {.bitmap_index = 35402, .adv_w = 250, .box_w = 16, .box_h = 18, .ofs_x = 0, .ofs_y = 0},
    {.bitmap_index = 35474, .adv_w = 250, .box_w = 16, .box_h = 14, .ofs_x = 0, .ofs_y = 0},
    {.bitmap_index = 35530, .adv_w = 250, .box_w = 15, .box_h = 23, .ofs_x = 1, .ofs_y = -5},
    {.bitmap_index = 35617, .adv_w = 250, .box_w = 13, .box_h = 19, .ofs_x = 2, .ofs_y = -5},
    {.bitmap_index = 35679, .adv_w = 250, .box_w = 15, .box_h = 18, .ofs_x = 1, .ofs_y = 0},
    {.bitmap_index = 35747, .adv_w = 250, .box_w = 14, .box_h = 14, .ofs_x = 2, .ofs_y = 0},
    {.bitmap_index = 35796, .adv_w = 250, .box_w = 14, .box_h = 24, .ofs_x = 1, .ofs_y = -6},
    {.bitmap_index = 35880, .adv_w = 250, .box_w = 14, .box_h = 20, .ofs_x = 1, .ofs_y = -6},
    {.bitmap_index = 35950, .adv_w = 250, .box_w = 15, .box_h = 19, .ofs_x = 1, .ofs_y = -1},
    {.bitmap_index = 36022, .adv_w = 250, .box_w = 14, .box_h = 14, .ofs_x = 1, .ofs_y = 0},
    {.bitmap_index = 36071, .adv_w = 250, .box_w = 14, .box_h = 24, .ofs_x = 1, .ofs_y = -6},
    {.bitmap_index = 36155, .adv_w = 250, .box_w = 12, .box_h = 20, .ofs_x = 2, .ofs_y = -6},
    {.bitmap_index = 36215, .adv_w = 250, .box_w = 14, .box_h = 23, .ofs_x = 1, .ofs_y = -5},
    {.bitmap_index = 36296, .adv_w = 250, .box_w = 14, .box_h = 19, .ofs_x = 1, .ofs_y = -5},
    {.bitmap_index = 36363, .adv_w = 250, .box_w = 16, .box_h = 18, .ofs_x = 0, .ofs_y = 0},
    {.bitmap_index = 36435, .adv_w = 250, .box_w = 14, .box_h = 20, .ofs_x = 1, .ofs_y = -6},
    {.bitmap_index = 36505, .adv_w = 250, .box_w = 16, .box_h = 18, .ofs_x = 0, .ofs_y = 0},
    {.bitmap_index = 36577, .adv_w = 250, .box_w = 14, .box_h = 20, .ofs_x = 1, .ofs_y = -6},
    {.bitmap_index = 36647, .adv_w = 250, .box_w = 16, .box_h = 23, .ofs_x = 0, .ofs_y = -5},
    {.bitmap_index = 36739, .adv_w = 250, .box_w = 14, .box_h = 19, .ofs_x = 1, .ofs_y = -5},
    {.bitmap_index = 36806, .adv_w = 250, .box_w = 16, .box_h = 23, .ofs_x = 0, .ofs_y = -5},
    {.bitmap_index = 36898, .adv_w = 250, .box_w = 15, .box_h = 19, .ofs_x = 0, .ofs_y = -5},
    {.bitmap_index = 36970, .adv_w = 250, .box_w = 15, .box_h = 23, .ofs_x = 1, .ofs_y = -5},
    {.bitmap_index = 37057, .adv_w = 250, .box_w = 14, .box_h = 19, .ofs_x = 1, .ofs_y = -5},
    {.bitmap_index = 37124, .adv_w = 250, .box_w = 13, .box_h = 18, .ofs_x = 1, .ofs_y = 0},
    {.bitmap_index = 37183, .adv_w = 250, .box_w = 13, .box_h = 14, .ofs_x = 1, .ofs_y = 0},
    {.bitmap_index = 37229, .adv_w = 250, .box_w = 13, .box_h = 18, .ofs_x = 1, .ofs_y = 0},
    {.bitmap_index = 37288, .adv_w = 250, .box_w = 12, .box_h = 14, .ofs_x = 2, .ofs_y = 0},
    {.bitmap_index = 37330, .adv_w = 250, .box_w = 16, .box_h = 18, .ofs_x = -1, .ofs_y = 0},
    {.bitmap_index = 37402, .adv_w = 250, .box_w = 16, .box_h = 14, .ofs_x = -1, .ofs_y = 0},
    {.bitmap_index = 37458, .adv_w = 250, .box_w = 16, .box_h = 23, .ofs_x = -1, .ofs_y = -5},
    {.bitmap_index = 37550, .adv_w = 250, .box_w = 16, .box_h = 19, .ofs_x = -1, .ofs_y = -5},
    {.bitmap_index = 37626, .adv_w = 250, .box_w = 11, .box_h = 18, .ofs_x = 2, .ofs_y = 0},
    {.bitmap_index = 37676, .adv_w = 250, .box_w = 16, .box_h = 24, .ofs_x = 0, .ofs_y = 0},
    {.bitmap_index = 37772, .adv_w = 250, .box_w = 16, .box_h = 20, .ofs_x = 0, .ofs_y = 0},
    {.bitmap_index = 37852, .adv_w = 250, .box_w = 14, .box_h = 24, .ofs_x = 1, .ofs_y = -6},
    {.bitmap_index = 37936, .adv_w = 250, .box_w = 13, .box_h = 20, .ofs_x = 2, .ofs_y = -6},
    {.bitmap_index = 38001, .adv_w = 250, .box_w = 16, .box_h = 23, .ofs_x = 0, .ofs_y = -5},
    {.bitmap_index = 38093, .adv_w = 250, .box_w = 16, .box_h = 19, .ofs_x = 0, .ofs_y = -5},
    {.bitmap_index = 38169, .adv_w = 250, .box_w = 13, .box_h = 24, .ofs_x = 1, .ofs_y = -6},
    {.bitmap_index = 38247, .adv_w = 250, .box_w = 12, .box_h = 20, .ofs_x = 2, .ofs_y = -6},
    {.bitmap_index = 38307, .adv_w = 250, .box_w = 15, .box_h = 23, .ofs_x = 1, .ofs_y = -5},
    {.bitmap_index = 38394, .adv_w = 250, .box_w = 14, .box_h = 19, .ofs_x = 2, .ofs_y = -5},
    {.bitmap_index = 38461, .adv_w = 250, .box_w = 13, .box_h = 23, .ofs_x = 1, .ofs_y = -5},
    {.bitmap_index = 38536, .adv_w = 250, .box_w = 13, .box_h = 19, .ofs_x = 1, .ofs_y = -5},
    {.bitmap_index = 38598, .adv_w = 250, .box_w = 15, .box_h = 23, .ofs_x = 1, .ofs_y = -5},
    {.bitmap_index = 38685, .adv_w = 250, .box_w = 15, .box_h = 19, .ofs_x = 1, .ofs_y = -5},
    {.bitmap_index = 38757, .adv_w = 250, .box_w = 11, .box_h = 18, .ofs_x = 2, .ofs_y = 0},
    {.bitmap_index = 38807, .adv_w = 250, .box_w = 16, .box_h = 24, .ofs_x = 0, .ofs_y = 0},
    {.bitmap_index = 38903, .adv_w = 250, .box_w = 13, .box_h = 20, .ofs_x = 1, .ofs_y = 0},
    {.bitmap_index = 38968, .adv_w = 250, .box_w = 16, .box_h = 23, .ofs_x = 0, .ofs_y = 0},
    {.bitmap_index = 39060, .adv_w = 250, .box_w = 13, .box_h = 18, .ofs_x = 1, .ofs_y = 0},
    {.bitmap_index = 39119, .adv_w = 250, .box_w = 16, .box_h = 18, .ofs_x = 0, .ofs_y = 0},
    {.bitmap_index = 39191, .adv_w = 250, .box_w = 16, .box_h = 14, .ofs_x = 0, .ofs_y = 0},
    {.bitmap_index = 39247, .adv_w = 250, .box_w = 12, .box_h = 24, .ofs_x = 2, .ofs_y = 0},
    {.bitmap_index = 39319, .adv_w = 250, .box_w = 13, .box_h = 20, .ofs_x = 1, .ofs_y = 0},
    {.bitmap_index = 39384, .adv_w = 250, .box_w = 14, .box_h = 18, .ofs_x = 1, .ofs_y = 0},
    {.bitmap_index = 39447, .adv_w = 250, .box_w = 13, .box_h = 14, .ofs_x = 1, .ofs_y = 0},
    {.bitmap_index = 39493, .adv_w = 250, .box_w = 14, .box_h = 23, .ofs_x = 1, .ofs_y = 0},
    {.bitmap_index = 39574, .adv_w = 250, .box_w = 13, .box_h = 18, .ofs_x = 1, .ofs_y = 0},
    {.bitmap_index = 39633, .adv_w = 250, .box_w = 16, .box_h = 23, .ofs_x = 0, .ofs_y = 0},
    {.bitmap_index = 39725, .adv_w = 250, .box_w = 16, .box_h = 18, .ofs_x = 0, .ofs_y = 0},
    {.bitmap_index = 39797, .adv_w = 250, .box_w = 13, .box_h = 23, .ofs_x = 1, .ofs_y = 0},
    {.bitmap_index = 39872, .adv_w = 250, .box_w = 12, .box_h = 18, .ofs_x = 2, .ofs_y = 0},
    {.bitmap_index = 39926, .adv_w = 250, .box_w = 12, .box_h = 18, .ofs_x = 2, .ofs_y = 0},
    {.bitmap_index = 39980, .adv_w = 250, .box_w = 12, .box_h = 20, .ofs_x = 2, .ofs_y = -6},
    {.bitmap_index = 40040, .adv_w = 250, .box_w = 13, .box_h = 22, .ofs_x = 1, .ofs_y = 0},
    {.bitmap_index = 40112, .adv_w = 250, .box_w = 12, .box_h = 17, .ofs_x = 2, .ofs_y = 0},
    {.bitmap_index = 40163, .adv_w = 250, .box_w = 13, .box_h = 23, .ofs_x = 1, .ofs_y = 0},
    {.bitmap_index = 40238, .adv_w = 250, .box_w = 12, .box_h = 18, .ofs_x = 2, .ofs_y = 0},
    {.bitmap_index = 40292, .adv_w = 250, .box_w = 14, .box_h = 23, .ofs_x = 1, .ofs_y = 0},
    {.bitmap_index = 40373, .adv_w = 250, .box_w = 14, .box_h = 18, .ofs_x = 1, .ofs_y = 0},
    {.bitmap_index = 40436, .adv_w = 250, .box_w = 14, .box_h = 18, .ofs_x = 1, .ofs_y = 0},
    {.bitmap_index = 40499, .adv_w = 250, .box_w = 14, .box_h = 14, .ofs_x = 1, .ofs_y = 0},
    {.bitmap_index = 40548, .adv_w = 250, .box_w = 14, .box_h = 23, .ofs_x = 1, .ofs_y = 0},
    {.bitmap_index = 40629, .adv_w = 250, .box_w = 14, .box_h = 18, .ofs_x = 1, .ofs_y = 0},
    {.bitmap_index = 40692, .adv_w = 250, .box_w = 14, .box_h = 23, .ofs_x = 0, .ofs_y = 0},
    {.bitmap_index = 40773, .adv_w = 250, .box_w = 12, .box_h = 18, .ofs_x = 2, .ofs_y = 0},
    {.bitmap_index = 40827, .adv_w = 250, .box_w = 16, .box_h = 22, .ofs_x = 0, .ofs_y = 0},
    {.bitmap_index = 40915, .adv_w = 250, .box_w = 14, .box_h = 24, .ofs_x = 1, .ofs_y = -6},
    {.bitmap_index = 40999, .adv_w = 250, .box_w = 16, .box_h = 23, .ofs_x = 0, .ofs_y = 0},
    {.bitmap_index = 41091, .adv_w = 250, .box_w = 14, .box_h = 24, .ofs_x = 1, .ofs_y = -6},
    {.bitmap_index = 41175, .adv_w = 250, .box_w = 16, .box_h = 25, .ofs_x = 0, .ofs_y = 0},
    {.bitmap_index = 41275, .adv_w = 250, .box_w = 14, .box_h = 26, .ofs_x = 1, .ofs_y = -6},
    {.bitmap_index = 41366, .adv_w = 250, .box_w = 13, .box_h = 23, .ofs_x = 1, .ofs_y = 0},
    {.bitmap_index = 41441, .adv_w = 250, .box_w = 13, .box_h = 18, .ofs_x = 1, .ofs_y = 0},
    {.bitmap_index = 41500, .adv_w = 250, .box_w = 12, .box_h = 23, .ofs_x = 3, .ofs_y = -5},
    {.bitmap_index = 41569, .adv_w = 250, .box_w = 11, .box_h = 19, .ofs_x = 3, .ofs_y = -5},
    {.bitmap_index = 41622, .adv_w = 250, .box_w = 14, .box_h = 23, .ofs_x = 1, .ofs_y = 0},
    {.bitmap_index = 41703, .adv_w = 250, .box_w = 14, .box_h = 18, .ofs_x = 1, .ofs_y = 0},
    {.bitmap_index = 41766, .adv_w = 250, .box_w = 14, .box_h = 23, .ofs_x = 1, .ofs_y = -5},
    {.bitmap_index = 41847, .adv_w = 250, .box_w = 13, .box_h = 19, .ofs_x = 1, .ofs_y = -5},
    {.bitmap_index = 41909, .adv_w = 250, .box_w = 16, .box_h = 23, .ofs_x = 0, .ofs_y = -5},
    {.bitmap_index = 42001, .adv_w = 250, .box_w = 14, .box_h = 19, .ofs_x = 1, .ofs_y = -5},
    {.bitmap_index = 42068, .adv_w = 250, .box_w = 15, .box_h = 18, .ofs_x = 0, .ofs_y = 0},
    {.bitmap_index = 42136, .adv_w = 250, .box_w = 14, .box_h = 14, .ofs_x = 1, .ofs_y = 0},
    {.bitmap_index = 42185, .adv_w = 250, .box_w = 12, .box_h = 18, .ofs_x = 1, .ofs_y = 0},
    {.bitmap_index = 42239, .adv_w = 250, .box_w = 13, .box_h = 20, .ofs_x = 1, .ofs_y = 0},
    {.bitmap_index = 42304, .adv_w = 250, .box_w = 15, .box_h = 18, .ofs_x = 0, .ofs_y = 0},
    {.bitmap_index = 42372, .adv_w = 250, .box_w = 15, .box_h = 20, .ofs_x = 0, .ofs_y = 0},
    {.bitmap_index = 42447, .adv_w = 250, .box_w = 15, .box_h = 18, .ofs_x = 0, .ofs_y = 0},
    {.bitmap_index = 42515, .adv_w = 250, .box_w = 15, .box_h = 14, .ofs_x = 0, .ofs_y = 0},
    {.bitmap_index = 42568, .adv_w = 250, .box_w = 15, .box_h = 23, .ofs_x = 0, .ofs_y = -5},
    {.bitmap_index = 42655, .adv_w = 250, .box_w = 14, .box_h = 19, .ofs_x = 1, .ofs_y = -5},
    {.bitmap_index = 42722, .adv_w = 250, .box_w = 15, .box_h = 18, .ofs_x = 0, .ofs_y = 0},
    {.bitmap_index = 42790, .adv_w = 250, .box_w = 15, .box_h = 14, .ofs_x = 0, .ofs_y = 0},
    {.bitmap_index = 42843, .adv_w = 250, .box_w = 14, .box_h = 18, .ofs_x = 1, .ofs_y = 0},
    {.bitmap_index = 42906, .adv_w = 250, .box_w = 14, .box_h = 14, .ofs_x = 1, .ofs_y = 0},
    {.bitmap_index = 42955, .adv_w = 250, .box_w = 14, .box_h = 18, .ofs_x = 1, .ofs_y = 0},
    {.bitmap_index = 43018, .adv_w = 250, .box_w = 14, .box_h = 14, .ofs_x = 1, .ofs_y = 0},
    {.bitmap_index = 43067, .adv_w = 250, .box_w = 15, .box_h = 18, .ofs_x = 0, .ofs_y = 0},
    {.bitmap_index = 43135, .adv_w = 250, .box_w = 15, .box_h = 14, .ofs_x = 0, .ofs_y = 0},
    {.bitmap_index = 43188, .adv_w = 250, .box_w = 12, .box_h = 18, .ofs_x = 2, .ofs_y = 0},
    {.bitmap_index = 43242, .adv_w = 250, .box_w = 12, .box_h = 14, .ofs_x = 2, .ofs_y = 0},
    {.bitmap_index = 43284, .adv_w = 250, .box_w = 14, .box_h = 18, .ofs_x = 0, .ofs_y = 0},
    {.bitmap_index = 43347, .adv_w = 250, .box_w = 14, .box_h = 15, .ofs_x = 0, .ofs_y = -1},
    {.bitmap_index = 43400, .adv_w = 250, .box_w = 16, .box_h = 26, .ofs_x = 0, .ofs_y = -8},
    {.bitmap_index = 43504, .adv_w = 250, .box_w = 13, .box_h = 21, .ofs_x = 1, .ofs_y = -7},
    {.bitmap_index = 43573, .adv_w = 250, .box_w = 14, .box_h = 24, .ofs_x = 1, .ofs_y = 0},
    {.bitmap_index = 43657, .adv_w = 250, .box_w = 14, .box_h = 19, .ofs_x = 1, .ofs_y = 0},
    {.bitmap_index = 43724, .adv_w = 250, .box_w = 16, .box_h = 24, .ofs_x = 0, .ofs_y = 0},
    {.bitmap_index = 43820, .adv_w = 250, .box_w = 17, .box_h = 19, .ofs_x = -1, .ofs_y = 0},
    {.bitmap_index = 43901, .adv_w = 250, .box_w = 16, .box_h = 24, .ofs_x = 0, .ofs_y = 0},
    {.bitmap_index = 43997, .adv_w = 250, .box_w = 17, .box_h = 19, .ofs_x = -1, .ofs_y = 0},
    {.bitmap_index = 44078, .adv_w = 250, .box_w = 16, .box_h = 23, .ofs_x = 0, .ofs_y = 0},
    {.bitmap_index = 44170, .adv_w = 250, .box_w = 17, .box_h = 18, .ofs_x = -1, .ofs_y = 0},
    {.bitmap_index = 44247, .adv_w = 250, .box_w = 16, .box_h = 23, .ofs_x = 0, .ofs_y = -5},
    {.bitmap_index = 44339, .adv_w = 250, .box_w = 13, .box_h = 18, .ofs_x = 1, .ofs_y = -4},
    {.bitmap_index = 44398, .adv_w = 250, .box_w = 16, .box_h = 26, .ofs_x = 0, .ofs_y = 0},
    {.bitmap_index = 44502, .adv_w = 250, .box_w = 13, .box_h = 22, .ofs_x = 1, .ofs_y = 0},
    {.bitmap_index = 44574, .adv_w = 250, .box_w = 16, .box_h = 25, .ofs_x = 0, .ofs_y = 0},
    {.bitmap_index = 44674, .adv_w = 250, .box_w = 14, .box_h = 21, .ofs_x = 1, .ofs_y = 0},
    {.bitmap_index = 44748, .adv_w = 250, .box_w = 16, .box_h = 25, .ofs_x = 0, .ofs_y = 0},
    {.bitmap_index = 44848, .adv_w = 250, .box_w = 13, .box_h = 21, .ofs_x = 1, .ofs_y = 0},
    {.bitmap_index = 44917, .adv_w = 250, .box_w = 16, .box_h = 27, .ofs_x = 0, .ofs_y = 0},
    {.bitmap_index = 45025, .adv_w = 250, .box_w = 13, .box_h = 23, .ofs_x = 1, .ofs_y = 0},
    {.bitmap_index = 45100, .adv_w = 250, .box_w = 16, .box_h = 27, .ofs_x = 0, .ofs_y = 0},
    {.bitmap_index = 45208, .adv_w = 250, .box_w = 13, .box_h = 23, .ofs_x = 1, .ofs_y = 0},
    {.bitmap_index = 45283, .adv_w = 250, .box_w = 16, .box_h = 29, .ofs_x = 0, .ofs_y = -5},
    {.bitmap_index = 45399, .adv_w = 250, .box_w = 13, .box_h = 23, .ofs_x = 1, .ofs_y = -4},
    {.bitmap_index = 45474, .adv_w = 250, .box_w = 16, .box_h = 26, .ofs_x = 0, .ofs_y = 0},
    {.bitmap_index = 45578, .adv_w = 250, .box_w = 13, .box_h = 22, .ofs_x = 1, .ofs_y = 0},
    {.bitmap_index = 45650, .adv_w = 250, .box_w = 16, .box_h = 26, .ofs_x = 0, .ofs_y = 0},
    {.bitmap_index = 45754, .adv_w = 250, .box_w = 13, .box_h = 22, .ofs_x = 1, .ofs_y = 0},
    {.bitmap_index = 45826, .adv_w = 250, .box_w = 16, .box_h = 27, .ofs_x = 0, .ofs_y = 0},
    {.bitmap_index = 45934, .adv_w = 250, .box_w = 13, .box_h = 23, .ofs_x = 1, .ofs_y = 0},
    {.bitmap_index = 46009, .adv_w = 250, .box_w = 16, .box_h = 27, .ofs_x = 0, .ofs_y = 0},
    {.bitmap_index = 46117, .adv_w = 250, .box_w = 13, .box_h = 23, .ofs_x = 1, .ofs_y = 0},
    {.bitmap_index = 46192, .adv_w = 250, .box_w = 16, .box_h = 29, .ofs_x = 0, .ofs_y = -5},
    {.bitmap_index = 46308, .adv_w = 250, .box_w = 13, .box_h = 23, .ofs_x = 1, .ofs_y = -4},
    {.bitmap_index = 46383, .adv_w = 250, .box_w = 12, .box_h = 23, .ofs_x = 2, .ofs_y = -5},
    {.bitmap_index = 46452, .adv_w = 250, .box_w = 13, .box_h = 18, .ofs_x = 1, .ofs_y = -4},
    {.bitmap_index = 46511, .adv_w = 250, .box_w = 12, .box_h = 26, .ofs_x = 2, .ofs_y = 0},
    {.bitmap_index = 46589, .adv_w = 250, .box_w = 13, .box_h = 22, .ofs_x = 1, .ofs_y = 0},
    {.bitmap_index = 46661, .adv_w = 250, .box_w = 12, .box_h = 23, .ofs_x = 2, .ofs_y = 0},
    {.bitmap_index = 46730, .adv_w = 250, .box_w = 13, .box_h = 18, .ofs_x = 1, .ofs_y = 0},
    {.bitmap_index = 46789, .adv_w = 250, .box_w = 13, .box_h = 25, .ofs_x = 2, .ofs_y = 0},
    {.bitmap_index = 46871, .adv_w = 250, .box_w = 14, .box_h = 21, .ofs_x = 1, .ofs_y = 0},
    {.bitmap_index = 46945, .adv_w = 250, .box_w = 13, .box_h = 25, .ofs_x = 1, .ofs_y = 0},
    {.bitmap_index = 47027, .adv_w = 250, .box_w = 14, .box_h = 21, .ofs_x = 0, .ofs_y = 0},
    {.bitmap_index = 47101, .adv_w = 250, .box_w = 13, .box_h = 27, .ofs_x = 2, .ofs_y = 0},
    {.bitmap_index = 47189, .adv_w = 250, .box_w = 13, .box_h = 23, .ofs_x = 1, .ofs_y = 0},
    {.bitmap_index = 47264, .adv_w = 250, .box_w = 12, .box_h = 27, .ofs_x = 2, .ofs_y = 0},
    {.bitmap_index = 47345, .adv_w = 250, .box_w = 13, .box_h = 23, .ofs_x = 1, .ofs_y = 0},
    {.bitmap_index = 47420, .adv_w = 250, .box_w = 12, .box_h = 29, .ofs_x = 2, .ofs_y = -5},
    {.bitmap_index = 47507, .adv_w = 250, .box_w = 13, .box_h = 23, .ofs_x = 1, .ofs_y = -4},
    {.bitmap_index = 47582, .adv_w = 250, .box_w = 11, .box_h = 26, .ofs_x = 2, .ofs_y = 0},
    {.bitmap_index = 47654, .adv_w = 250, .box_w = 12, .box_h = 22, .ofs_x = 2, .ofs_y = 0},
    {.bitmap_index = 47720, .adv_w = 250, .box_w = 11, .box_h = 23, .ofs_x = 2, .ofs_y = -5},
    {.bitmap_index = 47784, .adv_w = 250, .box_w = 12, .box_h = 24, .ofs_x = 2, .ofs_y = -5},
    {.bitmap_index = 47856, .adv_w = 250, .box_w = 14, .box_h = 22, .ofs_x = 1, .ofs_y = -4},
    {.bitmap_index = 47933, .adv_w = 250, .box_w = 14, .box_h = 18, .ofs_x = 1, .ofs_y = -4},
    {.bitmap_index = 47996, .adv_w = 250, .box_w = 14, .box_h = 26, .ofs_x = 1, .ofs_y = 0},
    {.bitmap_index = 48087, .adv_w = 250, .box_w = 14, .box_h = 22, .ofs_x = 1, .ofs_y = 0},
    {.bitmap_index = 48164, .adv_w = 250, .box_w = 14, .box_h = 26, .ofs_x = 1, .ofs_y = 0},
    {.bitmap_index = 48255, .adv_w = 250, .box_w = 14, .box_h = 21, .ofs_x = 1, .ofs_y = 0},
    {.bitmap_index = 48329, .adv_w = 250, .box_w = 15, .box_h = 26, .ofs_x = 0, .ofs_y = 0},
    {.bitmap_index = 48427, .adv_w = 250, .box_w = 15, .box_h = 21, .ofs_x = 0, .ofs_y = 0},
    {.bitmap_index = 48506, .adv_w = 250, .box_w = 14, .box_h = 27, .ofs_x = 1, .ofs_y = 0},
    {.bitmap_index = 48601, .adv_w = 250, .box_w = 14, .box_h = 23, .ofs_x = 1, .ofs_y = 0},
    {.bitmap_index = 48682, .adv_w = 250, .box_w = 14, .box_h = 28, .ofs_x = 1, .ofs_y = 0},
    {.bitmap_index = 48780, .adv_w = 250, .box_w = 14, .box_h = 23, .ofs_x = 1, .ofs_y = 0},
    {.bitmap_index = 48861, .adv_w = 250, .box_w = 14, .box_h = 28, .ofs_x = 1, .ofs_y = -4},
    {.bitmap_index = 48959, .adv_w = 250, .box_w = 14, .box_h = 23, .ofs_x = 1, .ofs_y = -4},
    {.bitmap_index = 49040, .adv_w = 250, .box_w = 16, .box_h = 24, .ofs_x = 1, .ofs_y = 0},
    {.bitmap_index = 49136, .adv_w = 250, .box_w = 16, .box_h = 19, .ofs_x = 1, .ofs_y = 0},
    {.bitmap_index = 49212, .adv_w = 250, .box_w = 16, .box_h = 24, .ofs_x = 1, .ofs_y = 0},
    {.bitmap_index = 49308, .adv_w = 250, .box_w = 16, .box_h = 19, .ofs_x = 1, .ofs_y = 0},
    {.bitmap_index = 49384, .adv_w = 250, .box_w = 16, .box_h = 26, .ofs_x = 1, .ofs_y = 0},
    {.bitmap_index = 49488, .adv_w = 250, .box_w = 16, .box_h = 22, .ofs_x = 1, .ofs_y = 0},
    {.bitmap_index = 49576, .adv_w = 250, .box_w = 16, .box_h = 23, .ofs_x = 1, .ofs_y = 0},
    {.bitmap_index = 49668, .adv_w = 250, .box_w = 16, .box_h = 18, .ofs_x = 1, .ofs_y = 0},
    {.bitmap_index = 49740, .adv_w = 250, .box_w = 16, .box_h = 23, .ofs_x = 1, .ofs_y = -4},
    {.bitmap_index = 49832, .adv_w = 250, .box_w = 16, .box_h = 20, .ofs_x = 1, .ofs_y = -4},
    {.bitmap_index = 49912, .adv_w = 250, .box_w = 14, .box_h = 22, .ofs_x = 1, .ofs_y = -4},
    {.bitmap_index = 49989, .adv_w = 250, .box_w = 12, .box_h = 18, .ofs_x = 2, .ofs_y = -4},
    {.bitmap_index = 50043, .adv_w = 250, .box_w = 14, .box_h = 26, .ofs_x = 1, .ofs_y = 0},
    {.bitmap_index = 50134, .adv_w = 250, .box_w = 12, .box_h = 22, .ofs_x = 2, .ofs_y = 0},
    {.bitmap_index = 50200, .adv_w = 250, .box_w = 16, .box_h = 24, .ofs_x = 1, .ofs_y = 0},
    {.bitmap_index = 50296, .adv_w = 250, .box_w = 15, .box_h = 19, .ofs_x = 2, .ofs_y = 0},
    {.bitmap_index = 50368, .adv_w = 250, .box_w = 16, .box_h = 24, .ofs_x = 1, .ofs_y = 0},
    {.bitmap_index = 50464, .adv_w = 250, .box_w = 15, .box_h = 19, .ofs_x = 2, .ofs_y = 0},
    {.bitmap_index = 50536, .adv_w = 250, .box_w = 16, .box_h = 26, .ofs_x = 1, .ofs_y = 0},
    {.bitmap_index = 50640, .adv_w = 250, .box_w = 15, .box_h = 22, .ofs_x = 2, .ofs_y = 0},
    {.bitmap_index = 50723, .adv_w = 250, .box_w = 16, .box_h = 23, .ofs_x = 1, .ofs_y = 0},
    {.bitmap_index = 50815, .adv_w = 250, .box_w = 15, .box_h = 18, .ofs_x = 2, .ofs_y = 0},
    {.bitmap_index = 50883, .adv_w = 250, .box_w = 16, .box_h = 23, .ofs_x = 1, .ofs_y = -4},
    {.bitmap_index = 50975, .adv_w = 250, .box_w = 15, .box_h = 20, .ofs_x = 2, .ofs_y = -4},
    {.bitmap_index = 51050, .adv_w = 250, .box_w = 16, .box_h = 24, .ofs_x = 0, .ofs_y = 0},
    {.bitmap_index = 51146, .adv_w = 250, .box_w = 14, .box_h = 25, .ofs_x = 1, .ofs_y = -6},
    {.bitmap_index = 51234, .adv_w = 250, .box_w = 16, .box_h = 23, .ofs_x = 0, .ofs_y = -5},
    {.bitmap_index = 51326, .adv_w = 250, .box_w = 14, .box_h = 20, .ofs_x = 1, .ofs_y = -6},
    {.bitmap_index = 51396, .adv_w = 250, .box_w = 16, .box_h = 26, .ofs_x = 0, .ofs_y = 0},
    {.bitmap_index = 51500, .adv_w = 250, .box_w = 14, .box_h = 28, .ofs_x = 1, .ofs_y = -6},
    {.bitmap_index = 51598, .adv_w = 250, .box_w = 16, .box_h = 23, .ofs_x = 0, .ofs_y = 0},
    {.bitmap_index = 51690, .adv_w = 250, .box_w = 14, .box_h = 24, .ofs_x = 1, .ofs_y = -6},
    {.bitmap_index = 51774, .adv_w = 250, .box_w = 21, .box_h = 18, .ofs_x = -4, .ofs_y = 0},
    {.bitmap_index = 51869, .adv_w = 250, .box_w = 0, .box_h = 0, .ofs_x = 0, .ofs_y = 0},
    {.bitmap_index = 51869, .adv_w = 250, .box_w = 0, .box_h = 0, .ofs_x = 0, .ofs_y = 0},
    {.bitmap_index = 51869, .adv_w = 250, .box_w = 0, .box_h = 0, .ofs_x = 0, .ofs_y = 0},
    {.bitmap_index = 51869, .adv_w = 250, .box_w = 0, .box_h = 0, .ofs_x = 0, .ofs_y = 0},
    {.bitmap_index = 51869, .adv_w = 250, .box_w = 0, .box_h = 0, .ofs_x = 0, .ofs_y = 0},
    {.bitmap_index = 51869, .adv_w = 250, .box_w = 0, .box_h = 0, .ofs_x = 0, .ofs_y = 0},
    {.bitmap_index = 51869, .adv_w = 250, .box_w = 0, .box_h = 0, .ofs_x = 0, .ofs_y = 0},
    {.bitmap_index = 51869, .adv_w = 250, .box_w = 0, .box_h = 0, .ofs_x = 0, .ofs_y = 0},
    {.bitmap_index = 51869, .adv_w = 250, .box_w = 0, .box_h = 0, .ofs_x = 0, .ofs_y = 0},
    {.bitmap_index = 51869, .adv_w = 250, .box_w = 0, .box_h = 0, .ofs_x = 0, .ofs_y = 0},
    {.bitmap_index = 51869, .adv_w = 250, .box_w = 0, .box_h = 0, .ofs_x = 0, .ofs_y = 0},
    {.bitmap_index = 51869, .adv_w = 250, .box_w = 0, .box_h = 0, .ofs_x = 0, .ofs_y = 0},
    {.bitmap_index = 51869, .adv_w = 250, .box_w = 12, .box_h = 3, .ofs_x = 2, .ofs_y = 6},
    {.bitmap_index = 51878, .adv_w = 250, .box_w = 17, .box_h = 3, .ofs_x = -1, .ofs_y = 6},
    {.bitmap_index = 51891, .adv_w = 250, .box_w = 17, .box_h = 3, .ofs_x = -1, .ofs_y = 6},
    {.bitmap_index = 51904, .adv_w = 250, .box_w = 17, .box_h = 5, .ofs_x = -1, .ofs_y = -6},
    {.bitmap_index = 51926, .adv_w = 250, .box_w = 5, .box_h = 7, .ofs_x = 5, .ofs_y = 11},
    {.bitmap_index = 51935, .adv_w = 250, .box_w = 5, .box_h = 7, .ofs_x = 5, .ofs_y = 11},
    {.bitmap_index = 51944, .adv_w = 250, .box_w = 5, .box_h = 7, .ofs_x = 5, .ofs_y = -3},
    {.bitmap_index = 51953, .adv_w = 250, .box_w = 5, .box_h = 7, .ofs_x = 5, .ofs_y = 11},
    {.bitmap_index = 51962, .adv_w = 250, .box_w = 11, .box_h = 7, .ofs_x = 2, .ofs_y = 11},
    {.bitmap_index = 51982, .adv_w = 250, .box_w = 11, .box_h = 7, .ofs_x = 2, .ofs_y = 11},
    {.bitmap_index = 52002, .adv_w = 250, .box_w = 10, .box_h = 7, .ofs_x = 3, .ofs_y = -3},
    {.bitmap_index = 52020, .adv_w = 250, .box_w = 10, .box_h = 19, .ofs_x = 3, .ofs_y = 0},
    {.bitmap_index = 52068, .adv_w = 250, .box_w = 11, .box_h = 19, .ofs_x = 2, .ofs_y = 0},
    {.bitmap_index = 52121, .adv_w = 250, .box_w = 7, .box_h = 7, .ofs_x = 4, .ofs_y = 6},
    {.bitmap_index = 52134, .adv_w = 250, .box_w = 15, .box_h = 4, .ofs_x = 0, .ofs_y = 0},
    {.bitmap_index = 52149, .adv_w = 250, .box_w = 16, .box_h = 18, .ofs_x = 0, .ofs_y = 0},
    {.bitmap_index = 52221, .adv_w = 250, .box_w = 4, .box_h = 7, .ofs_x = 6, .ofs_y = 11},
    {.bitmap_index = 52228, .adv_w = 250, .box_w = 9, .box_h = 7, .ofs_x = 3, .ofs_y = 11},
    {.bitmap_index = 52244, .adv_w = 250, .box_w = 6, .box_h = 12, .ofs_x = 5, .ofs_y = 1},
    {.bitmap_index = 52262, .adv_w = 250, .box_w = 6, .box_h = 12, .ofs_x = 5, .ofs_y = 1},
    {.bitmap_index = 52280, .adv_w = 250, .box_w = 10, .box_h = 18, .ofs_x = 3, .ofs_y = 0},
    {.bitmap_index = 52325, .adv_w = 250, .box_w = 12, .box_h = 18, .ofs_x = 2, .ofs_y = 0},
    {.bitmap_index = 52379, .adv_w = 250, .box_w = 8, .box_h = 9, .ofs_x = 4, .ofs_y = 10},
    {.bitmap_index = 52397, .adv_w = 250, .box_w = 13, .box_h = 18, .ofs_x = 1, .ofs_y = 0},
    {.bitmap_index = 52456, .adv_w = 250, .box_w = 14, .box_h = 18, .ofs_x = 1, .ofs_y = 0},
    {.bitmap_index = 52519, .adv_w = 250, .box_w = 15, .box_h = 18, .ofs_x = 1, .ofs_y = 0},
    {.bitmap_index = 52587, .adv_w = 250, .box_w = 15, .box_h = 23, .ofs_x = 1, .ofs_y = -4},
    {.bitmap_index = 52674, .adv_w = 250, .box_w = 14, .box_h = 18, .ofs_x = 1, .ofs_y = 0},
    {.bitmap_index = 52737, .adv_w = 250, .box_w = 16, .box_h = 20, .ofs_x = 0, .ofs_y = -1},
    {.bitmap_index = 52817, .adv_w = 250, .box_w = 11, .box_h = 20, .ofs_x = 2, .ofs_y = -1},
    {.bitmap_index = 52872, .adv_w = 250, .box_w = 16, .box_h = 19, .ofs_x = 0, .ofs_y = 0},
    {.bitmap_index = 52948, .adv_w = 250, .box_w = 16, .box_h = 10, .ofs_x = 0, .ofs_y = 9},
    {.bitmap_index = 52988, .adv_w = 250, .box_w = 15, .box_h = 19, .ofs_x = 0, .ofs_y = 0},
    {.bitmap_index = 53060, .adv_w = 250, .box_w = 14, .box_h = 15, .ofs_x = 1, .ofs_y = -1},
    {.bitmap_index = 53113, .adv_w = 250, .box_w = 16, .box_h = 18, .ofs_x = 0, .ofs_y = 0},
    {.bitmap_index = 53185, .adv_w = 250, .box_w = 16, .box_h = 18, .ofs_x = 0, .ofs_y = 0},
    {.bitmap_index = 53257, .adv_w = 250, .box_w = 16, .box_h = 18, .ofs_x = 0, .ofs_y = 0},
    {.bitmap_index = 53329, .adv_w = 250, .box_w = 16, .box_h = 18, .ofs_x = 0, .ofs_y = 0},
    {.bitmap_index = 53401, .adv_w = 250, .box_w = 14, .box_h = 20, .ofs_x = 1, .ofs_y = -1},
    {.bitmap_index = 53471, .adv_w = 250, .box_w = 15, .box_h = 19, .ofs_x = 0, .ofs_y = 0},
    {.bitmap_index = 53543, .adv_w = 250, .box_w = 14, .box_h = 26, .ofs_x = 1, .ofs_y = -7},
    {.bitmap_index = 53634, .adv_w = 250, .box_w = 15, .box_h = 26, .ofs_x = 0, .ofs_y = -7},
    {.bitmap_index = 53732, .adv_w = 250, .box_w = 13, .box_h = 3, .ofs_x = 1, .ofs_y = 8},
    {.bitmap_index = 53742, .adv_w = 250, .box_w = 16, .box_h = 22, .ofs_x = 0, .ofs_y = 0},
    {.bitmap_index = 53830, .adv_w = 250, .box_w = 15, .box_h = 9, .ofs_x = 0, .ofs_y = 5},
    {.bitmap_index = 53864, .adv_w = 250, .box_w = 10, .box_h = 27, .ofs_x = 3, .ofs_y = -7},
    {.bitmap_index = 53932, .adv_w = 250, .box_w = 13, .box_h = 10, .ofs_x = 1, .ofs_y = 4},
    {.bitmap_index = 53965, .adv_w = 250, .box_w = 13, .box_h = 15, .ofs_x = 1, .ofs_y = 2},
    {.bitmap_index = 54014, .adv_w = 250, .box_w = 13, .box_h = 16, .ofs_x = 1, .ofs_y = 0},
    {.bitmap_index = 54066, .adv_w = 250, .box_w = 13, .box_h = 16, .ofs_x = 1, .ofs_y = 0},
    {.bitmap_index = 54118, .adv_w = 250, .box_w = 14, .box_h = 19, .ofs_x = 1, .ofs_y = 0},
    {.bitmap_index = 54185, .adv_w = 250, .box_w = 14, .box_h = 19, .ofs_x = 0, .ofs_y = 0},
    {.bitmap_index = 54252, .adv_w = 250, .box_w = 14, .box_h = 19, .ofs_x = 0, .ofs_y = 0},
    {.bitmap_index = 54319, .adv_w = 250, .box_w = 14, .box_h = 19, .ofs_x = 0, .ofs_y = 0},
    {.bitmap_index = 54386, .adv_w = 250, .box_w = 14, .box_h = 19, .ofs_x = 0, .ofs_y = 0},
    {.bitmap_index = 54453, .adv_w = 250, .box_w = 0, .box_h = 0, .ofs_x = 0, .ofs_y = 0},
    {.bitmap_index = 54453, .adv_w = 250, .box_w = 15, .box_h = 25, .ofs_x = 0, .ofs_y = -5},
    {.bitmap_index = 54547, .adv_w = 250, .box_w = 16, .box_h = 24, .ofs_x = 0, .ofs_y = -4}
};

/*---------------------
 *  CHARACTER MAPPING
 *--------------------*/

static const uint16_t unicode_list_2[] = {
    0x0, 0xe, 0xf, 0x1d, 0x1e, 0x5e, 0x68, 0x69,
    0x6a, 0x6b, 0x6c, 0x6d, 0x86, 0x87, 0x88, 0x89,
    0x12a, 0x134, 0x135, 0x137, 0x146, 0x147, 0x148, 0x149,
    0x14a, 0x14b, 0x161, 0x16e, 0x16f, 0x171, 0x177, 0x17d,
    0x191, 0x1f2, 0x1f3, 0x1f4, 0x1f5, 0x1f6, 0x1f7, 0x1f8,
    0x1fa
};

static const uint8_t glyph_id_ofs_list_5[] = {
    0, 1, 0, 0, 0, 2
};

static const uint16_t unicode_list_8[] = {
    0x0, 0x1, 0x3e, 0x3f, 0x80, 0x81, 0x82, 0x83,
    0x84, 0x85
};

static const uint16_t unicode_list_10[] = {
    0x0, 0xb3, 0xb4, 0xb5, 0xb6, 0xb7, 0xb8, 0xb9,
    0xba, 0xbb, 0xbc, 0xbd, 0xbe, 0xc6, 0xc7, 0xc8,
    0xca, 0xcb, 0xcc, 0xcd, 0xce, 0xcf, 0xd0, 0xd1,
    0xd3, 0xd4, 0xd5, 0xd9, 0xe3, 0xe5, 0xe6, 0xec,
    0xed, 0xef, 0xf7, 0x132, 0x156, 0x157, 0x15a, 0x15e,
    0x15f, 0x1b8, 0x1c6, 0x1c9, 0x1d5, 0x1d9, 0x1e1, 0x20e,
    0x20f, 0x210, 0x211, 0x2b5, 0x2b9, 0x2c2, 0x2c4, 0x2c5,
    0x2cd, 0x2d1, 0x2de, 0x2fb, 0x313, 0x317, 0x318, 0x67d,
    0xdbb4, 0xdbb5, 0xdbb6, 0xdbb7, 0xdfb2, 0xe0af, 0xe0b0
};

/*Collect the unicode lists and glyph_id offsets*/
static const lv_font_fmt_txt_cmap_t cmaps[] =
{
    {
        .range_start = 32, .range_length = 95, .glyph_id_start = 1,
        .unicode_list = NULL, .glyph_id_ofs_list = NULL, .list_length = 0, .type = LV_FONT_FMT_TXT_CMAP_FORMAT0_TINY
    },
    {
        .range_start = 160, .range_length = 224, .glyph_id_start = 96,
        .unicode_list = NULL, .glyph_id_ofs_list = NULL, .list_length = 0, .type = LV_FONT_FMT_TXT_CMAP_FORMAT0_TINY
    },
    {
        .range_start = 402, .range_length = 507, .glyph_id_start = 320,
        .unicode_list = unicode_list_2, .glyph_id_ofs_list = NULL, .list_length = 41, .type = LV_FONT_FMT_TXT_CMAP_SPARSE_TINY
    },
    {
        .range_start = 910, .range_length = 20, .glyph_id_start = 361,
        .unicode_list = NULL, .glyph_id_ofs_list = NULL, .list_length = 0, .type = LV_FONT_FMT_TXT_CMAP_FORMAT0_TINY
    },
    {
        .range_start = 931, .range_length = 44, .glyph_id_start = 381,
        .unicode_list = NULL, .glyph_id_ofs_list = NULL, .list_length = 0, .type = LV_FONT_FMT_TXT_CMAP_FORMAT0_TINY
    },
    {
        .range_start = 977, .range_length = 6, .glyph_id_start = 425,
        .unicode_list = NULL, .glyph_id_ofs_list = glyph_id_ofs_list_5, .list_length = 6, .type = LV_FONT_FMT_TXT_CMAP_FORMAT0_FULL
    },
    {
        .range_start = 1024, .range_length = 135, .glyph_id_start = 428,
        .unicode_list = NULL, .glyph_id_ofs_list = NULL, .list_length = 0, .type = LV_FONT_FMT_TXT_CMAP_FORMAT0_TINY
    },
    {
        .range_start = 1160, .range_length = 140, .glyph_id_start = 563,
        .unicode_list = NULL, .glyph_id_ofs_list = NULL, .list_length = 0, .type = LV_FONT_FMT_TXT_CMAP_FORMAT0_TINY
    },
    {
        .range_start = 7680, .range_length = 134, .glyph_id_start = 703,
        .unicode_list = unicode_list_8, .glyph_id_ofs_list = NULL, .list_length = 10, .type = LV_FONT_FMT_TXT_CMAP_SPARSE_TINY
    },
    {
        .range_start = 7840, .range_length = 90, .glyph_id_start = 713,
        .unicode_list = NULL, .glyph_id_ofs_list = NULL, .list_length = 0, .type = LV_FONT_FMT_TXT_CMAP_FORMAT0_TINY
    },
    {
        .range_start = 8013, .range_length = 57521, .glyph_id_start = 803,
        .unicode_list = unicode_list_10, .glyph_id_ofs_list = NULL, .list_length = 71, .type = LV_FONT_FMT_TXT_CMAP_SPARSE_TINY
    }
};



/*--------------------
 *  ALL CUSTOM DATA
 *--------------------*/

#if LV_VERSION_CHECK(8, 0, 0)
/*Store all the custom data of the font*/
static  lv_font_fmt_txt_glyph_cache_t cache;
static const lv_font_fmt_txt_dsc_t font_dsc = {
#else
static lv_font_fmt_txt_dsc_t font_dsc = {
#endif
    .glyph_bitmap = glyph_bitmap,
    .glyph_dsc = glyph_dsc,
    .cmaps = cmaps,
    .kern_dsc = NULL,
    .kern_scale = 0,
    .cmap_num = 11,
    .bpp = 2,
    .kern_classes = 0,
    .bitmap_format = 0,
#if LV_VERSION_CHECK(8, 0, 0)
    .cache = &cache
#endif
};


/*-----------------
 *  PUBLIC FONT
 *----------------*/

/*Initialize a public general font descriptor*/
#if LV_VERSION_CHECK(8, 0, 0)
const lv_font_t normal_2 = {
#else
const lv_font_t normal_2 = {
#endif
    .get_glyph_dsc = lv_font_get_glyph_dsc_fmt_txt,    /*Function pointer to get glyph's data*/
    .get_glyph_bitmap = lv_font_get_bitmap_fmt_txt,    /*Function pointer to get glyph's bitmap*/
    .line_height = 36,          /*The maximum line height required by the font*/
    .base_line = 8,             /*Baseline measured from the bottom of the line*/
#if !(LVGL_VERSION_MAJOR == 6 && LVGL_VERSION_MINOR == 0)
    .subpx = LV_FONT_SUBPX_NONE,
#endif
#if LV_VERSION_CHECK(7, 4, 0) || LVGL_VERSION_MAJOR >= 8
    .underline_position = -2,
    .underline_thickness = 1,
#endif
    .dsc = &font_dsc           /*The custom font data. Will be accessed by `get_glyph_bitmap/dsc` */
};



#endif /*#if NORMAL_2*/
